Fecha;DiaSemana;Hora;Ticks;Media;P50;P75;P90;P99;Max;MediaTiempo;P50Tiempo;P90Tiempo;SegundosCubiertos;Punto
2026.01.02;5;1;7274;10.46;9;12;13;50;62;9.45;8;12;3598;0.01
2026.01.02;5;2;7794;8.44;8;11;12;12;70;8.05;8;12;3600;0.01
2026.01.02;5;3;9579;7.68;6;11;12;12;49;7.75;6;12;3600;0.01
2026.01.02;5;4;8634;8.41;8;12;12;12;42;7.93;7;12;3600;0.01
2026.01.02;5;5;9273;8.27;8;12;12;12;65;8.11;7;12;3600;0.01
2026.01.02;5;6;7784;6.98;6;8;12;12;22;6.71;5;12;3600;0.01
2026.01.02;5;7;7476;8.69;9;12;12;12;40;8.34;8;12;3600;0.01
2026.01.02;5;8;7377;10.03;10;12;14;32;70;9.55;10;14;3600;0.01
2026.01.02;5;9;9855;9.38;9;11;12;32;70;9.07;9;12;3600;0.01
2026.01.02;5;10;9241;10.88;10;12;15;42;70;9.91;10;13;3600;0.01
2026.01.02;5;11;8146;9.62;8;12;14;39;70;8.47;7;12;3600;0.01
2026.01.02;5;12;7368;9.30;10;11;11;11;57;9.23;10;11;3600;0.01
2026.01.02;5;13;6593;7.90;7;11;11;11;65;7.64;7;11;3600;0.01
2026.01.02;5;14;8352;8.92;10;10;10;10;42;8.86;10;10;3600;0.01
2026.01.02;5;15;13244;8.78;10;10;10;10;70;8.61;10;10;3600;0.01
2026.01.02;5;16;16472;11.24;9;12;17;58;70;10.08;8;15;3600;0.01
2026.01.02;5;17;18373;9.71;9;10;13;52;70;9.34;8;13;3600;0.01
2026.01.02;5;18;17593;7.52;7;10;10;10;58;7.39;7;10;3600;0.01
2026.01.02;5;19;14647;7.62;7;10;11;11;55;7.57;7;11;3600;0.01
2026.01.02;5;20;13531;7.72;7;11;11;11;45;7.67;7;11;3600;0.01
2026.01.02;5;21;12658;7.45;7;10;11;11;38;7.39;7;11;3600;0.01
2026.01.02;5;22;9881;7.78;8;11;11;11;48;7.73;8;11;3600;0.01
2026.01.02;5;23;3592;20.61;9;40;70;70;70;19.31;8;40;3419;0.01
2026.01.05;1;1;10349;11.87;7;10;35;50;70;9.97;6;14;3598;0.01
2026.01.05;1;2;11199;8.19;8;10;12;12;44;7.99;7;12;3600;0.01
2026.01.05;1;3;17021;8.85;9;12;12;12;70;8.66;8;12;3600;0.01
2026.01.05;1;4;14321;6.84;6;8;12;12;70;6.65;6;11;3600;0.01
2026.01.05;1;5;12806;6.31;5;7;10;12;51;6.13;5;9;3600;0.01
2026.01.05;1;6;7439;7.79;7;10;12;12;56;7.34;6;12;3600;0.01
2026.01.05;1;7;9776;9.90;11;12;12;12;12;9.38;10;12;3600;0.01
2026.01.05;1;8;12312;9.78;11;12;12;12;59;9.50;10;12;3600;0.01
2026.01.05;1;9;10064;8.72;9;11;11;11;31;8.54;9;11;3600;0.01
2026.01.05;1;10;10356;8.47;9;11;11;11;58;8.27;9;11;3600;0.01
2026.01.05;1;11;9991;8.24;8;11;11;11;70;8.22;8;11;3600;0.01
2026.01.05;1;12;8630;8.15;8;11;11;11;24;7.94;8;11;3600;0.01
2026.01.05;1;13;11863;9.32;11;11;11;11;29;9.13;10;11;3600;0.01
2026.01.05;1;14;11594;7.99;9;10;10;10;27;7.90;8;10;3600;0.01
2026.01.05;1;15;15471;8.71;10;10;10;10;54;8.58;10;10;3600;0.01
2026.01.05;1;16;17301;10.11;10;10;11;38;70;9.88;10;10;3600;0.01
2026.01.05;1;17;16905;9.62;9;10;13;49;70;9.10;8;12;3600;0.01
2026.01.05;1;18;12887;8.49;8;10;12;29;70;7.97;7;11;3600;0.01
2026.01.05;1;19;12469;7.94;7;10;11;28;70;7.47;6;11;3600;0.01
2026.01.05;1;20;9862;7.75;7;11;11;11;30;7.46;7;11;3600;0.01
2026.01.05;1;21;10364;7.75;7;10;11;11;29;7.54;7;11;3600;0.01
2026.01.05;1;22;10748;7.43;7;10;11;11;11;7.41;6;11;3600;0.01
2026.01.05;1;23;3749;14.59;8;11;40;40;56;17.36;8;40;3536;0.01
2026.01.06;2;1;6282;9.68;8;12;12;50;70;8.52;7;12;3598;0.01
2026.01.06;2;2;8219;8.29;7;12;12;12;58;8.00;6;12;3600;0.01
2026.01.06;2;3;13484;8.62;8;12;12;12;66;8.46;8;12;3600;0.01
2026.01.06;2;4;13090;7.98;7;11;12;12;46;7.81;7;12;3600;0.01
2026.01.06;2;5;9090;8.11;7;11;12;20;47;7.68;6;12;3600;0.01
2026.01.06;2;6;5886;8.14;7;12;12;12;48;7.46;6;12;3600;0.01
2026.01.06;2;7;10431;9.56;11;12;12;12;58;9.17;10;12;3600;0.01
2026.01.06;2;8;11641;8.10;7;11;12;12;43;7.96;7;12;3600;0.01
2026.01.06;2;9;8909;9.76;9;11;13;37;67;8.73;8;12;3600;0.01
2026.01.06;2;10;9845;9.07;9;11;11;23;70;8.49;9;11;3600;0.01
2026.01.06;2;11;10373;10.11;11;11;13;34;70;9.20;9;13;3600;0.01
2026.01.06;2;12;9058;7.27;7;9;11;11;50;7.00;6;11;3600;0.01
2026.01.06;2;13;7889;8.80;9;11;11;11;57;8.63;9;11;3600;0.01
2026.01.06;2;14;8831;7.94;8;10;10;10;49;7.77;8;10;3600;0.01
2026.01.06;2;15;14906;8.48;9;10;10;10;64;8.41;9;10;3600;0.01
2026.01.06;2;16;16176;11.21;10;11;16;63;70;10.48;10;14;3600;0.01
2026.01.06;2;17;17244;8.49;10;10;10;10;65;8.41;10;10;3600;0.01
2026.01.06;2;18;14323;7.95;8;10;10;10;48;7.84;8;10;3600;0.01
2026.01.06;2;19;11684;7.68;7;10;11;11;39;7.47;7;11;3600;0.01
2026.01.06;2;20;10977;7.59;7;10;11;11;42;7.28;6;11;3600;0.01
2026.01.06;2;21;10504;8.07;8;11;11;11;37;7.78;7;11;3600;0.01
2026.01.06;2;22;9088;7.75;7;11;11;11;34;7.44;6;11;3600;0.01
2026.01.06;2;23;4073;13.21;9;11;40;70;70;14.96;8;40;3539;0.01
2026.01.07;3;1;6204;9.93;10;12;14;30;50;9.31;10;14;3598;0.01
2026.01.07;3;2;7987;9.66;10;12;14;27;51;9.01;8;14;3600;0.01
2026.01.07;3;3;15138;9.08;10;12;12;12;47;8.88;9;12;3600;0.01
2026.01.07;3;4;11536;8.55;8;12;12;12;49;8.35;8;12;3601;0.01
2026.01.07;3;5;10958;8.34;8;11;12;12;27;8.44;8;12;3599;0.01
2026.01.07;3;6;9211;9.31;10;12;12;12;41;9.11;10;12;3600;0.01
2026.01.07;3;7;11973;9.66;12;12;12;12;56;8.82;9;12;3600;0.01
2026.01.07;3;8;12507;8.36;7;12;12;12;53;8.40;8;12;3600;0.01
2026.01.07;3;9;9219;9.40;9;11;11;11;34;9.24;9;11;3600;0.01
2026.01.07;3;10;9062;8.33;9;11;11;11;52;8.11;8;11;3600;0.01
2026.01.07;3;11;8020;8.74;9;11;12;15;34;8.22;8;11;3600;0.01
2026.01.07;3;12;7263;8.09;8;11;11;11;41;7.77;7;11;3600;0.01
2026.01.07;3;13;7963;10.03;11;11;11;11;49;9.94;11;11;3600;0.01
2026.01.07;3;14;12177;7.99;9;10;10;10;63;7.85;8;10;3600;0.01
2026.01.07;3;15;16581;12.22;10;13;17;69;70;11.52;10;16;3600;0.01
2026.01.07;3;16;16822;10.07;10;10;12;56;70;9.74;10;11;3600;0.01
2026.01.07;3;17;16978;8.62;8;10;11;31;70;8.35;8;11;3600;0.01
2026.01.07;3;18;14290;7.70;8;10;10;10;70;7.51;7;10;3600;0.01
2026.01.07;3;19;11414;7.58;7;10;11;11;37;7.45;7;11;3600;0.01
2026.01.07;3;20;11275;7.48;7;10;11;11;26;7.24;6;11;3600;0.01
2026.01.07;3;21;9782;7.48;6;11;11;11;25;7.21;6;11;3600;0.01
2026.01.07;3;22;10818;8.47;8;11;12;17;43;8.13;8;12;3600;0.01
2026.01.07;3;23;4026;14.07;7;12;40;40;41;17.51;8;40;3540;0.01
2026.01.08;4;1;4833;9.91;8;10;14;50;50;8.69;8;12;3598;0.01
2026.01.08;4;2;8124;11.54;12;14;15;31;70;10.56;11;14;3600;0.01
2026.01.08;4;3;12791;10.28;11;12;12;12;25;10.12;11;12;3600;0.01
2026.01.08;4;4;11891;8.12;7;12;12;12;60;7.63;6;12;3600;0.01
2026.01.08;4;5;9757;6.98;6;9;12;12;23;6.58;5;11;3600;0.01
2026.01.08;4;6;7337;8.83;9;12;12;12;34;8.65;8;12;3600;0.01
2026.01.08;4;7;13361;10.82;12;12;12;12;70;10.76;12;12;3600;0.01
2026.01.08;4;8;15525;8.00;8;10;12;12;59;7.80;7;12;3600;0.01
2026.01.08;4;9;10700;9.11;9;11;12;24;47;8.69;9;12;3600;0.01
2026.01.08;4;10;11732;9.77;10;11;12;23;51;9.27;10;12;3600;0.01
2026.01.08;4;11;9886;7.49;7;10;11;11;26;7.24;6;11;3600;0.01
2026.01.08;4;12;7880;8.88;9;11;11;12;70;8.42;9;11;3600;0.01
2026.01.08;4;13;8579;8.22;9;11;11;11;37;8.04;8;11;3600;0.01
2026.01.08;4;14;13117;7.46;7;10;10;10;44;7.30;7;10;3600;0.01
2026.01.08;4;15;15766;11.06;10;11;15;36;70;10.82;10;14;3600;0.01
2026.01.08;4;16;16373;8.99;10;10;10;10;60;8.88;10;10;3600;0.01
2026.01.08;4;17;16860;7.57;7;10;10;16;70;7.46;7;10;3600;0.01
2026.01.08;4;18;14519;7.41;7;9;10;18;54;7.25;6;10;3600;0.01
2026.01.08;4;19;10962;7.13;6;8;11;17;56;6.87;6;11;3600;0.01
2026.01.08;4;20;11049;8.03;8;11;11;11;40;7.76;7;11;3600;0.01
2026.01.08;4;21;8950;7.60;7;10;11;11;30;7.34;6;11;3600;0.01
2026.01.08;4;22;11828;8.22;8;11;11;15;66;7.95;8;11;3600;0.01
2026.01.08;4;23;4927;14.42;8;11;40;40;55;17.50;9;40;3540;0.01
2026.01.09;5;1;5915;9.48;8;10;13;36;70;8.36;7;11;3598;0.01
2026.01.09;5;2;7064;9.18;10;12;12;12;32;8.74;9;12;3600;0.01
2026.01.09;5;3;13785;9.00;9;12;12;12;44;8.77;9;12;3600;0.01
2026.01.09;5;4;10625;7.09;6;8;11;12;33;6.79;6;10;3600;0.01
2026.01.09;5;5;8428;8.99;9;12;12;12;33;8.58;9;12;3600;0.01
2026.01.09;5;6;6274;8.28;8;12;12;12;28;7.96;7;12;3600;0.01
2026.01.09;5;7;9405;8.37;8;12;12;12;32;8.18;8;12;3600;0.01
2026.01.09;5;8;9529;8.43;8;12;12;12;12;8.26;8;12;3600;0.01
2026.01.09;5;9;6995;9.32;9;10;12;20;38;8.93;9;12;3600;0.01
2026.01.09;5;10;8230;9.17;9;11;12;19;55;8.65;9;12;3600;0.01
2026.01.09;5;11;7601;7.80;8;10;11;11;42;7.43;7;11;3600;0.01
2026.01.09;5;12;5585;8.37;9;11;11;11;35;8.33;9;11;3600;0.01
2026.01.09;5;13;6069;8.89;10;11;11;11;26;8.64;9;11;3600;0.01
2026.01.09;5;14;9439;8.40;9;10;10;10;31;8.34;9;10;3600;0.01
2026.01.09;5;15;16810;15.19;10;13;27;70;70;14.07;10;21;3600;0.01
2026.01.09;5;16;18228;9.82;10;10;13;26;70;9.52;10;13;3600;0.01
2026.01.09;5;17;18002;8.51;7;9;13;36;70;8.15;7;12;3600;0.01
2026.01.09;5;18;14474;8.18;9;10;10;10;48;8.08;9;10;3600;0.01
2026.01.09;5;19;14117;9.66;9;11;12;58;70;9.05;8;11;3600;0.01
2026.01.09;5;20;13112;7.33;6;9;11;16;43;7.11;6;11;3600;0.01
2026.01.09;5;21;9132;6.86;6;8;11;11;66;6.68;6;11;3600;0.01
2026.01.09;5;22;10318;7.34;7;10;11;11;41;7.11;6;11;3600;0.01
2026.01.09;5;23;4015;16.13;8;40;40;40;60;16.46;7;40;3418;0.01
2026.01.12;1;1;10162;11.00;9;12;15;50;70;10.20;8;12;3598;0.01
2026.01.12;1;2;13940;9.63;11;12;12;12;63;9.52;11;12;3600;0.01
2026.01.12;1;3;17692;8.86;9;12;12;12;44;8.71;9;12;3600;0.01
2026.01.12;1;4;14295;8.93;9;12;12;12;57;8.71;9;12;3600;0.01
2026.01.12;1;5;9947;8.19;8;11;12;12;45;8.05;7;12;3600;0.01
2026.01.12;1;6;8539;7.93;7;11;12;12;33;7.69;7;12;3600;0.01
2026.01.12;1;7;10117;9.25;10;12;12;12;39;9.10;10;12;3600;0.01
2026.01.12;1;8;11210;8.22;8;12;12;12;25;8.07;7;12;3600;0.01
2026.01.12;1;9;10124;8.58;9;11;11;11;50;8.26;8;11;3600;0.01
2026.01.12;1;10;10353;8.92;10;11;11;11;46;8.63;10;11;3600;0.01
2026.01.12;1;11;9303;8.24;8;11;11;11;39;8.13;8;11;3600;0.01
2026.01.12;1;12;7873;8.29;8;11;11;11;34;7.91;8;11;3600;0.01
2026.01.12;1;13;8358;8.87;10;11;11;11;24;8.63;9;11;3600;0.01
2026.01.12;1;14;10386;7.35;7;9;10;10;30;7.19;7;10;3600;0.01
2026.01.12;1;15;14918;9.24;10;10;10;10;61;9.17;10;10;3600;0.01
2026.01.12;1;16;18204;9.53;10;10;10;10;70;9.50;10;10;3600;0.01
2026.01.12;1;17;16283;7.26;7;9;10;10;70;7.20;7;10;3600;0.01
2026.01.12;1;18;12847;7.84;8;10;10;10;43;7.66;8;10;3600;0.01
2026.01.12;1;19;11344;8.28;8;11;11;20;37;7.95;7;11;3600;0.01
2026.01.12;1;20;11473;7.67;7;10;11;18;39;7.29;6;11;3600;0.01
2026.01.12;1;21;9605;7.51;7;10;11;11;21;7.29;6;11;3600;0.01
2026.01.12;1;22;12420;8.34;8;11;11;18;70;8.04;7;11;3600;0.01
2026.01.12;1;23;5250;15.54;8;26;40;40;40;17.41;7;40;3539;0.01
2026.01.13;2;1;9744;11.08;8;12;17;70;70;9.68;7;15;3598;0.01
2026.01.13;2;2;7527;9.09;8;12;12;47;70;8.56;7;12;3600;0.01
2026.01.13;2;3;14361;8.73;9;12;12;12;69;8.61;9;12;3600;0.01
2026.01.13;2;4;11774;8.34;8;12;12;12;48;8.04;7;12;3600;0.01
2026.01.13;2;5;7556;8.20;8;12;12;12;37;7.98;7;12;3600;0.01
2026.01.13;2;6;5079;8.31;8;12;12;12;54;7.96;7;12;3600;0.01
2026.01.13;2;7;9627;8.21;8;11;12;12;27;7.74;7;12;3600;0.01
2026.01.13;2;8;12739;8.96;10;12;12;12;39;8.94;10;12;3600;0.01
2026.01.13;2;9;8425;8.74;9;11;11;11;25;8.54;9;11;3600;0.01
2026.01.13;2;10;9451;8.43;9;11;11;11;30;8.20;8;11;3600;0.01
2026.01.13;2;11;7692;8.15;8;11;11;11;70;7.91;7;11;3600;0.01
2026.01.13;2;12;7357;7.97;8;11;11;11;25;7.84;7;11;3600;0.01
2026.01.13;2;13;7206;8.50;9;11;11;11;70;8.06;8;11;3600;0.01
2026.01.13;2;14;7777;8.55;9;10;10;10;38;8.42;9;10;3600;0.01
2026.01.13;2;15;16859;14.96;12;14;23;70;70;14.17;11;20;3600;0.01
2026.01.13;2;16;17167;10.52;10;10;13;69;70;9.94;10;12;3600;0.01
2026.01.13;2;17;17814;9.88;10;10;13;48;70;9.38;9;12;3600;0.01
2026.01.13;2;18;14596;7.62;8;10;10;10;46;7.42;7;10;3600;0.01
2026.01.13;2;19;13396;9.11;9;11;12;31;70;8.61;8;12;3600;0.01
2026.01.13;2;20;15413;7.97;7;10;11;31;70;7.61;6;11;3600;0.01
2026.01.13;2;21;11789;7.85;6;11;12;22;52;7.37;6;11;3600;0.01
2026.01.13;2;22;12308;7.65;7;10;11;11;48;7.39;7;11;3600;0.01
2026.01.13;2;23;5054;12.97;8;11;40;70;70;15.02;8;40;3540;0.01
2026.01.14;3;1;6033;9.05;8;12;12;38;50;8.40;7;12;3598;0.01
2026.01.14;3;2;8949;8.88;8;12;12;31;70;8.45;7;12;3600;0.01
2026.01.14;3;3;12864;8.62;9;12;12;12;39;8.35;8;12;3600;0.01
2026.01.14;3;4;10506;8.46;8;12;12;12;30;8.17;7;12;3600;0.01
2026.01.14;3;5;9852;8.92;9;12;12;12;33;8.63;9;12;3601;0.01
2026.01.14;3;6;7629;7.94;7;11;12;12;29;7.89;7;12;3599;0.01
2026.01.14;3;7;12248;9.26;10;12;12;12;70;8.87;9;12;3600;0.01
2026.01.14;3;8;13915;7.98;7;11;12;12;35;7.90;7;12;3600;0.01
2026.01.14;3;9;8935;9.18;9;10;11;11;63;8.87;9;11;3600;0.01
2026.01.14;3;10;11481;8.90;10;11;11;11;49;8.67;9;11;3600;0.01
2026.01.14;3;11;9186;8.67;9;11;11;11;28;8.62;9;11;3600;0.01
2026.01.14;3;12;8281;8.08;8;11;11;11;35;7.95;8;11;3600;0.01
2026.01.14;3;13;8303;8.68;10;11;11;11;70;8.46;9;11;3600;0.01
2026.01.14;3;14;9971;7.86;8;10;10;10;70;7.57;8;10;3600;0.01
2026.01.14;3;15;14351;10.64;10;11;14;47;70;10.23;10;13;3600;0.01
2026.01.14;3;16;15151;10.40;10;10;14;32;58;9.91;10;12;3600;0.01
2026.01.14;3;17;17079;11.34;9;13;20;50;70;10.53;8;18;3600;0.01
2026.01.14;3;18;15015;8.47;8;10;12;19;32;8.29;8;11;3600;0.01
2026.01.14;3;19;14778;8.21;8;11;11;15;27;8.09;8;11;3600;0.01
2026.01.14;3;20;12517;7.78;7;11;11;16;38;7.63;7;11;3600;0.01
2026.01.14;3;21;12352;8.43;7;11;12;31;70;7.97;7;11;3600;0.01
2026.01.14;3;22;13705;7.10;6;9;11;11;31;6.99;6;11;3600;0.01
2026.01.14;3;23;7123;16.70;10;40;40;40;70;17.72;9;40;3539;0.01
2026.01.15;4;1;11275;11.46;9;12;20;50;64;10.55;8;17;3598;0.01
2026.01.15;4;2;8587;8.24;8;12;12;12;39;8.01;7;12;3600;0.01
2026.01.15;4;3;15558;9.15;10;12;12;12;50;9.09;10;12;3600;0.01
2026.01.15;4;4;13620;9.04;10;12;12;12;38;8.89;9;12;3600;0.01
2026.01.15;4;5;13996;8.66;9;12;12;12;51;8.47;8;12;3600;0.01
2026.01.15;4;6;9284;8.59;8;12;12;12;45;8.34;8;12;3600;0.01
2026.01.15;4;7;12039;9.07;10;12;12;12;43;8.79;9;12;3600;0.01
2026.01.15;4;8;12993;8.76;8;12;12;19;63;8.71;8;12;3600;0.01
2026.01.15;4;9;9864;10.15;9;11;14;37;70;9.54;9;13;3600;0.01
2026.01.15;4;10;9199;8.65;9;11;11;22;47;8.43;8;11;3600;0.01
2026.01.15;4;11;9405;11.50;9;12;16;66;70;10.17;8;14;3600;0.01
2026.01.15;4;12;8977;8.64;8;11;12;21;43;8.43;8;12;3600;0.01
2026.01.15;4;13;8719;9.53;10;11;12;27;70;9.15;10;12;3600;0.01
2026.01.15;4;14;8469;8.27;8;10;10;18;40;8.03;8;10;3600;0.01
2026.01.15;4;15;15656;14.59;11;14;24;70;70;13.56;10;20;3600;0.01
2026.01.15;4;16;16863;8.53;10;10;10;10;38;8.46;10;10;3600;0.01
2026.01.15;4;17;15982;7.62;7;10;10;10;51;7.54;7;10;3600;0.01
2026.01.15;4;18;15187;8.42;9;10;10;10;70;8.31;9;10;3600;0.01
2026.01.15;4;19;11817;7.32;7;9;11;11;22;7.13;6;11;3600;0.01
2026.01.15;4;20;11004;7.84;7;11;11;11;42;7.55;7;11;3600;0.01
2026.01.15;4;21;8885;7.73;7;11;11;11;20;7.35;6;11;3600;0.01
2026.01.15;4;22;12266;8.20;8;11;11;17;41;7.99;8;11;3600;0.01
2026.01.15;4;23;4797;17.43;8;40;40;70;70;19.63;7;40;3539;0.01
2026.01.16;5;1;7603;11.70;10;12;18;50;70;11.05;8;17;3598;0.01
2026.01.16;5;2;7938;8.73;9;12;12;12;45;8.46;8;12;3600;0.01
2026.01.16;5;3;12537;9.02;10;12;12;12;45;8.94;10;12;3600;0.01
2026.01.16;5;4;12575;9.05;10;12;12;12;52;8.91;9;12;3600;0.01
2026.01.16;5;5;9398;7.90;7;11;12;12;24;7.77;7;12;3600;0.01
2026.01.16;5;6;6124;8.10;7;12;12;12;32;7.91;7;12;3600;0.01
2026.01.16;5;7;9302;9.25;10;12;12;12;52;9.01;10;12;3600;0.01
2026.01.16;5;8;11791;8.98;9;12;12;12;70;8.87;9;12;3600;0.01
2026.01.16;5;9;9447;9.45;10;11;11;11;70;9.14;10;11;3600;0.01
2026.01.16;5;10;8166;8.43;9;11;11;11;40;8.34;9;11;3600;0.01
2026.01.16;5;11;7278;7.77;7;10;11;11;32;7.55;7;11;3600;0.01
2026.01.16;5;12;6895;8.95;10;11;11;11;27;8.78;10;11;3600;0.01
2026.01.16;5;13;8153;8.64;9;11;11;11;30;8.40;9;11;3600;0.01
2026.01.16;5;14;8584;8.88;10;10;10;10;67;8.78;10;10;3600;0.01
2026.01.16;5;15;15805;13.96;11;14;24;69;70;13.15;11;22;3600;0.01
2026.01.16;5;16;14899;10.03;10;10;13;42;70;9.70;10;11;3600;0.01
2026.01.16;5;17;17533;9.27;10;10;10;10;70;9.17;10;10;3600;0.01
2026.01.16;5;18;16827;7.48;7;10;10;10;42;7.38;7;10;3600;0.01
2026.01.16;5;19;13545;7.66;7;10;11;17;42;7.48;7;11;3600;0.01
2026.01.16;5;20;12222;8.59;9;11;11;18;40;8.39;8;11;3600;0.01
2026.01.16;5;21;10884;7.24;6;9;11;11;22;7.12;6;11;3600;0.01
2026.01.16;5;22;10321;7.76;7;10;11;11;29;7.47;7;11;3600;0.01
2026.01.16;5;23;5149;14.74;9;11;40;40;70;17.00;9;40;3420;0.01
2026.01.19;1;1;14806;15.11;10;12;50;50;70;14.30;10;50;3598;0.01
2026.01.19;1;2;11114;8.10;7;11;12;12;54;7.86;7;12;3600;0.01
2026.01.19;1;3;14240;9.10;9;12;12;12;70;9.00;9;12;3600;0.01
2026.01.19;1;4;10884;8.37;8;12;12;12;53;8.25;8;12;3600;0.01
2026.01.19;1;5;9240;8.18;7;12;12;12;46;8.08;7;12;3600;0.01
2026.01.19;1;6;6627;9.31;9;12;14;24;61;8.71;7;14;3600;0.01
2026.01.19;1;7;7944;9.02;10;12;12;12;41;8.68;9;12;3600;0.01
2026.01.19;1;8;8507;8.52;8;12;12;12;27;8.42;8;12;3600;0.01
2026.01.19;1;9;8976;9.10;9;11;11;23;46;8.62;9;11;3600;0.01
2026.01.19;1;10;8573;10.39;10;11;13;40;70;9.55;9;12;3600;0.01
2026.01.19;1;11;7915;8.33;8;11;11;12;70;8.07;8;11;3600;0.01
2026.01.19;1;12;6565;8.95;9;11;11;25;52;8.57;9;11;3600;0.01
2026.01.19;1;13;6987;9.22;10;11;11;11;39;8.91;10;11;3600;0.01
2026.01.19;1;14;7445;8.62;9;10;10;10;63;8.45;9;10;3600;0.01
2026.01.19;1;15;9200;9.74;10;10;12;28;70;9.35;10;12;3600;0.01
2026.01.19;1;16;8676;7.80;8;10;10;10;52;7.75;8;10;3600;0.01
2026.01.19;1;17;8763;9.30;9;10;11;45;70;8.71;9;10;3600;0.01
2026.01.19;1;18;6997;7.13;7;9;10;10;26;6.84;6;10;3600;0.01
2026.01.19;1;19;6121;8.17;8;11;11;11;31;7.90;8;11;3600;0.01
2026.01.19;1;20;4870;7.70;7;10;11;11;43;7.32;6;11;3600;0.01
2026.01.19;1;21;2695;8.93;10;11;11;11;35;8.50;9;11;1800;0.01
2026.01.20;2;1;6015;10.36;8;11;15;50;70;8.41;6;12;3598;0.01
2026.01.20;2;2;6511;8.50;8;12;12;12;25;8.12;7;12;3600;0.01
2026.01.20;2;3;11043;9.13;10;12;12;12;34;8.92;9;12;3600;0.01
2026.01.20;2;4;10211;8.49;8;12;12;12;30;8.22;8;12;3600;0.01
2026.01.20;2;5;9115;8.23;8;12;12;12;27;7.95;7;12;3600;0.01
2026.01.20;2;6;9079;9.07;9;12;12;12;70;8.83;9;12;3600;0.01
2026.01.20;2;7;11076;9.35;10;12;12;12;70;9.20;10;12;3600;0.01
2026.01.20;2;8;11852;9.69;11;12;12;21;70;9.53;11;12;3600;0.01
2026.01.20;2;9;10141;13.01;9;12;21;70;70;11.53;9;17;3600;0.01
2026.01.20;2;10;10783;10.63;9;11;12;70;70;9.96;9;11;3600;0.01
2026.01.20;2;11;10511;8.62;8;11;11;22;70;8.43;8;11;3600;0.01
2026.01.20;2;12;9095;8.94;9;11;12;21;44;8.56;8;11;3600;0.01
2026.01.20;2;13;7655;8.60;9;11;11;11;33;8.50;9;11;3600;0.01
2026.01.20;2;14;8992;8.26;8;10;10;10;50;8.09;8;10;3600;0.01
2026.01.20;2;15;13273;9.43;10;10;10;10;47;9.49;10;10;3600;0.01
2026.01.20;2;16;17579;9.39;10;10;10;10;70;9.30;10;10;3600;0.01
2026.01.20;2;17;17715;8.23;9;10;10;10;70;8.16;9;10;3600;0.01
2026.01.20;2;18;14383;7.66;7;10;10;10;70;7.54;7;10;3600;0.01
2026.01.20;2;19;12784;7.62;7;11;11;11;54;7.48;7;11;3600;0.01
2026.01.20;2;20;12110;8.02;8;11;11;11;46;7.87;7;11;3600;0.01
2026.01.20;2;21;10042;7.53;7;10;11;11;48;7.36;6;11;3600;0.01
2026.01.20;2;22;11363;7.71;7;10;11;11;64;7.56;7;11;3600;0.01
2026.01.20;2;23;5268;12.26;6;11;40;70;70;14.38;7;40;3539;0.01
2026.01.21;3;1;6962;9.88;9;12;12;50;70;8.80;8;12;3598;0.01
2026.01.21;3;2;8232;8.21;7;12;12;12;52;8.02;7;12;3600;0.01
2026.01.21;3;3;14352;10.23;12;12;12;12;70;10.13;12;12;3600;0.01
2026.01.21;3;4;11708;8.79;9;12;12;12;45;8.68;8;12;3600;0.01
2026.01.21;3;5;10793;8.97;9;12;12;12;70;8.72;9;12;3600;0.01
2026.01.21;3;6;9458;9.42;10;12;12;12;55;9.24;10;12;3600;0.01
2026.01.21;3;7;11258;9.15;10;12;12;12;64;9.04;9;12;3600;0.01
2026.01.21;3;8;12911;12.44;12;12;17;55;70;11.57;12;14;3600;0.01
2026.01.21;3;9;12811;11.07;9;11;15;57;70;10.17;9;13;3600;0.01
2026.01.21;3;10;10209;10.40;10;11;14;34;70;9.85;10;13;3600;0.01
2026.01.21;3;11;9643;9.09;9;11;11;31;70;8.71;9;11;3600;0.01
2026.01.21;3;12;8481;8.20;8;11;11;11;70;8.04;8;11;3600;0.01
2026.01.21;3;13;7793;8.51;9;11;11;11;70;8.32;9;11;3600;0.01
2026.01.21;3;14;9049;8.04;8;10;10;10;26;7.99;8;10;3600;0.01
2026.01.21;3;15;12557;10.21;10;10;12;31;70;9.90;10;11;3600;0.01
2026.01.21;3;16;16965;9.67;10;10;10;32;70;9.51;10;10;3600;0.01
2026.01.21;3;17;17155;8.70;8;10;10;35;70;8.49;8;10;3600;0.01
2026.01.21;3;18;15545;9.30;9;10;12;29;70;9.09;9;12;3600;0.01
2026.01.21;3;19;15650;8.35;7;11;11;27;70;8.07;7;11;3600;0.01
2026.01.21;3;20;13697;7.90;7;10;11;16;44;7.69;7;11;3600;0.01
2026.01.21;3;21;16149;8.01;8;11;11;11;70;7.79;7;11;3600;0.01
2026.01.21;3;22;16920;7.03;6;9;11;11;52;6.93;6;11;3600;0.01
2026.01.21;3;23;8859;24.05;9;61;70;70;70;26.93;9;70;3540;0.01
2026.01.22;4;1;10587;13.40;11;15;25;50;60;12.00;9;20;3598;0.01
2026.01.22;4;2;10392;11.11;9;13;17;49;70;10.30;8;15;3600;0.01
2026.01.22;4;3;13852;8.65;8;12;12;12;29;8.45;8;12;3600;0.01
2026.01.22;4;4;11729;9.26;10;12;12;12;70;9.07;10;12;3600;0.01
2026.01.22;4;5;9912;8.55;9;12;12;12;70;8.44;8;12;3600;0.01
2026.01.22;4;6;7203;8.38;8;12;12;12;21;8.17;8;12;3600;0.01
2026.01.22;4;7;9365;9.43;11;12;12;12;34;9.19;10;12;3600;0.01
2026.01.22;4;8;10960;7.96;7;11;12;12;47;7.81;7;12;3600;0.01
2026.01.22;4;9;8431;8.59;9;11;11;15;38;8.33;8;11;3600;0.01
2026.01.22;4;10;8663;8.78;9;11;12;18;56;8.37;8;12;3600;0.01
2026.01.22;4;11;8902;8.67;9;11;11;11;70;8.42;9;11;3600;0.01
2026.01.22;4;12;7446;8.22;8;10;11;11;27;7.97;8;11;3600;0.01
2026.01.22;4;13;7286;8.77;10;11;11;11;60;8.73;10;11;3600;0.01
2026.01.22;4;14;8486;7.91;8;10;10;15;43;7.59;7;10;3600;0.01
2026.01.22;4;15;12378;11.14;10;12;15;38;70;10.57;10;14;3600;0.01
2026.01.22;4;16;12863;9.33;10;10;12;29;70;8.69;9;11;3600;0.01
2026.01.22;4;17;15238;9.57;8;10;13;43;70;9.08;8;13;3600;0.01
2026.01.22;4;18;13097;7.60;8;10;10;10;62;7.50;7;10;3600;0.01
2026.01.22;4;19;13611;7.90;7;10;11;25;70;7.59;6;11;3600;0.01
2026.01.22;4;20;12254;9.50;8;11;12;58;70;8.84;7;11;3600;0.01
2026.01.22;4;21;10467;7.54;7;10;11;11;39;7.26;6;11;3600;0.01
2026.01.22;4;22;10465;7.58;7;11;11;11;57;7.43;6;11;3600;0.01
2026.01.22;4;23;6584;23.75;11;50;53;69;70;21.84;9;51;3540;0.01
2026.01.23;5;1;9896;10.62;8;12;15;50;70;9.59;7;12;3598;0.01
2026.01.23;5;2;8862;9.09;8;12;14;26;70;8.55;7;14;3600;0.01
2026.01.23;5;3;13103;8.80;9;12;12;12;43;8.62;9;12;3600;0.01
2026.01.23;5;4;9171;8.33;8;11;12;18;41;8.11;7;12;3600;0.01
2026.01.23;5;5;9022;10.57;10;12;14;56;70;9.55;9;14;3600;0.01
2026.01.23;5;6;4975;8.60;8;12;12;16;37;8.05;7;12;3600;0.01
2026.01.23;5;7;6621;9.20;10;12;12;15;47;8.80;9;12;3600;0.01
2026.01.23;5;8;9894;10.79;11;12;15;38;70;10.10;10;14;3600;0.01
2026.01.23;5;9;9123;9.77;10;11;12;31;51;9.28;9;11;3600;0.01
2026.01.23;5;10;13405;13.50;11;14;21;70;70;12.27;11;18;3600;0.01
2026.01.23;5;11;12142;10.06;9;12;15;39;70;9.35;8;14;3600;0.01
2026.01.23;5;12;9143;8.66;9;11;11;11;40;8.35;9;11;3600;0.01
2026.01.23;5;13;8374;8.70;9;11;11;11;54;8.50;9;11;3600;0.01
2026.01.23;5;14;9851;8.14;9;10;10;10;38;7.97;9;10;3600;0.01
2026.01.23;5;15;14791;11.01;10;12;16;37;70;10.46;10;15;3600;0.01
2026.01.23;5;16;14571;11.12;10;12;16;70;70;10.34;9;14;3600;0.01
2026.01.23;5;17;15656;8.78;9;10;10;22;70;8.57;9;10;3600;0.01
2026.01.23;5;18;14461;8.14;9;10;10;10;39;8.09;9;10;3600;0.01
2026.01.23;5;19;13524;8.77;7;11;12;36;70;8.27;7;12;3600;0.01
2026.01.23;5;20;13676;7.49;7;10;11;14;37;7.38;6;11;3600;0.01
2026.01.23;5;21;10722;7.52;7;10;11;11;29;7.25;7;11;3600;0.01
2026.01.23;5;22;11515;7.73;8;10;11;11;40;7.54;7;11;3600;0.01
2026.01.23;5;23;4800;14.43;7;11;40;40;58;16.50;7;40;3414;0.01
2026.01.26;1;1;13198;12.95;8;12;38;50;70;11.66;7;22;3597;0.01
2026.01.26;1;2;11710;8.96;10;12;12;12;43;8.82;9;12;3600;0.01
2026.01.26;1;3;15582;9.66;11;12;12;12;70;9.56;11;12;3600;0.01
2026.01.26;1;4;13637;8.99;9;12;12;12;43;8.87;9;12;3600;0.01
2026.01.26;1;5;11687;8.71;9;12;12;12;52;8.54;8;12;3600;0.01
2026.01.26;1;6;9156;8.57;9;12;12;12;54;8.18;8;12;3600;0.01
2026.01.26;1;7;12454;9.28;10;12;12;12;53;8.99;9;12;3600;0.01
2026.01.26;1;8;13423;9.70;12;12;12;12;54;9.56;11;12;3600;0.01
2026.01.26;1;9;10400;8.85;9;11;11;11;45;8.63;9;11;3600;0.01
2026.01.26;1;10;10762;9.76;10;11;12;23;67;9.35;10;12;3600;0.01
2026.01.26;1;11;10795;9.32;9;11;11;23;49;8.92;9;11;3600;0.01
2026.01.26;1;12;9269;7.81;8;10;11;11;26;7.62;7;11;3600;0.01
2026.01.26;1;13;9181;8.54;9;11;11;11;32;8.37;8;11;3600;0.01
2026.01.26;1;14;9844;9.43;10;10;10;10;35;9.35;10;10;3600;0.01
2026.01.26;1;15;14496;10.40;10;11;14;31;70;10.04;10;13;3600;0.01
2026.01.26;1;16;14942;8.43;10;10;10;10;40;8.31;10;10;3600;0.01
2026.01.26;1;17;15852;10.28;10;12;15;33;70;9.89;9;14;3600;0.01
2026.01.26;1;18;15526;8.57;10;10;10;10;39;8.49;10;10;3600;0.01
2026.01.26;1;19;14516;8.27;8;11;11;23;70;8.13;7;11;3600;0.01
2026.01.26;1;20;17278;8.74;8;11;11;26;70;8.65;8;11;3600;0.01
2026.01.26;1;21;18361;8.40;9;11;11;11;70;8.33;9;11;3600;0.01
2026.01.26;1;22;16338;7.70;7;11;11;11;52;7.61;7;11;3600;0.01
2026.01.26;1;23;14093;17.18;11;40;40;40;61;18.07;11;40;3540;0.01
2026.01.27;2;1;11119;9.13;8;11;12;42;70;8.74;8;12;3598;0.01
2026.01.27;2;2;11255;10.38;11;12;14;34;70;9.83;10;14;3600;0.01
2026.01.27;2;3;15232;8.56;8;12;12;12;70;8.32;8;12;3600;0.01
2026.01.27;2;4;12032;8.66;9;12;12;12;40;8.45;8;12;3600;0.01
2026.01.27;2;5;10694;8.87;9;12;12;12;39;8.72;9;12;3600;0.01
2026.01.27;2;6;9519;8.50;8;12;12;12;37;8.12;7;12;3600;0.01
2026.01.27;2;7;11898;8.37;8;12;12;12;31;8.21;7;12;3600;0.01
2026.01.27;2;8;11568;9.17;10;12;12;12;49;9.11;10;12;3600;0.01
2026.01.27;2;9;12311;8.94;10;11;11;11;70;8.83;9;11;3600;0.01
2026.01.27;2;10;11413;8.54;9;11;11;11;52;8.30;9;11;3600;0.01
2026.01.27;2;11;10189;8.79;9;11;11;11;36;8.62;9;11;3600;0.01
2026.01.27;2;12;9519;8.22;8;11;11;11;39;8.06;8;11;3600;0.01
2026.01.27;2;13;9171;8.62;9;11;11;11;55;8.29;9;11;3600;0.01
2026.01.27;2;14;11305;8.30;9;10;10;10;53;8.23;9;10;3600;0.01
2026.01.27;2;15;15270;11.59;10;13;18;43;70;11.04;10;17;3600;0.01
2026.01.27;2;16;18393;12.96;11;14;20;54;70;12.49;10;19;3600;0.01
2026.01.27;2;17;17670;9.97;9;10;13;48;70;9.58;9;12;3600;0.01
2026.01.27;2;18;15513;8.40;10;10;10;10;67;8.38;10;10;3600;0.01
2026.01.27;2;19;15272;8.05;7;11;11;17;69;7.94;7;11;3600;0.01
2026.01.27;2;20;14368;7.97;7;11;11;18;70;7.79;7;11;3600;0.01
2026.01.27;2;21;11834;7.41;7;10;11;11;47;7.24;6;11;3600;0.01
2026.01.27;2;22;17840;8.40;9;11;11;11;70;8.28;8;11;3600;0.01
2026.01.27;2;23;12451;17.01;11;12;40;70;70;17.53;11;48;3540;0.01
2026.01.28;3;1;12431;13.87;8;11;46;50;70;12.89;8;34;3598;0.01
2026.01.28;3;2;11323;10.19;9;12;14;46;70;9.53;8;13;3600;0.01
2026.01.28;3;3;16237;9.83;11;12;12;12;70;9.73;11;12;3600;0.01
2026.01.28;3;4;13994;8.83;9;12;12;12;42;8.59;8;12;3600;0.01
2026.01.28;3;5;13538;9.29;10;12;12;12;59;9.16;10;12;3600;0.01
2026.01.28;3;6;9360;8.07;7;11;12;12;41;7.90;7;12;3600;0.01
2026.01.28;3;7;12064;9.46;11;12;12;12;56;9.33;11;12;3600;0.01
2026.01.28;3;8;12185;10.73;11;12;13;48;70;10.19;11;12;3600;0.01
2026.01.28;3;9;12151;9.90;10;11;12;37;70;9.52;9;11;3600;0.01
2026.01.28;3;10;13340;9.45;11;11;11;11;52;9.34;11;11;3600;0.01
2026.01.28;3;11;12210;8.70;9;11;11;11;49;8.42;9;11;3600;0.01
2026.01.28;3;12;10223;9.44;9;11;13;27;56;8.90;9;12;3600;0.01
2026.01.28;3;13;12287;9.10;9;11;11;11;70;8.93;9;11;3600;0.01
2026.01.28;3;14;12289;8.50;9;10;10;10;40;8.40;9;10;3600;0.01
2026.01.28;3;15;16281;9.83;10;10;14;26;56;9.62;10;13;3600;0.01
2026.01.28;3;16;16756;10.62;10;11;16;38;70;10.16;10;15;3600;0.01
2026.01.28;3;17;18854;10.47;9;10;14;48;70;10.10;9;13;3600;0.01
2026.01.28;3;18;16470;8.19;9;10;10;10;53;8.19;9;10;3600;0.01
2026.01.28;3;19;16100;7.73;7;11;11;11;34;7.65;7;11;3600;0.01
2026.01.28;3;20;17125;8.31;8;11;11;19;70;8.24;8;11;3600;0.01
2026.01.28;3;21;18643;9.13;7;11;14;44;70;8.87;7;13;3600;0.01
2026.01.28;3;22;17530;8.62;9;11;11;11;58;8.53;9;11;3600;0.01
2026.01.28;3;23;12239;16.36;9;40;40;40;70;17.76;10;40;3540;0.01
2026.01.29;4;1;17158;13.09;12;12;21;50;70;12.79;12;20;3598;0.01
2026.01.29;4;2;15819;8.81;9;12;12;12;70;8.66;9;12;3600;0.01
2026.01.29;4;3;17214;9.54;11;12;12;12;70;9.44;11;12;3600;0.01
2026.01.29;4;4;15747;9.44;10;12;12;12;70;9.24;10;12;3600;0.01
2026.01.29;4;5;14740;8.81;9;12;12;12;70;8.64;9;12;3600;0.01
2026.01.29;4;6;12173;8.96;9;12;12;12;50;8.76;9;12;3600;0.01
2026.01.29;4;7;13917;8.54;8;12;12;12;56;8.37;8;12;3600;0.01
2026.01.29;4;8;15826;9.46;11;12;12;12;51;9.44;11;12;3600;0.01
2026.01.29;4;9;14015;8.83;9;11;11;11;42;8.68;9;11;3600;0.01
2026.01.29;4;10;16000;9.39;10;11;11;11;70;9.34;10;11;3600;0.01
2026.01.29;4;11;13858;8.51;9;11;11;11;33;8.37;8;11;3600;0.01
2026.01.29;4;12;12317;8.68;10;11;11;11;43;8.49;9;11;3600;0.01
2026.01.29;4;13;13307;8.67;9;11;11;11;44;8.58;9;11;3600;0.01
2026.01.29;4;14;13910;8.76;9;10;12;21;69;8.55;9;12;3600;0.01
2026.01.29;4;15;17679;12.36;10;14;21;46;70;11.95;10;19;3600;0.01
2026.01.29;4;16;19741;11.27;10;10;15;42;70;10.96;10;14;3600;0.01
2026.01.29;4;17;21710;15.06;10;10;30;70;70;14.81;10;29;3600;0.01
2026.01.29;4;18;21314;12.47;10;10;18;69;70;12.38;10;18;3600;0.01
2026.01.29;4;19;20282;16.26;11;14;32;70;70;15.57;11;28;3600;0.01
2026.01.29;4;20;18940;12.54;11;11;14;70;70;12.13;11;12;3600;0.01
2026.01.29;4;21;18939;10.12;11;11;11;11;70;10.09;11;11;3600;0.01
2026.01.29;4;22;16697;9.68;10;11;11;11;70;9.60;10;11;3600;0.01
2026.01.29;4;23;12151;18.26;11;40;40;40;70;19.42;11;40;3540;0.01
2026.01.30;5;1;13441;16.63;12;18;31;70;70;15.12;12;25;3598;0.01
2026.01.30;5;2;14446;15.62;12;20;24;70;70;14.87;12;23;3600;0.01
2026.01.30;5;3;17546;11.19;12;12;12;12;70;11.16;12;12;3600;0.01
2026.01.30;5;4;19956;11.35;12;12;12;12;70;11.33;12;12;3600;0.01
2026.01.30;5;5;16819;10.85;12;12;12;12;70;10.79;12;12;3600;0.01
2026.01.30;5;6;14109;10.47;12;12;12;12;70;10.34;12;12;3600;0.01
2026.01.30;5;7;13704;10.98;12;12;12;12;57;10.96;12;12;3600;0.01
2026.01.30;5;8;16591;14.49;12;12;21;70;70;13.88;12;20;3600;0.01
2026.01.30;5;9;15387;13.30;11;11;17;70;70;12.85;11;15;3600;0.01
2026.01.30;5;10;17188;12.86;11;11;16;58;70;12.95;11;15;3600;0.01
2026.01.30;5;11;20347;18.18;12;18;35;70;70;17.69;11;32;3600;0.01
2026.01.30;5;12;16811;12.68;11;11;14;70;70;12.31;11;13;3600;0.01
2026.01.30;5;13;14488;10.31;11;11;11;11;64;10.27;11;11;3600;0.01
2026.01.30;5;14;16071;14.04;10;12;22;70;70;12.94;10;18;3600;0.01
2026.01.30;5;15;19610;21.92;14;25;59;70;70;20.67;12;52;3600;0.01
2026.01.30;5;16;20456;18.65;10;19;42;70;70;17.04;10;34;3600;0.01
2026.01.30;5;17;21052;9.66;10;10;10;10;70;9.64;10;10;3600;0.01
2026.01.30;5;18;20744;9.72;10;10;10;10;70;9.70;10;10;3600;0.01
2026.01.30;5;19;21616;15.49;11;11;26;70;70;15.00;11;23;3600;0.01
2026.01.30;5;20;21488;15.25;11;11;27;70;70;14.74;11;22;3600;0.01
2026.01.30;5;21;19964;9.81;11;11;11;11;70;9.82;11;11;3600;0.01
2026.01.30;5;22;19884;9.74;11;11;11;11;70;9.69;11;11;3600;0.01
2026.01.30;5;23;12321;17.39;11;40;40;40;70;18.61;11;40;3420;0.01
2026.02.02;1;1;17011;28.45;12;50;50;50;70;28.76;12;50;3598;0.01
2026.02.02;1;2;18272;10.93;12;12;12;12;70;10.86;12;12;3600;0.01
2026.02.02;1;3;20342;10.83;12;12;12;12;70;10.81;12;12;3600;0.01
2026.02.02;1;4;18880;10.92;12;12;12;12;70;10.90;12;12;3600;0.01
2026.02.02;1;5;19289;10.86;12;12;12;12;70;10.80;12;12;3600;0.01
2026.02.02;1;6;17720;10.65;12;12;12;12;70;10.59;12;12;3600;0.01
2026.02.02;1;7;19216;11.15;12;12;12;12;70;11.06;12;12;3600;0.01
2026.02.02;1;8;21105;14.42;12;12;19;70;70;14.07;12;17;3600;0.01
2026.02.02;1;9;17471;12.29;11;12;15;41;70;12.06;11;14;3600;0.01
2026.02.02;1;10;16954;12.20;11;11;18;44;70;12.05;11;18;3600;0.01
2026.02.02;1;11;18143;17.83;15;19;29;70;70;17.13;15;28;3600;0.01
2026.02.02;1;12;16217;11.75;11;11;15;43;70;11.40;11;14;3600;0.01
2026.02.02;1;13;15652;10.33;11;11;11;11;64;10.32;11;11;3600;0.01
2026.02.02;1;14;15571;9.79;10;10;10;10;70;9.77;10;10;3600;0.01
2026.02.02;1;15;20584;9.78;10;10;10;10;70;9.75;10;10;3600;0.01
2026.02.02;1;16;21638;19.26;11;19;46;70;70;17.93;10;38;3600;0.01
2026.02.02;1;17;22574;13.69;10;10;21;70;70;13.37;10;19;3600;0.01
2026.02.02;1;18;20799;9.55;10;10;10;10;70;9.54;10;10;3600;0.01
2026.02.02;1;19;17826;9.92;11;11;11;11;70;9.90;11;11;3600;0.01
2026.02.02;1;20;17056;9.76;11;11;11;11;70;9.73;11;11;3600;0.01
2026.02.02;1;21;16957;9.69;11;11;11;11;70;9.65;11;11;3600;0.01
2026.02.02;1;22;17998;9.49;9;11;11;11;14;9.49;9;11;3600;0.01
2026.02.02;1;23;11841;18.07;11;40;40;40;69;19.29;11;40;3540;0.01
2026.02.03;2;1;14832;13.58;12;14;20;50;70;12.94;12;19;3598;0.01
2026.02.03;2;2;15238;14.80;12;17;22;70;70;14.07;12;21;3600;0.01
2026.02.03;2;3;18965;10.54;12;12;12;12;70;10.49;12;12;3600;0.01
2026.02.03;2;4;18118;11.12;12;12;12;12;70;11.10;12;12;3600;0.01
2026.02.03;2;5;16655;15.21;12;15;27;70;70;14.72;12;25;3600;0.01
2026.02.03;2;6;13408;13.95;12;15;21;67;70;13.22;12;21;3600;0.01
2026.02.03;2;7;14148;10.83;12;12;12;12;70;10.80;12;12;3600;0.01
2026.02.03;2;8;16589;11.15;12;12;12;12;49;11.13;12;12;3600;0.01
2026.02.03;2;9;13434;10.33;11;11;11;11;55;10.33;11;11;3600;0.01
2026.02.03;2;10;13606;10.03;11;11;11;11;60;9.99;11;11;3600;0.01
2026.02.03;2;11;13253;10.17;11;11;11;11;70;10.11;11;11;3600;0.01
2026.02.03;2;12;10162;10.16;11;11;11;11;70;10.13;11;11;3600;0.01
2026.02.03;2;13;11645;9.99;11;11;11;11;54;9.98;11;11;3600;0.01
2026.02.03;2;14;12291;9.56;10;10;10;10;54;9.54;10;10;3600;0.01
2026.02.03;2;15;17279;9.69;10;10;10;10;70;9.69;10;10;3600;0.01
2026.02.03;2;16;19008;12.30;10;10;18;50;70;11.88;10;17;3600;0.01
2026.02.03;2;17;17612;12.05;10;10;18;56;70;11.51;10;18;3600;0.01
2026.02.03;2;18;16624;9.69;10;10;10;10;70;9.68;10;10;3600;0.01
2026.02.03;2;19;19308;9.95;11;11;11;11;69;9.94;11;11;3600;0.01
2026.02.03;2;20;18082;9.79;11;11;11;11;47;9.77;11;11;3600;0.01
2026.02.03;2;21;17345;9.72;11;11;11;11;70;9.69;11;11;3600;0.01
2026.02.03;2;22;16258;9.63;10;11;11;11;11;9.61;10;11;3600;0.01
2026.02.03;2;23;8571;18.47;11;15;70;70;70;17.69;11;40;3539;0.01
2026.02.04;3;1;12590;14.39;12;14;24;50;70;13.04;12;20;3598;0.01
2026.02.04;3;2;15252;16.49;12;20;29;70;70;15.39;12;26;3600;0.01
2026.02.04;3;3;16618;10.57;12;12;12;12;70;10.54;12;12;3600;0.01
2026.02.04;3;4;13109;10.81;12;12;12;12;70;10.78;12;12;3600;0.01
2026.02.04;3;5;11449;10.50;12;12;12;12;70;10.41;12;12;3600;0.01
2026.02.04;3;6;8161;10.26;11;12;12;12;61;10.16;11;12;3600;0.01
2026.02.04;3;7;9695;10.53;12;12;12;12;40;10.43;12;12;3600;0.01
2026.02.04;3;8;13062;10.57;12;12;12;12;70;10.51;12;12;3600;0.01
2026.02.04;3;9;10412;10.27;11;11;11;11;44;10.27;11;11;3600;0.01
2026.02.04;3;10;9655;11.53;11;11;16;26;70;11.22;11;15;3600;0.01
2026.02.04;3;11;13893;16.12;14;18;23;68;70;15.22;14;22;3600;0.01
2026.02.04;3;12;10667;11.90;11;11;17;42;70;11.35;11;15;3600;0.01
2026.02.04;3;13;11139;10.22;11;11;11;11;70;10.19;11;11;3600;0.01
2026.02.04;3;14;9685;9.52;10;10;10;10;41;9.51;10;10;3600;0.01
2026.02.04;3;15;16120;13.88;10;15;22;61;70;13.23;10;20;3600;0.01
2026.02.04;3;16;18838;19.18;11;20;44;70;70;16.88;10;34;3600;0.01
2026.02.04;3;17;20505;12.40;10;10;18;60;70;12.12;10;18;3600;0.01
2026.02.04;3;18;19354;9.70;10;10;10;10;70;9.69;10;10;3600;0.01
2026.02.04;3;19;18528;9.92;11;11;11;11;55;9.91;11;11;3600;0.01
2026.02.04;3;20;15532;9.79;11;11;11;11;70;9.73;11;11;3600;0.01
2026.02.04;3;21;14478;9.54;9;11;11;11;40;9.55;9;11;3600;0.01
2026.02.04;3;22;13625;9.58;10;11;11;11;45;9.53;9;11;3600;0.01
2026.02.04;3;23;7383;17.71;11;40;40;40;70;19.24;11;40;3540;0.01
2026.02.05;4;1;11688;14.27;12;14;22;50;70;13.67;12;21;3598;0.01
2026.02.05;4;2;11076;13.80;12;12;21;70;70;12.84;12;20;3600;0.01
2026.02.05;4;3;18536;10.83;12;12;12;12;70;10.83;12;12;3600;0.01
2026.02.05;4;4;20117;10.97;12;12;12;12;70;11.01;12;12;3600;0.01
2026.02.05;4;5;19292;10.73;12;12;12;12;70;10.72;12;12;3600;0.01
2026.02.05;4;6;13981;10.23;12;12;12;12;70;10.18;11;12;3600;0.01
2026.02.05;4;7;15894;10.59;12;12;12;12;70;10.51;12;12;3600;0.01
2026.02.05;4;8;16640;14.02;12;14;21;56;70;13.42;12;21;3600;0.01
2026.02.05;4;9;14925;11.73;11;11;16;36;70;11.45;11;15;3600;0.01
2026.02.05;4;10;13431;10.22;11;11;11;11;70;10.16;11;11;3600;0.01
2026.02.05;4;11;16033;13.67;11;13;18;70;70;12.98;11;17;3600;0.01
2026.02.05;4;12;12810;10.10;11;11;11;11;63;10.08;11;11;3600;0.01
2026.02.05;4;13;10948;12.41;11;11;18;46;70;11.73;11;17;3600;0.01
2026.02.05;4;14;17164;12.26;10;11;18;50;70;11.96;10;18;3600;0.01
2026.02.05;4;15;19186;23.13;15;28;61;70;70;21.58;14;54;3600;0.01
2026.02.05;4;16;19909;14.44;10;17;23;64;70;14.26;10;23;3600;0.01
2026.02.05;4;17;19525;9.57;10;10;10;10;70;9.56;10;10;3600;0.01
2026.02.05;4;18;17732;9.50;10;10;10;10;70;9.49;10;10;3600;0.01
2026.02.05;4;19;15944;9.74;11;11;11;11;70;9.72;11;11;3600;0.01
2026.02.05;4;20;14846;9.66;10;11;11;11;70;9.54;9;11;3600;0.01
2026.02.05;4;21;13751;9.89;11;11;11;11;70;9.85;11;11;3600;0.01
2026.02.05;4;22;14734;9.78;11;11;11;11;58;9.74;11;11;3600;0.01
2026.02.05;4;23;10536;19.76;11;40;40;40;70;19.60;11;40;3539;0.01
2026.02.06;5;1;14645;16.80;12;18;27;70;70;15.86;12;25;3598;0.01
2026.02.06;5;2;18309;10.83;12;12;12;12;70;10.80;12;12;3600;0.01
2026.02.06;5;3;19598;10.71;12;12;12;12;70;10.67;12;12;3600;0.01
2026.02.06;5;4;17834;10.53;12;12;12;12;60;10.49;12;12;3600;0.01
2026.02.06;5;5;13964;10.47;12;12;12;12;70;10.38;12;12;3600;0.01
2026.02.06;5;6;9671;10.43;12;12;12;12;62;10.30;12;12;3600;0.01
2026.02.06;5;7;13210;10.74;12;12;12;12;47;10.70;12;12;3600;0.01
2026.02.06;5;8;15619;12.61;12;12;17;50;70;12.30;12;15;3600;0.01
2026.02.06;5;9;10951;12.37;11;12;15;61;70;11.70;11;15;3600;0.01
2026.02.06;5;10;11534;10.20;11;11;11;11;70;10.11;11;11;3600;0.01
2026.02.06;5;11;10218;11.38;11;11;15;31;70;10.99;11;15;3600;0.01
2026.02.06;5;12;8848;11.14;11;11;17;29;70;10.67;11;12;3600;0.01
2026.02.06;5;13;9373;11.29;11;11;15;28;70;10.91;11;15;3600;0.01
2026.02.06;5;14;10509;10.94;10;10;14;34;70;10.42;10;12;3600;0.01
2026.02.06;5;15;15405;13.25;10;15;20;59;70;12.62;10;18;3600;0.01
2026.02.06;5;16;15575;11.34;10;10;14;54;70;10.93;10;14;3600;0.01
2026.02.06;5;17;17399;12.12;10;10;18;70;70;11.64;10;16;3600;0.01
2026.02.06;5;18;14373;9.43;10;10;10;10;58;9.42;10;10;3600;0.01
2026.02.06;5;19;11900;10.24;9;11;11;25;70;10.02;9;11;3600;0.01
2026.02.06;5;20;10572;10.45;10;11;14;25;67;9.98;9;11;3600;0.01
2026.02.06;5;21;7777;10.20;9;11;12;20;38;10.06;9;11;3600;0.01
2026.02.06;5;22;10153;10.62;11;11;17;22;67;10.45;11;15;3600;0.01
2026.02.06;5;23;4321;16.55;11;11;40;40;60;18.31;11;40;3420;0.01
2026.02.09;1;1;13469;15.14;12;17;27;57;70;14.01;11;23;3598;0.01
2026.02.09;1;2;11691;11.44;12;12;12;28;70;11.17;12;12;3600;0.01
2026.02.09;1;3;15138;10.77;12;12;12;12;70;10.73;12;12;3600;0.01
2026.02.09;1;4;12000;10.73;12;12;12;12;70;10.60;12;12;3600;0.01
2026.02.09;1;5;10840;10.14;11;12;12;12;70;10.05;10;12;3600;0.01
2026.02.09;1;6;8425;10.33;11;12;12;12;61;10.23;11;12;3600;0.01
2026.02.09;1;7;10225;10.55;12;12;12;12;70;10.35;12;12;3600;0.01
2026.02.09;1;8;12875;10.82;12;12;12;12;70;10.77;12;12;3600;0.01
2026.02.09;1;9;11007;10.44;11;11;11;11;70;10.35;11;11;3600;0.01
2026.02.09;1;10;9602;9.97;11;11;11;11;57;9.86;11;11;3600;0.01
2026.02.09;1;11;8563;10.27;11;11;11;11;70;10.16;11;11;3600;0.01
2026.02.09;1;12;10667;10.29;11;11;11;11;148;10.16;11;11;3600;0.01
2026.02.09;1;13;8238;10.17;11;11;11;11;104;10.05;11;11;3600;0.01
2026.02.09;1;14;8167;9.59;10;10;10;10;104;9.50;10;10;3600;0.01
2026.02.09;1;15;13215;9.57;10;10;10;10;95;9.50;10;10;3600;0.01
2026.02.09;1;16;14413;9.58;10;10;10;10;135;9.53;10;10;3600;0.01
2026.02.09;1;17;13917;9.69;10;10;10;10;200;9.61;10;10;3600;0.01
2026.02.09;1;18;12119;9.51;10;10;10;10;89;9.44;10;10;3600;0.01
2026.02.09;1;19;11168;9.72;10;11;11;11;87;9.63;10;11;3600;0.01
2026.02.09;1;20;11673;12.40;11;12;18;60;99;11.50;10;17;3600;0.01
2026.02.09;1;21;8985;9.52;9;11;11;11;80;9.42;9;11;3600;0.01
2026.02.09;1;22;10944;11.15;10;11;17;39;107;10.90;9;16;3600;0.01
2026.02.09;1;23;5995;16.64;11;11;40;40;74;19.19;11;40;3540;0.01
2026.02.10;2;1;13774;16.90;12;20;34;50;200;15.69;12;29;3598;0.01
2026.02.10;2;2;12690;15.42;12;17;22;102;200;14.08;12;21;3600;0.01
2026.02.10;2;3;15102;10.72;12;12;12;12;182;10.60;12;12;3600;0.01
2026.02.10;2;4;12821;10.59;12;12;12;12;122;10.48;12;12;3600;0.01
2026.02.10;2;5;11490;10.77;12;12;12;12;90;10.74;12;12;3600;0.01
2026.02.10;2;6;7866;10.14;11;12;12;12;99;9.93;9;12;3600;0.01
2026.02.10;2;7;10297;10.27;11;12;12;12;102;10.11;11;12;3600;0.01
2026.02.10;2;8;11206;10.75;12;12;12;12;141;10.72;12;12;3600;0.01
2026.02.10;2;9;8348;10.36;11;11;11;11;145;10.30;11;11;3600;0.01
2026.02.10;2;10;9645;10.18;11;11;11;11;79;10.09;11;11;3600;0.01
2026.02.10;2;11;8492;9.98;11;11;11;11;117;9.92;11;11;3600;0.01
2026.02.10;2;12;7837;10.14;11;11;11;11;126;10.00;11;11;3600;0.01
2026.02.10;2;13;6346;10.20;11;11;11;11;97;10.14;11;11;3600;0.01
2026.02.10;2;14;9628;9.59;10;10;10;10;91;9.50;10;10;3600;0.01
2026.02.10;2;15;13427;16.41;12;18;27;73;200;14.76;11;24;3600;0.01
2026.02.10;2;16;15018;15.33;10;10;22;132;200;13.27;10;18;3600;0.01
2026.02.10;2;17;15806;12.20;10;10;18;52;200;11.70;10;17;3600;0.01
2026.02.10;2;18;14880;14.49;11;17;23;56;173;13.66;10;21;3600;0.01
2026.02.10;2;19;10873;12.18;11;12;18;55;141;11.44;10;17;3600;0.01
2026.02.10;2;20;11800;11.06;11;11;14;43;103;10.59;10;12;3600;0.01
2026.02.10;2;21;8738;9.52;9;11;11;11;74;9.46;9;11;3600;0.01
2026.02.10;2;22;9306;9.46;9;11;11;11;126;9.41;9;11;3600;0.01
2026.02.10;2;23;4373;16.11;11;14;40;70;70;17.34;11;40;3539;0.01
2026.02.11;3;1;7623;15.24;12;17;27;50;71;12.93;11;18;3598;0.01
2026.02.11;3;2;8526;13.61;12;14;21;46;175;12.54;12;20;3600;0.01
2026.02.11;3;3;10211;10.48;12;12;12;12;86;10.37;12;12;3600;0.01
2026.02.11;3;4;9671;10.57;12;12;12;12;83;10.41;12;12;3600;0.01
2026.02.11;3;5;7145;10.62;12;12;12;12;122;10.42;12;12;3600;0.01
2026.02.11;3;6;4883;10.47;12;12;12;12;73;10.29;12;12;3600;0.01
2026.02.11;3;7;7563;10.96;12;12;12;12;106;10.72;12;12;3600;0.01
2026.02.11;3;8;9015;10.42;12;12;12;12;88;10.36;12;12;3600;0.01
2026.02.11;3;9;9253;10.75;11;11;11;11;200;10.40;11;11;3600;0.01
2026.02.11;3;10;5999;10.35;11;11;11;11;135;10.21;11;11;3600;0.01
2026.02.11;3;11;6418;10.28;11;11;11;11;172;10.10;11;11;3600;0.01
2026.02.11;3;12;9121;11.08;11;11;11;11;200;10.68;11;11;3600;0.01
2026.02.11;3;13;8180;10.55;11;11;11;11;137;10.49;11;11;3600;0.01
2026.02.11;3;14;11676;9.84;10;10;10;10;200;9.73;10;10;3600;0.01
2026.02.11;3;15;16576;22.38;10;18;39;200;200;19.69;10;30;3600;0.01
2026.02.11;3;16;16114;9.85;10;10;10;10;200;9.81;10;10;3600;0.01
2026.02.11;3;17;17619;9.55;10;10;10;10;200;9.51;10;10;3600;0.01
2026.02.11;3;18;13751;9.47;10;10;10;10;136;9.47;10;10;3600;0.01
2026.02.11;3;19;12559;12.33;11;11;12;88;200;11.63;11;12;3600;0.01
2026.02.11;3;20;12537;13.55;11;12;18;101;200;12.55;10;18;3600;0.01
2026.02.11;3;21;10580;11.05;9;11;14;55;155;10.47;9;11;3600;0.01
2026.02.11;3;22;10048;9.42;9;11;11;11;71;9.40;9;11;3600;0.01
2026.02.11;3;23;5699;18.30;11;40;40;40;127;19.25;11;40;3540;0.01
2026.02.12;4;1;9697;13.77;11;15;21;50;200;12.46;11;20;3598;0.01
2026.02.12;4;2;11113;12.73;12;12;20;61;160;11.60;11;15;3600;0.01
2026.02.12;4;3;11772;10.71;12;12;12;12;200;10.58;12;12;3600;0.01
2026.02.12;4;4;9579;10.30;11;12;12;12;197;10.19;11;12;3600;0.01
2026.02.12;4;5;7518;10.17;11;12;12;12;75;10.05;10;12;3600;0.01
2026.02.12;4;6;5648;10.30;11;12;12;12;12;10.12;11;12;3600;0.01
2026.02.12;4;7;7697;10.33;11;12;12;12;12;10.25;11;12;3600;0.01
2026.02.12;4;8;10777;12.52;12;12;18;45;148;12.12;12;16;3600;0.01
2026.02.12;4;9;6783;12.08;11;12;16;42;89;11.05;11;14;3600;0.01
2026.02.12;4;10;7752;13.68;11;12;19;69;194;12.19;11;17;3600;0.01
2026.02.12;4;11;6866;13.57;11;12;18;76;144;11.60;11;15;3600;0.01
2026.02.12;4;12;6517;10.12;11;11;11;11;110;10.03;11;11;3600;0.01
2026.02.12;4;13;5654;11.91;11;12;18;32;96;11.11;11;17;3600;0.01
2026.02.12;4;14;7045;11.18;10;10;16;28;91;10.56;10;14;3600;0.01
2026.02.12;4;15;11833;15.20;12;18;23;59;154;14.18;12;21;3600;0.01
2026.02.12;4;16;13674;13.59;10;10;17;155;200;12.27;10;14;3600;0.01
2026.02.12;4;17;12592;12.39;10;10;18;61;186;11.31;10;14;3600;0.01
2026.02.12;4;18;20289;9.98;10;10;10;10;200;9.91;10;10;3600;0.01
2026.02.12;4;19;18246;9.77;11;11;11;11;130;9.75;11;11;3600;0.01
2026.02.12;4;20;17601;9.90;11;11;11;11;200;9.88;11;11;3600;0.01
2026.02.12;4;21;14594;9.65;10;11;11;11;93;9.64;10;11;3600;0.01
2026.02.12;4;22;14841;9.63;10;11;11;11;114;9.63;10;11;3600;0.01
2026.02.12;4;23;6841;17.58;11;40;40;40;165;19.18;11;40;3539;0.01
2026.02.13;5;1;10691;15.88;12;17;36;50;162;14.14;12;23;3598;0.01
2026.02.13;5;2;10810;10.56;12;12;12;12;128;10.49;12;12;3600;0.01
2026.02.13;5;3;13328;10.75;12;12;12;12;160;10.65;12;12;3600;0.01
2026.02.13;5;4;9505;10.63;12;12;12;12;141;10.41;12;12;3600;0.01
2026.02.13;5;5;7410;10.32;11;12;12;12;143;10.15;11;12;3600;0.01
2026.02.13;5;6;6733;10.41;12;12;12;12;117;10.22;11;12;3600;0.01
2026.02.13;5;7;9669;10.57;12;12;12;12;145;10.44;12;12;3600;0.01
2026.02.13;5;8;11429;10.47;12;12;12;12;76;10.42;12;12;3600;0.01
2026.02.13;5;9;9345;10.36;11;11;11;11;200;10.23;11;11;3600;0.01
2026.02.13;5;10;9778;10.20;11;11;11;11;133;10.13;11;11;3600;0.01
2026.02.13;5;11;8289;11.56;11;11;17;31;130;11.05;11;15;3600;0.01
2026.02.13;5;12;7632;12.12;11;11;18;42;107;11.26;11;14;3600;0.01
2026.02.13;5;13;9971;12.57;11;11;17;75;131;12.04;11;15;3600;0.01
2026.02.13;5;14;8409;11.71;10;11;17;45;134;10.88;10;15;3600;0.01
2026.02.13;5;15;12877;17.24;11;16;23;200;200;14.66;10;19;3600;0.01
2026.02.13;5;16;15931;9.77;10;10;10;10;200;9.70;10;10;3600;0.01
2026.02.13;5;17;17783;9.53;10;10;10;10;145;9.54;10;10;3600;0.01
2026.02.13;5;18;14744;9.34;10;10;10;10;124;9.35;10;10;3600;0.01
2026.02.13;5;19;11605;10.41;11;11;14;20;74;10.24;11;12;3600;0.01
2026.02.13;5;20;11264;10.39;9;11;13;23;116;10.17;9;12;3600;0.01
2026.02.13;5;21;10137;9.61;9;11;11;11;89;9.55;9;11;3600;0.01
2026.02.13;5;22;11343;9.50;9;11;11;11;104;9.47;9;11;3600;0.01
2026.02.13;5;23;4719;28.76;11;40;40;159;189;29.06;11;40;3420;0.01
2026.02.16;1;1;11332;16.10;13;20;27;50;200;14.59;12;22;3598;0.01
2026.02.16;1;2;8588;12.71;12;12;12;82;200;11.13;11;12;3600;0.01
2026.02.16;1;3;7871;10.28;11;12;12;12;96;10.18;11;12;3600;0.01
2026.02.16;1;4;9018;9.34;10;12;12;12;87;9.12;9;12;3600;0.01
2026.02.16;1;5;8887;9.12;9;12;12;12;131;8.96;8;12;3600;0.01
2026.02.16;1;6;8415;10.27;10;12;16;26;62;9.74;8;16;3600;0.01
2026.02.16;1;7;7554;9.18;9;12;12;12;200;8.79;8;12;3600;0.01
2026.02.16;1;8;6600;9.08;9;12;12;12;81;8.93;8;12;3600;0.01
2026.02.16;1;9;6765;9.11;10;11;11;11;55;8.90;10;11;3600;0.01
2026.02.16;1;10;7582;8.94;10;11;11;11;35;8.77;9;11;3600;0.01
2026.02.16;1;11;6247;9.68;10;11;12;28;200;9.30;9;11;3600;0.01
2026.02.16;1;12;6874;9.70;10;11;12;21;42;9.35;10;11;3600;0.01
2026.02.16;1;13;5227;9.00;10;11;11;11;31;8.88;10;11;3600;0.01
2026.02.16;1;14;5733;8.73;10;10;10;10;50;8.55;10;10;3600;0.01
2026.02.16;1;15;6574;9.90;10;11;14;25;60;9.33;10;14;3600;0.01
2026.02.16;1;16;7523;8.57;10;10;10;10;77;8.46;10;10;3600;0.01
2026.02.16;1;17;7514;8.67;10;10;10;10;35;8.47;10;10;3600;0.01
2026.02.16;1;18;6694;8.48;10;10;10;10;27;8.31;10;10;3600;0.01
2026.02.16;1;19;4843;9.16;8;11;13;32;62;8.36;6;12;3600;0.01
2026.02.16;1;20;5017;8.30;8;11;11;11;82;7.88;6;11;3600;0.01
2026.02.16;1;21;2848;8.35;8;11;11;11;71;7.95;6;11;1799;0.01
2026.02.17;2;1;6752;12.33;11;14;19;50;64;10.43;8;16;3598;0.01
2026.02.17;2;2;10249;11.45;11;12;17;50;200;10.52;10;16;3600;0.01
2026.02.17;2;3;10672;9.27;10;12;12;12;185;9.08;9;12;3600;0.01
2026.02.17;2;4;7204;8.98;8;12;12;12;57;8.75;8;12;3600;0.01
2026.02.17;2;5;7588;9.74;11;12;12;12;58;9.57;11;12;3600;0.01
2026.02.17;2;6;5465;8.93;8;12;12;12;66;8.61;7;12;3600;0.01
2026.02.17;2;7;13142;10.89;12;12;12;12;200;10.68;12;12;3600;0.01
2026.02.17;2;8;9478;8.29;7;9;12;19;112;7.98;7;12;3600;0.01
2026.02.17;2;9;8504;9.58;10;11;11;21;80;9.23;10;11;3600;0.01
2026.02.17;2;10;8014;9.13;10;11;11;11;78;9.01;10;11;3600;0.01
2026.02.17;2;11;8091;10.91;11;14;15;25;85;10.07;10;14;3600;0.01
2026.02.17;2;12;7692;9.81;10;11;13;23;55;9.19;10;11;3600;0.01
2026.02.17;2;13;6708;9.22;10;11;11;11;45;9.02;10;11;3600;0.01
2026.02.17;2;14;7958;8.63;10;10;10;10;52;8.54;10;10;3600;0.01
2026.02.17;2;15;13042;12.39;11;14;17;45;150;11.71;11;16;3600;0.01
2026.02.17;2;16;17917;9.05;10;10;10;10;83;8.93;10;10;3600;0.01
2026.02.17;2;17;18037;8.44;10;10;10;10;51;8.44;10;10;3600;0.01
2026.02.17;2;18;15154;8.28;8;10;10;10;49;8.27;9;10;3600;0.01
2026.02.17;2;19;13584;8.25;7;11;11;11;51;8.24;7;11;3600;0.01
2026.02.17;2;20;13470;8.25;7;11;11;11;85;8.16;7;11;3600;0.01
2026.02.17;2;21;12278;8.61;7;11;12;19;50;8.40;7;12;3600;0.01
2026.02.17;2;22;12225;8.12;7;11;11;11;36;8.06;7;11;3600;0.01
2026.02.17;2;23;4315;22.60;10;13;70;70;70;27.78;10;70;3539;0.01
2026.02.18;3;1;8871;11.34;7;11;18;50;79;9.75;7;13;3598;0.01
2026.02.18;3;2;9057;9.71;8;11;14;33;102;9.04;8;12;3600;0.01
2026.02.18;3;3;8262;10.75;10;13;17;29;70;9.56;7;17;3600;0.01
2026.02.18;3;4;6069;9.46;11;12;12;12;53;8.83;8;12;3600;0.01
2026.02.18;3;5;6247;9.54;10;12;12;12;56;9.23;10;12;3600;0.01
2026.02.18;3;6;6736;9.26;10;12;12;12;55;8.97;8;12;3600;0.01
2026.02.18;3;7;5557;8.91;8;12;12;12;50;8.68;8;12;3600;0.01
2026.02.18;3;8;6618;9.78;10;12;12;25;57;9.28;8;12;3600;0.01
2026.02.18;3;9;6341;10.71;10;11;13;49;139;9.72;10;12;3600;0.01
2026.02.18;3;10;6859;9.06;10;11;11;11;63;8.93;10;11;3600;0.01
2026.02.18;3;11;6588;9.15;10;11;11;11;44;9.00;10;11;3600;0.01
2026.02.18;3;12;8570;10.55;10;12;15;30;96;9.73;10;14;3600;0.01
2026.02.18;3;13;5862;8.88;10;11;11;11;37;8.68;8;11;3600;0.01
2026.02.18;3;14;8403;9.74;10;10;14;30;77;9.14;9;10;3600;0.01
2026.02.18;3;15;11603;11.91;11;14;17;40;154;11.04;10;15;3600;0.01
2026.02.18;3;16;13269;9.81;10;10;13;23;123;9.61;10;13;3600;0.01
2026.02.18;3;17;13299;7.99;7;10;10;14;48;7.81;7;10;3600;0.01
2026.02.18;3;18;11635;9.12;10;10;10;15;53;9.13;10;10;3600;0.01
2026.02.18;3;19;9399;8.62;8;11;11;18;42;8.40;7;11;3600;0.01
2026.02.18;3;20;11563;8.78;8;11;13;18;50;8.60;7;12;3600;0.01
2026.02.18;3;21;12268;8.43;7;11;11;17;68;8.24;7;11;3600;0.01
2026.02.18;3;22;11694;8.45;7;11;11;15;49;8.34;7;11;3600;0.01
2026.02.18;3;23;3523;20.02;11;40;40;70;70;21.14;10;40;3539;0.01
2026.02.19;4;1;8157;11.49;11;12;17;50;70;10.30;9;16;3598;0.01
2026.02.19;4;2;8405;10.36;10;12;17;30;100;9.65;8;15;3600;0.01
2026.02.19;4;3;6596;9.07;9;12;12;12;74;8.81;8;12;3600;0.01
2026.02.19;4;4;5284;9.17;10;12;12;12;33;8.85;8;12;3600;0.01
2026.02.19;4;5;5495;9.18;10;12;12;12;200;9.00;9;12;3600;0.01
2026.02.19;4;6;4811;9.00;8;12;12;12;50;8.72;8;12;3600;0.01
2026.02.19;4;7;5149;9.05;9;12;12;12;43;8.87;8;12;3600;0.01
2026.02.19;4;8;6232;9.20;9;12;12;12;200;8.91;8;12;3600;0.01
2026.02.19;4;9;6407;9.09;10;11;11;11;41;8.90;10;11;3600;0.01
2026.02.19;4;10;7519;9.03;10;11;11;11;40;8.92;10;11;3600;0.01
2026.02.19;4;11;7867;9.21;10;11;11;11;50;9.03;10;11;3600;0.01
2026.02.19;4;12;8711;9.36;10;11;11;11;110;9.15;10;11;3600;0.01
2026.02.19;4;13;7666;9.24;10;11;11;11;131;9.03;10;11;3600;0.01
2026.02.19;4;14;6722;8.71;10;10;10;10;27;8.56;10;10;3600;0.01
2026.02.19;4;15;10885;11.26;10;14;15;33;200;10.35;10;15;3600;0.01
2026.02.19;4;16;14973;9.54;10;10;10;27;200;9.29;10;10;3600;0.01
2026.02.19;4;17;16377;10.13;10;11;14;26;84;9.78;10;13;3600;0.01
2026.02.19;4;18;12244;8.61;10;10;10;10;84;8.57;10;10;3600;0.01
2026.02.19;4;19;10336;8.83;8;11;11;16;75;8.53;8;11;3600;0.01
2026.02.19;4;20;10249;8.65;7;11;11;19;83;8.40;7;11;3600;0.01
2026.02.19;4;21;8493;8.10;7;11;11;11;47;8.03;7;11;3600;0.01
2026.02.19;4;22;10151;8.07;7;11;11;11;42;8.01;7;11;3600;0.01
2026.02.19;4;23;3781;16.21;9;40;40;40;40;18.04;10;40;3540;0.01
2026.02.20;5;1;7037;11.07;10;13;17;50;77;9.84;7;16;3598;0.01
2026.02.20;5;2;6473;8.95;8;12;12;25;60;8.14;7;12;3600;0.01
2026.02.20;5;3;8024;8.51;9;12;12;12;12;8.21;8;12;3600;0.01
2026.02.20;5;4;6766;8.62;9;12;12;12;44;8.12;8;12;3600;0.01
2026.02.20;5;5;6301;8.39;8;11;12;12;56;8.01;7;12;3600;0.01
2026.02.20;5;6;4346;8.04;7;11;12;12;40;7.43;6;12;3600;0.01
2026.02.20;5;7;5923;8.21;8;11;12;12;42;7.67;6;12;3600;0.01
2026.02.20;5;8;8049;8.77;8;12;12;18;185;8.20;7;12;3600;0.01
2026.02.20;5;9;8400;8.82;9;11;11;19;58;8.37;8;11;3600;0.01
2026.02.20;5;10;9080;9.39;9;11;13;33;50;8.86;8;12;3600;0.01
2026.02.20;5;11;9420;9.51;9;11;13;31;69;8.77;8;12;3600;0.01
2026.02.20;5;12;8343;8.38;9;11;11;11;48;8.18;8;11;3600;0.01
2026.02.20;5;13;7640;8.31;8;11;11;11;36;8.03;8;11;3600;0.01
2026.02.20;5;14;8554;7.50;8;10;10;10;34;7.06;7;10;3600;0.01
2026.02.20;5;15;10845;9.70;9;10;13;23;59;9.03;9;12;3600;0.01
2026.02.20;5;16;14066;10.29;9;12;14;38;154;9.30;8;13;3600;0.01
2026.02.20;5;17;21252;11.61;9;10;15;89;200;10.78;8;14;3600;0.01
2026.02.20;5;18;16137;7.79;8;9;10;10;72;7.66;8;10;3600;0.01
2026.02.20;5;19;14782;7.75;7;10;11;16;49;7.64;7;11;3600;0.01
2026.02.20;5;20;14635;7.76;7;11;11;15;38;7.67;7;11;3600;0.01
2026.02.20;5;21;9669;7.45;7;10;11;11;11;7.29;6;11;3600;0.01
2026.02.20;5;22;12355;7.39;7;10;11;11;43;7.30;6;11;3600;0.01
2026.02.20;5;23;5919;16.20;9;40;40;40;123;16.97;9;40;3420;0.01
2026.02.23;1;1;12766;11.40;9;12;18;50;70;10.39;8;14;3598;0.01
2026.02.23;1;2;13243;8.62;9;12;12;12;46;8.38;8;12;3600;0.01
2026.02.23;1;3;11756;8.59;9;12;12;12;52;8.37;8;12;3600;0.01
2026.02.23;1;4;10099;8.37;8;12;12;12;40;8.13;8;12;3600;0.01
2026.02.23;1;5;8887;8.41;8;12;12;12;25;8.06;7;12;3600;0.01
2026.02.23;1;6;7053;8.25;8;12;12;12;57;7.91;7;12;3600;0.01
2026.02.23;1;7;7207;8.21;8;12;12;12;32;8.09;7;12;3600;0.01
2026.02.23;1;8;7724;8.31;8;12;12;12;44;7.97;7;12;3600;0.01
2026.02.23;1;9;11103;9.46;9;11;13;28;102;9.03;9;12;3600;0.01
2026.02.23;1;10;10165;8.39;9;11;11;11;30;8.24;8;11;3600;0.01
2026.02.23;1;11;7693;8.14;8;11;11;11;31;7.91;8;11;3600;0.01
2026.02.23;1;12;8678;8.50;9;11;11;11;36;8.27;8;11;3600;0.01
2026.02.23;1;13;8151;8.14;8;11;11;11;26;7.98;8;11;3600;0.01
2026.02.23;1;14;8702;8.21;8;10;10;17;44;7.90;8;10;3600;0.01
2026.02.23;1;15;9879;9.64;10;10;12;22;38;9.31;10;12;3600;0.01
2026.02.23;1;16;14140;10.27;10;11;13;37;72;9.51;10;12;3600;0.01
2026.02.23;1;17;16732;9.15;9;10;12;20;102;9.02;9;12;3600;0.01
2026.02.23;1;18;15921;7.67;8;10;10;10;38;7.65;8;10;3600;0.01
2026.02.23;1;19;13860;8.07;7;11;12;23;47;7.88;7;11;3600;0.01
2026.02.23;1;20;11421;7.41;7;10;11;11;27;7.29;6;11;3600;0.01
2026.02.23;1;21;10476;7.30;6;10;11;11;47;7.14;6;11;3600;0.01
2026.02.23;1;22;12442;7.41;7;10;11;11;40;7.30;6;11;3600;0.01
2026.02.23;1;23;5628;15.28;8;11;40;40;58;17.59;9;40;3540;0.01
2026.02.24;2;1;9303;11.01;9;12;16;50;58;9.57;8;14;3598;0.01
2026.02.24;2;2;10597;8.94;9;12;12;12;178;8.61;9;12;3600;0.01
2026.02.24;2;3;17773;9.34;10;12;12;12;200;9.20;10;12;3600;0.01
2026.02.24;2;4;11077;8.60;9;12;12;12;55;8.46;8;12;3600;0.01
2026.02.24;2;5;8659;8.28;8;12;12;12;48;8.07;7;12;3600;0.01
2026.02.24;2;6;7101;8.25;8;12;12;12;33;7.83;7;12;3600;0.01
2026.02.24;2;7;8950;8.32;8;12;12;12;100;8.06;7;12;3600;0.01
2026.02.24;2;8;9555;8.45;8;12;12;12;38;8.17;8;12;3600;0.01
2026.02.24;2;9;9625;8.61;9;11;11;11;32;8.38;9;11;3600;0.01
2026.02.24;2;10;8801;8.33;9;11;11;11;38;8.03;8;11;3600;0.01
2026.02.24;2;11;7179;8.19;8;11;11;11;31;7.94;8;11;3600;0.01
2026.02.24;2;12;7413;8.43;9;11;11;11;33;8.05;8;11;3600;0.01
2026.02.24;2;13;5836;8.00;8;11;11;11;33;7.78;8;11;3600;0.01
2026.02.24;2;14;10181;8.68;9;10;10;10;100;8.52;9;10;3600;0.01
2026.02.24;2;15;14380;12.62;10;13;19;66;200;11.16;10;16;3600;0.01
2026.02.24;2;16;18411;10.89;8;10;15;57;200;10.36;8;14;3600;0.01
2026.02.24;2;17;16128;8.35;7;10;11;42;200;8.01;7;10;3600;0.01
2026.02.24;2;18;14113;8.62;9;10;11;18;43;8.46;8;11;3600;0.01
2026.02.24;2;19;11658;7.66;7;10;11;13;39;7.54;7;11;3600;0.01
2026.02.24;2;20;11605;7.58;7;10;11;15;32;7.39;6;11;3600;0.01
2026.02.24;2;21;10079;7.30;6;10;11;11;21;7.17;6;11;3600;0.01
2026.02.24;2;22;11837;7.41;7;10;11;11;61;7.32;6;11;3600;0.01
2026.02.24;2;23;5266;14.74;9;11;40;70;70;15.20;8;40;3540;0.01
2026.02.25;3;1;8123;11.07;9;12;15;50;70;9.25;7;13;3598;0.01
2026.02.25;3;2;8685;9.25;8;12;14;36;66;8.57;7;13;3600;0.01
2026.02.25;3;3;12873;9.13;9;12;12;25;71;8.93;9;12;3600;0.01
2026.02.25;3;4;10574;9.00;8;12;12;24;124;8.64;8;12;3600;0.01
2026.02.25;3;5;8782;8.36;8;12;12;12;45;8.07;7;12;3600;0.01
2026.02.25;3;6;5946;8.19;8;11;12;12;12;7.87;7;12;3600;0.01
2026.02.25;3;7;9066;8.39;8;12;12;12;60;8.13;7;12;3600;0.01
2026.02.25;3;8;10204;8.62;9;12;12;12;53;8.37;8;12;3600;0.01
2026.02.25;3;9;7088;8.69;9;11;11;17;60;8.28;8;11;3600;0.01
2026.02.25;3;10;8680;9.07;9;11;12;23;41;8.71;8;12;3600;0.01
2026.02.25;3;11;8920;8.75;9;11;11;16;130;8.45;8;11;3600;0.01
2026.02.25;3;12;8696;8.68;9;11;11;16;59;8.37;8;11;3600;0.01
2026.02.25;3;13;9111;8.50;9;11;11;11;36;8.23;8;11;3600;0.01
2026.02.25;3;14;7576;8.55;9;10;10;10;25;8.41;9;10;3600;0.01
2026.02.25;3;15;10797;8.20;9;10;10;10;43;8.08;8;10;3600;0.01
2026.02.25;3;16;14072;8.42;10;10;10;10;39;8.31;10;10;3600;0.01
2026.02.25;3;17;15142;7.73;8;10;10;10;43;7.60;8;10;3600;0.01
2026.02.25;3;18;12396;7.61;8;9;10;10;39;7.48;8;10;3600;0.01
2026.02.25;3;19;11500;7.70;7;10;11;16;63;7.51;6;11;3600;0.01
2026.02.25;3;20;5332;7.51;7;10;11;14;138;7.09;5;11;3600;0.01
2026.02.25;3;21;9546;7.79;7;11;11;11;147;7.48;7;11;3600;0.01
2026.02.25;3;22;13556;7.54;7;10;11;11;126;7.41;6;11;3600;0.01
2026.02.25;3;23;9195;15.35;9;11;40;40;40;17.90;10;40;3539;0.01
2026.02.26;4;1;9819;11.13;9;12;17;50;153;10.21;8;14;3598;0.01
2026.02.26;4;2;10543;9.45;9;12;14;25;51;8.94;8;14;3600;0.01
2026.02.26;4;3;12989;8.73;9;12;12;12;89;8.55;8;12;3600;0.01
2026.02.26;4;4;10603;8.60;9;12;12;12;51;8.45;8;12;3600;0.01
2026.02.26;4;5;7914;8.18;8;12;12;12;12;7.99;7;12;3600;0.01
2026.02.26;4;6;6238;8.11;8;11;12;12;12;7.85;7;12;3600;0.01
2026.02.26;4;7;9293;8.40;8;12;12;12;34;8.16;7;12;3600;0.01
2026.02.26;4;8;8613;8.41;8;12;12;12;64;8.16;8;12;3600;0.01
2026.02.26;4;9;8760;9.47;9;11;12;41;101;8.87;8;12;3600;0.01
2026.02.26;4;10;11687;9.22;9;11;12;25;108;8.83;9;12;3600;0.01
2026.02.26;4;11;8162;8.23;8;11;11;11;36;8.06;8;11;3600;0.01
2026.02.26;4;12;8237;8.48;9;11;11;11;81;8.23;8;11;3600;0.01
2026.02.26;4;13;7699;8.29;8;11;11;11;34;8.10;8;11;3600;0.01
2026.02.26;4;14;9717;7.46;7;8;10;10;65;7.19;7;9;3600;0.01
2026.02.26;4;15;12516;10.50;10;11;13;25;200;9.95;10;12;3600;0.01
2026.02.26;4;16;15491;8.71;10;10;10;10;200;8.37;9;10;3600;0.01
2026.02.26;4;17;18368;8.08;8;10;10;10;36;8.02;8;10;3600;0.01
2026.02.26;4;18;14705;6.97;7;8;10;10;27;6.97;7;10;3600;0.01
2026.02.26;4;19;12893;7.69;7;10;11;15;74;7.53;6;11;3600;0.01
2026.02.26;4;20;12453;7.63;7;10;11;15;41;7.42;6;11;3600;0.01
2026.02.26;4;21;9503;7.41;7;10;11;11;31;7.25;6;11;3600;0.01
2026.02.26;4;22;10834;7.28;6;10;11;11;31;7.18;6;11;3600;0.01
2026.02.26;4;23;4760;15.08;8;11;40;40;40;17.53;9;40;3539;0.01
2026.02.27;5;1;6371;13.60;9;13;20;96;200;10.61;7;14;3598;0.01
2026.02.27;5;2;8603;9.05;8;12;12;34;137;8.57;8;12;3600;0.01
2026.02.27;5;3;11992;8.73;9;12;12;12;39;8.57;9;12;3600;0.01
2026.02.27;5;4;11861;8.62;9;12;12;12;36;8.56;9;12;3600;0.01
2026.02.27;5;5;8980;8.14;8;12;12;12;52;8.03;7;12;3600;0.01
2026.02.27;5;6;5319;7.97;7;11;12;12;42;7.71;6;12;3600;0.01
2026.02.27;5;7;8393;8.38;8;12;12;12;41;8.13;8;12;3600;0.01
2026.02.27;5;8;10515;8.71;8;12;12;18;61;8.50;8;12;3600;0.01
2026.02.27;5;9;9474;16.75;10;11;20;200;200;13.86;9;13;3600;0.01
2026.02.27;5;10;7967;8.52;9;11;11;15;50;8.20;8;11;3600;0.01
2026.02.27;5;11;7445;8.30;8;11;11;11;35;8.08;8;11;3600;0.01
2026.02.27;5;12;7518;8.56;9;11;11;11;145;8.24;8;11;3600;0.01
2026.02.27;5;13;6673;8.35;9;11;11;11;34;8.14;8;11;3600;0.01
2026.02.27;5;14;7378;8.73;8;10;10;16;58;8.52;8;10;3600;0.01
2026.02.27;5;15;17707;15.45;12;15;24;82;200;14.46;12;21;3600;0.01
2026.02.27;5;16;16658;10.61;10;12;16;37;140;9.97;9;15;3600;0.01
2026.02.27;5;17;17507;8.87;9;10;12;27;64;8.64;9;12;3600;0.01
2026.02.27;5;18;17026;13.47;9;12;23;90;200;12.25;9;19;3600;0.01
2026.02.27;5;19;14226;8.41;8;11;11;25;111;8.28;7;11;3600;0.01
2026.02.27;5;20;12451;8.42;8;11;11;25;77;8.19;7;11;3600;0.01
2026.02.27;5;21;10638;7.70;7;11;11;11;53;7.49;7;11;3600;0.01
2026.02.27;5;22;11960;7.54;7;10;11;11;52;7.36;6;11;3600;0.01
2026.02.27;5;23;5733;17.58;9;40;40;40;118;16.74;8;40;3418;0.01
2026.03.02;1;1;16884;15.20;12;14;48;50;200;14.53;12;38;3598;0.01
2026.03.02;1;2;15701;11.80;10;12;15;86;200;11.04;9;14;3600;0.01
2026.03.02;1;3;18332;9.59;11;12;12;12;200;9.63;11;12;3600;0.01
2026.03.02;1;4;13509;9.02;10;12;12;12;72;8.87;9;12;3600;0.01
2026.03.02;1;5;10808;8.64;9;12;12;12;64;8.51;8;12;3600;0.01
2026.03.02;1;6;8800;8.59;9;12;12;12;57;8.25;8;12;3600;0.01
2026.03.02;1;7;10147;8.83;9;12;12;12;55;8.62;9;12;3600;0.01
2026.03.02;1;8;12774;10.02;10;12;14;33;68;9.69;10;12;3600;0.01
2026.03.02;1;9;13784;10.93;10;11;12;63;200;10.16;9;11;3600;0.01
2026.03.02;1;10;14411;12.14;10;12;20;53;92;11.63;10;19;3600;0.01
2026.03.02;1;11;12111;11.55;10;12;16;60;140;10.55;9;14;3600;0.01
2026.03.02;1;12;10893;8.81;9;11;11;11;57;8.65;9;11;3600;0.01
2026.03.02;1;13;10520;8.71;9;11;11;11;44;8.54;9;11;3600;0.01
2026.03.02;1;14;11326;8.32;8;10;10;10;54;8.17;8;10;3600;0.01
2026.03.02;1;15;15787;9.35;10;10;10;10;86;9.28;10;10;3600;0.01
2026.03.02;1;16;20024;16.27;10;13;28;118;200;14.93;10;23;3600;0.01
2026.03.02;1;17;20405;10.70;7;10;17;65;159;10.24;7;17;3600;0.01
2026.03.02;1;18;19701;11.58;9;10;18;86;200;11.12;9;16;3600;0.01
2026.03.02;1;19;16420;8.14;8;11;11;11;88;8.06;8;11;3600;0.01
2026.03.02;1;20;13806;8.01;8;11;11;11;57;7.89;8;11;3600;0.01
2026.03.02;1;21;11272;7.85;7;11;11;11;52;7.66;7;11;3600;0.01
2026.03.02;1;22;15015;7.91;8;11;11;11;70;7.83;7;11;3600;0.01
2026.03.02;1;23;7090;15.24;9;11;40;40;148;17.70;10;40;3538;0.01
2026.03.03;2;1;7704;10.64;9;13;16;50;72;9.23;7;14;3598;0.01
2026.03.03;2;2;9051;10.16;9;12;14;48;200;9.14;8;14;3600;0.01
2026.03.03;2;3;14714;9.20;10;12;12;12;88;9.08;10;12;3600;0.01
2026.03.03;2;4;13741;8.84;9;12;12;12;57;8.67;9;12;3600;0.01
2026.03.03;2;5;9645;9.70;9;12;14;43;83;9.04;8;14;3600;0.01
2026.03.03;2;6;8138;8.46;8;12;12;12;59;8.12;7;12;3600;0.01
2026.03.03;2;7;13656;9.25;10;12;12;12;103;8.96;10;12;3600;0.01
2026.03.03;2;8;16109;9.62;11;12;12;12;169;9.50;11;12;3600;0.01
2026.03.03;2;9;11546;8.56;9;11;11;11;58;8.49;9;11;3600;0.01
2026.03.03;2;10;14443;8.73;9;11;11;11;78;8.70;9;11;3600;0.01
2026.03.03;2;11;16498;10.40;10;11;11;56;200;10.09;10;11;3600;0.01
2026.03.03;2;12;15515;10.06;10;11;11;41;126;9.83;10;11;3600;0.01
2026.03.03;2;13;20867;9.96;11;11;11;11;200;10.08;11;11;3600;0.01
2026.03.03;2;14;17377;8.69;9;10;10;10;108;8.56;9;10;3600;0.01
2026.03.03;2;15;19148;9.14;10;10;10;10;200;9.07;10;10;3600;0.01
2026.03.03;2;16;20437;9.42;10;10;10;10;200;9.32;10;10;3600;0.01
2026.03.03;2;17;21784;8.41;10;10;10;10;171;8.37;10;10;3600;0.01
2026.03.03;2;18;20497;8.79;10;10;10;10;89;8.79;10;10;3600;0.01
2026.03.03;2;19;19300;8.52;9;11;11;11;86;8.50;9;11;3600;0.01
2026.03.03;2;20;17685;8.37;9;11;11;11;58;8.34;9;11;3600;0.01
2026.03.03;2;21;17435;8.26;9;11;11;11;70;8.19;8;11;3600;0.01
2026.03.03;2;22;17053;8.15;8;11;11;11;53;8.12;8;11;3600;0.01
2026.03.03;2;23;8873;21.26;10;12;70;180;200;20.41;11;70;3539;0.01
2026.03.04;3;1;11030;12.54;10;12;23;50;181;11.13;9;16;3598;0.01
2026.03.04;3;2;12466;13.10;10;12;20;89;200;11.67;9;16;3600;0.01
2026.03.04;3;3;16950;9.52;11;12;12;12;69;9.48;11;12;3600;0.01
2026.03.04;3;4;14758;9.24;10;12;12;12;64;9.14;10;12;3600;0.01
2026.03.04;3;5;13979;9.17;10;12;12;12;89;9.03;10;12;3600;0.01
2026.03.04;3;6;11211;8.70;9;12;12;12;98;8.53;8;12;3600;0.01
2026.03.04;3;7;13714;9.09;10;12;12;12;89;9.00;10;12;3600;0.01
2026.03.04;3;8;14778;9.36;11;12;12;12;94;9.26;11;12;3600;0.01
2026.03.04;3;9;12202;13.35;10;11;18;96;200;12.10;10;15;3600;0.01
2026.03.04;3;10;13023;10.05;10;11;12;42;99;9.60;10;11;3600;0.01
2026.03.04;3;11;12108;12.27;10;13;20;63;178;11.33;9;17;3600;0.01
2026.03.04;3;12;12264;12.75;10;11;15;101;200;11.19;10;12;3600;0.01
2026.03.04;3;13;9176;8.59;9;11;11;11;65;8.55;9;11;3600;0.01
2026.03.04;3;14;13179;8.62;10;10;10;10;52;8.57;10;10;3600;0.01
2026.03.04;3;15;16061;22.82;11;22;50;179;200;20.90;10;46;3600;0.01
2026.03.04;3;16;18756;17.07;10;15;35;115;200;15.36;10;29;3600;0.01
2026.03.04;3;17;19266;10.99;10;10;14;59;199;10.58;10;13;3600;0.01
2026.03.04;3;18;16651;8.63;10;10;10;10;172;8.57;10;10;3600;0.01
2026.03.04;3;19;14880;8.62;10;11;11;11;100;8.47;9;11;3600;0.01
2026.03.04;3;20;15024;8.59;9;11;11;11;156;8.40;9;11;3600;0.01
2026.03.04;3;21;11139;8.01;8;11;11;11;61;7.77;7;11;3600;0.01
2026.03.04;3;22;12457;7.85;7;11;11;11;44;7.76;7;11;3600;0.01
2026.03.04;3;23;5772;14.70;9;11;40;40;69;17.91;10;40;3539;0.01
2026.03.05;4;1;7774;12.78;10;12;25;50;50;11.24;9;17;3598;0.01
2026.03.05;4;2;8539;10.99;10;12;16;46;200;9.99;9;14;3600;0.01
2026.03.05;4;3;13849;9.63;12;12;12;12;104;9.51;12;12;3600;0.01
2026.03.05;4;4;11852;9.39;11;12;12;12;69;9.33;11;12;3600;0.01
2026.03.05;4;5;9291;8.54;9;12;12;12;46;8.35;8;12;3600;0.01
2026.03.05;4;6;7304;8.52;8;12;12;12;200;8.14;7;12;3600;0.01
2026.03.05;4;7;9982;9.03;10;12;12;12;49;8.72;9;12;3600;0.01
2026.03.05;4;8;14429;9.54;11;12;12;12;109;9.42;11;12;3600;0.01
2026.03.05;4;9;11023;8.56;9;11;11;11;62;8.45;9;11;3600;0.01
2026.03.05;4;10;13031;9.07;10;11;11;11;81;9.01;10;11;3600;0.01
2026.03.05;4;11;13688;12.94;10;11;17;97;200;11.86;10;15;3600;0.01
2026.03.05;4;12;10455;8.97;10;11;11;11;53;8.85;10;11;3600;0.01
2026.03.05;4;13;8190;8.57;9;11;11;11;43;8.37;9;11;3600;0.01
2026.03.05;4;14;8850;10.02;9;10;13;48;103;9.33;9;12;3600;0.01
2026.03.05;4;15;17365;23.48;10;15;53;200;200;19.89;10;35;3600;0.01
2026.03.05;4;16;18164;11.37;10;10;14;57;159;10.91;10;13;3600;0.01
2026.03.05;4;17;20001;17.28;10;10;24;200;200;16.16;10;20;3600;0.01
2026.03.05;4;18;17868;8.94;10;10;10;10;187;8.92;10;10;3600;0.01
2026.03.05;4;19;17786;8.18;8;11;11;11;55;8.15;8;11;3600;0.01
2026.03.05;4;20;17302;8.20;8;11;11;11;62;8.13;8;11;3600;0.01
2026.03.05;4;21;16065;7.89;8;11;11;11;55;7.89;8;11;3600;0.01
2026.03.05;4;22;17011;8.10;8;11;11;11;113;8.03;8;11;3600;0.01
2026.03.05;4;23;6088;15.07;9;11;40;40;79;17.84;10;40;3540;0.01
2026.03.06;5;1;8639;13.09;10;12;29;50;88;10.87;8;15;3598;0.01
2026.03.06;5;2;9261;8.67;9;12;12;12;157;8.39;8;12;3600;0.01
2026.03.06;5;3;14635;9.29;11;12;12;12;63;9.24;10;12;3600;0.01
2026.03.06;5;4;10558;8.90;9;12;12;12;84;8.69;9;12;3600;0.01
2026.03.06;5;5;8156;8.43;8;12;12;12;77;8.16;8;12;3600;0.01
2026.03.06;5;6;5668;8.33;8;12;12;12;69;8.04;7;12;3600;0.01
2026.03.06;5;7;9337;8.87;9;12;12;12;92;8.53;8;12;3600;0.01
2026.03.06;5;8;9287;9.14;9;12;12;26;66;8.78;8;12;3600;0.01
2026.03.06;5;9;9330;9.10;9;11;11;25;78;8.76;9;11;3600;0.01
2026.03.06;5;10;9992;8.57;9;11;11;11;54;8.39;9;11;3600;0.01
2026.03.06;5;11;12289;10.75;9;11;12;58;200;10.17;9;11;3600;0.01
2026.03.06;5;12;11357;11.45;10;11;13;68;200;10.33;9;12;3600;0.01
2026.03.06;5;13;11457;9.14;10;11;11;11;70;8.92;10;11;3600;0.01
2026.03.06;5;14;11712;8.43;10;10;10;10;75;8.29;10;10;3600;0.01
2026.03.06;5;15;18049;20.07;10;13;45;200;200;17.93;10;35;3600;0.01
2026.03.06;5;16;19116;10.54;10;10;12;48;122;10.18;10;11;3600;0.01
2026.03.06;5;17;19979;13.83;10;10;28;76;200;12.89;10;23;3600;0.01
2026.03.06;5;18;16366;8.80;10;10;10;10;68;8.73;10;10;3600;0.01
2026.03.06;5;19;15506;9.92;11;11;11;35;90;9.68;10;11;3600;0.01
2026.03.06;5;20;14070;10.14;10;11;13;44;96;9.68;9;12;3600;0.01
2026.03.06;5;21;11536;9.64;10;11;11;37;78;9.04;9;11;3600;0.01
2026.03.06;5;22;12670;11.11;10;11;12;58;116;10.14;9;11;3600;0.01
2026.03.06;5;23;5451;14.23;9;11;40;40;200;17.06;9;40;3420;0.01
2026.03.09;1;1;17011;12.91;10;12;25;50;70;12.14;10;21;3598;0.01
2026.03.09;1;2;16343;22.29;11;13;44;200;200;19.26;10;31;3600;0.01
2026.03.09;1;3;16770;11.13;11;12;12;76;200;10.66;11;12;3600;0.01
2026.03.09;1;4;17951;9.65;12;12;12;12;160;9.57;12;12;3600;0.01
2026.03.09;1;5;15632;9.17;10;12;12;12;80;9.11;10;12;3600;0.01
2026.03.09;1;6;12185;8.88;9;12;12;12;170;8.65;9;12;3600;0.01
2026.03.09;1;7;8602;8.24;8;12;12;12;12;7.96;7;12;3600;0.01
2026.03.09;1;8;15174;9.04;10;12;12;12;72;8.89;9;12;3600;0.01
2026.03.09;1;9;15148;10.30;10;11;12;50;94;10.03;10;12;3600;0.01
2026.03.09;1;10;12920;11.06;10;11;16;54;103;10.40;9;14;3600;0.01
2026.03.09;1;11;13794;9.36;9;11;12;36;95;9.15;9;11;3600;0.01
2026.03.09;1;12;13645;10.25;10;11;12;54;126;9.80;10;11;3600;0.01
2026.03.09;1;13;11801;9.79;10;11;11;46;93;9.40;10;11;3600;0.01
2026.03.09;1;14;11465;8.49;9;10;10;10;69;8.40;9;10;3600;0.01
2026.03.09;1;15;11116;8.50;10;10;10;10;41;8.45;10;10;3600;0.01
2026.03.09;1;16;17271;9.35;10;10;10;10;61;9.27;10;10;3600;0.01
2026.03.09;1;17;19307;10.35;10;10;13;55;98;10.24;10;13;3600;0.01
2026.03.09;1;18;15511;10.24;9;10;14;52;144;9.70;9;12;3600;0.01
2026.03.09;1;19;13879;8.00;8;11;11;11;54;7.96;8;11;3600;0.01
2026.03.09;1;20;13184;8.05;8;11;11;11;42;7.97;8;11;3600;0.01
2026.03.09;1;21;11685;7.84;8;11;11;11;56;7.72;7;11;3600;0.01
2026.03.09;1;22;15555;8.29;9;11;11;11;200;8.17;8;11;3600;0.01
2026.03.09;1;23;7362;15.76;10;11;40;40;116;17.92;10;40;3539;0.01
2026.03.10;2;1;9886;11.70;9;12;18;50;70;10.28;8;14;3598;0.01
2026.03.10;2;2;9838;10.40;9;12;15;50;106;9.52;8;14;3600;0.01
2026.03.10;2;3;11243;10.66;9;12;16;50;145;9.67;8;14;3600;0.01
2026.03.10;2;4;15790;9.17;10;12;12;12;167;9.06;10;12;3600;0.01
2026.03.10;2;5;12616;8.78;9;12;12;12;39;8.62;9;12;3600;0.01
2026.03.10;2;6;11007;8.32;8;12;12;12;50;8.16;8;12;3600;0.01
2026.03.10;2;7;7005;8.42;8;12;12;12;42;8.08;7;12;3600;0.01
2026.03.10;2;8;9002;8.47;8;12;12;12;49;8.30;8;12;3600;0.01
2026.03.10;2;9;9841;8.74;9;11;11;18;50;8.48;9;11;3600;0.01
2026.03.10;2;10;10949;9.32;9;11;11;27;121;9.00;9;11;3600;0.01
2026.03.10;2;11;11402;8.75;9;11;11;11;153;8.51;9;11;3600;0.01
2026.03.10;2;12;9394;8.52;9;11;11;11;31;8.35;9;11;3600;0.01
2026.03.10;2;13;11900;8.94;10;11;11;11;66;8.76;9;11;3600;0.01
2026.03.10;2;14;11889;8.44;9;10;10;10;129;8.36;9;10;3600;0.01
2026.03.10;2;15;12580;12.40;10;12;20;53;200;11.15;10;17;3600;0.01
2026.03.10;2;16;17076;13.53;10;10;29;67;145;12.90;10;25;3600;0.01
2026.03.10;2;17;16132;14.73;10;10;29;92;191;13.18;10;24;3600;0.01
2026.03.10;2;18;13606;8.82;10;10;10;10;200;8.72;10;10;3600;0.01
2026.03.10;2;19;12239;9.59;9;11;11;40;80;9.11;9;11;3600;0.01
2026.03.10;2;20;13170;9.48;9;11;11;42;118;9.08;9;11;3600;0.01
2026.03.10;2;21;16610;9.58;11;11;11;11;128;9.33;11;11;3600;0.01
2026.03.10;2;22;15443;8.80;11;11;11;11;100;8.65;10;11;3600;0.01
2026.03.10;2;23;6601;16.69;11;12;40;87;118;17.36;11;40;3540;0.01
2026.03.11;3;1;8020;12.11;11;12;19;50;70;10.48;9;14;3598;0.01
2026.03.11;3;2;5622;9.06;10;12;12;12;48;8.43;8;12;3600;0.01
2026.03.11;3;3;9297;9.32;11;12;12;12;101;8.93;10;12;3600;0.01
2026.03.11;3;4;11830;8.84;9;12;12;12;40;8.69;9;12;3600;0.01
2026.03.11;3;5;10611;8.96;9;12;12;12;56;8.81;9;12;3600;0.01
2026.03.11;3;6;8043;8.64;9;12;12;12;44;8.30;8;12;3600;0.01
2026.03.11;3;7;5637;8.34;8;12;12;12;58;7.84;7;12;3600;0.01
2026.03.11;3;8;8954;9.02;10;12;12;12;41;8.61;9;12;3600;0.01
2026.03.11;3;9;9943;9.96;10;11;12;35;60;9.46;9;11;3600;0.01
2026.03.11;3;10;10251;10.02;11;11;12;29;65;9.42;10;11;3600;0.01
2026.03.11;3;11;10337;8.98;10;11;11;11;59;8.74;9;11;3600;0.01
2026.03.11;3;12;9543;9.53;9;11;12;37;98;9.06;9;12;3600;0.01
2026.03.11;3;13;9348;10.41;9;12;15;41;74;9.52;9;14;3600;0.01
2026.03.11;3;14;9463;8.63;10;10;10;10;79;8.48;10;10;3600;0.01
2026.03.11;3;15;13938;17.04;10;14;34;200;200;14.72;10;27;3600;0.01
2026.03.11;3;16;16031;8.88;10;10;10;10;142;8.76;10;10;3600;0.01
2026.03.11;3;17;16385;8.51;10;10;10;10;61;8.45;10;10;3600;0.01
2026.03.11;3;18;15092;8.27;10;10;10;10;44;8.21;10;10;3600;0.01
2026.03.11;3;19;13999;8.41;8;11;11;21;55;8.27;8;11;3600;0.01
2026.03.11;3;20;13379;9.06;9;11;12;29;200;8.75;8;12;3600;0.01
2026.03.11;3;21;10166;8.45;8;11;11;27;89;8.07;7;11;3600;0.01
2026.03.11;3;22;8888;7.70;7;11;11;11;28;7.49;7;11;3600;0.01
2026.03.11;3;23;4084;14.66;9;11;40;40;40;17.76;10;40;3535;0.01
2026.03.12;4;1;8698;11.17;9;12;14;50;70;10.59;8;14;3598;0.01
2026.03.12;4;2;9538;12.51;9;12;17;87;151;10.84;8;14;3600;0.01
2026.03.12;4;3;10535;10.32;9;12;12;63;168;9.37;8;12;3600;0.01
2026.03.12;4;4;12187;9.03;9;12;12;12;200;8.80;9;12;3600;0.01
2026.03.12;4;5;10841;8.94;9;12;12;12;174;8.69;9;12;3600;0.01
2026.03.12;4;6;7887;8.33;8;12;12;12;49;7.99;7;12;3600;0.01
2026.03.12;4;7;5619;8.43;8;12;12;12;111;7.94;7;12;3600;0.01
2026.03.12;4;8;8300;8.53;8;12;12;12;60;8.22;8;12;3600;0.01
2026.03.12;4;9;9036;8.90;9;11;11;11;41;8.74;9;11;3600;0.01
2026.03.12;4;10;7686;8.45;9;11;11;11;47;8.19;8;11;3600;0.01
2026.03.12;4;11;9115;9.12;9;11;11;30;75;8.69;8;11;3600;0.01
2026.03.12;4;12;8840;10.98;10;12;16;51;143;10.09;9;14;3600;0.01
2026.03.12;4;13;7987;8.33;8;11;11;11;66;8.15;8;11;3600;0.01
2026.03.12;4;14;6880;8.38;9;10;10;10;62;8.31;9;10;3600;0.01
2026.03.12;4;15;11744;11.41;10;10;16;66;182;10.52;10;14;3600;0.01
2026.03.12;4;16;16421;9.02;10;10;10;10;100;8.97;10;10;3600;0.01
2026.03.12;4;17;16457;8.87;10;10;10;10;40;8.85;10;10;3600;0.01
2026.03.12;4;18;16365;8.75;10;10;10;10;200;8.59;10;10;3600;0.01
2026.03.12;4;19;15129;8.96;9;11;11;28;75;8.70;8;11;3600;0.01
2026.03.12;4;20;15116;9.19;9;11;11;34;112;8.95;9;11;3600;0.01
2026.03.12;4;21;13831;8.48;9;11;11;11;61;8.38;9;11;3600;0.01
2026.03.12;4;22;13411;8.26;9;11;11;11;89;8.11;8;11;3600;0.01
2026.03.12;4;23;8966;15.64;10;11;40;40;200;18.08;11;40;3540;0.01
2026.03.13;5;1;8010;11.07;9;12;15;70;104;9.72;8;13;3598;0.01
2026.03.13;5;2;6974;8.85;9;12;12;12;12;8.29;8;12;3600;0.01
2026.03.13;5;3;7350;8.42;8;12;12;12;55;8.14;7;12;3600;0.01
2026.03.13;5;4;10997;8.78;9;12;12;12;48;8.63;9;12;3600;0.01
2026.03.13;5;5;8487;8.54;8;12;12;12;46;8.24;8;12;3600;0.01
2026.03.13;5;6;7162;8.24;8;12;12;12;42;7.95;7;12;3600;0.01
2026.03.13;5;7;5004;8.21;8;11;12;12;45;7.84;7;12;3600;0.01
2026.03.13;5;8;8319;8.64;9;12;12;12;162;8.38;8;12;3600;0.01
2026.03.13;5;9;11461;9.24;9;11;11;19;62;8.96;9;11;3600;0.01
2026.03.13;5;10;10164;9.47;9;11;12;36;106;8.91;8;12;3600;0.01
2026.03.13;5;11;11257;8.69;9;11;11;11;49;8.49;9;11;3600;0.01
2026.03.13;5;12;9355;8.83;9;11;11;28;87;8.49;8;11;3600;0.01
2026.03.13;5;13;8735;10.35;9;11;12;52;200;9.51;9;12;3600;0.01
2026.03.13;5;14;8843;9.61;9;10;12;44;157;8.88;9;12;3600;0.01
2026.03.13;5;15;12813;11.76;10;12;19;59;129;10.82;9;16;3600;0.01
2026.03.13;5;16;14750;9.17;10;10;10;32;99;8.81;9;10;3600;0.01
2026.03.13;5;17;17677;11.06;10;10;12;50;200;10.82;10;12;3600;0.01
2026.03.13;5;18;18076;11.47;10;10;21;42;137;11.14;10;20;3600;0.01
2026.03.13;5;19;16669;8.51;9;11;11;11;55;8.42;9;11;3600;0.01
2026.03.13;5;20;14888;8.59;8;11;11;31;51;8.47;8;11;3600;0.01
2026.03.13;5;21;12705;8.13;7;11;11;24;52;7.92;7;11;3600;0.01
2026.03.13;5;22;12963;7.78;7;11;11;11;200;7.63;7;11;3600;0.01
2026.03.13;5;23;6926;16.32;9;40;40;40;112;16.94;9;40;3412;0.01
2026.03.16;1;1;11205;11.49;9;12;17;50;73;10.31;8;14;3598;0.01
2026.03.16;1;2;14489;9.31;10;12;12;12;200;9.20;10;12;3600;0.01
2026.03.16;1;3;12123;9.17;10;12;12;12;32;8.86;9;12;3600;0.01
2026.03.16;1;4;17099;9.07;10;12;12;12;80;8.98;10;12;3600;0.01
2026.03.16;1;5;12237;8.59;9;12;12;12;12;8.51;8;12;3600;0.01
2026.03.16;1;6;9100;8.46;8;12;12;12;36;8.25;8;12;3600;0.01
2026.03.16;1;7;6366;8.28;8;12;12;12;41;7.99;7;12;3600;0.01
2026.03.16;1;8;8776;8.44;8;12;12;12;50;8.15;8;12;3600;0.01
2026.03.16;1;9;11013;8.90;10;11;11;11;56;8.73;9;11;3600;0.01
2026.03.16;1;10;10573;8.54;9;11;11;11;53;8.17;8;11;3600;0.01
2026.03.16;1;11;11281;8.82;10;11;11;11;65;8.64;10;11;3600;0.01
2026.03.16;1;12;10849;11.51;10;11;16;55;198;10.14;9;13;3600;0.01
2026.03.16;1;13;11204;8.42;9;11;11;11;95;8.22;8;11;3600;0.01
2026.03.16;1;14;10694;8.59;10;10;10;10;52;8.38;10;10;3600;0.01
2026.03.16;1;15;12913;11.12;10;12;19;44;155;10.25;9;16;3600;0.01
2026.03.16;1;16;15506;12.72;10;10;23;78;200;11.90;10;20;3600;0.01
2026.03.16;1;17;16422;8.73;10;10;10;10;158;8.69;10;10;3600;0.01
2026.03.16;1;18;13947;8.33;10;10;10;10;200;8.28;10;10;3600;0.01
2026.03.16;1;19;13589;8.27;8;11;11;11;45;8.15;8;11;3600;0.01
2026.03.16;1;20;12767;8.03;8;11;11;11;41;7.87;7;11;3600;0.01
2026.03.16;1;21;11857;7.89;8;11;11;11;59;7.71;7;11;3600;0.01
2026.03.16;1;22;12159;7.63;7;11;11;11;163;7.54;7;11;3600;0.01
2026.03.16;1;23;5373;15.36;9;11;40;40;53;17.56;9;40;3539;0.01
2026.03.17;2;1;6684;10.09;9;12;14;45;52;8.84;8;13;3598;0.01
2026.03.17;2;2;5551;8.46;8;12;12;12;60;7.93;7;12;3600;0.01
2026.03.17;2;3;8597;9.02;10;12;12;12;52;8.53;8;12;3600;0.01
2026.03.17;2;4;11479;8.80;9;12;12;12;54;8.56;9;12;3600;0.01
2026.03.17;2;5;8952;8.57;9;12;12;12;47;8.29;8;12;3600;0.01
2026.03.17;2;6;7718;11.02;10;12;16;49;73;9.65;8;14;3600;0.01
2026.03.17;2;7;6949;8.55;8;12;12;12;127;8.05;7;12;3600;0.01
2026.03.17;2;8;9578;8.72;9;12;12;12;109;8.46;8;12;3600;0.01
2026.03.17;2;9;11129;8.44;8;11;11;11;104;8.16;8;11;3600;0.01
2026.03.17;2;10;8243;10.48;10;11;14;47;134;9.20;8;12;3600;0.01
2026.03.17;2;11;8746;8.64;10;11;11;11;11;8.56;10;11;3600;0.01
2026.03.17;2;12;8737;9.21;9;11;11;33;65;8.67;9;11;3600;0.01
2026.03.17;2;13;10464;11.54;11;11;16;54;171;10.26;10;13;3600;0.01
2026.03.17;2;14;8138;8.16;9;10;10;10;35;8.02;8;10;3600;0.01
2026.03.17;2;15;11473;10.97;10;11;16;52;103;10.05;10;13;3600;0.01
2026.03.17;2;16;14683;10.96;10;10;13;62;200;10.22;10;11;3600;0.01
2026.03.17;2;17;15669;8.91;8;10;11;35;128;8.62;8;10;3600;0.01
2026.03.17;2;18;15443;8.39;10;10;10;10;200;8.30;10;10;3600;0.01
2026.03.17;2;19;13969;8.02;7;11;11;20;49;7.88;7;11;3600;0.01
2026.03.17;2;20;11106;7.94;7;11;11;20;60;7.67;7;11;3600;0.01
2026.03.17;2;21;9336;7.69;7;11;11;11;46;7.48;7;11;3600;0.01
2026.03.17;2;22;10301;7.49;7;10;11;11;49;7.34;6;11;3600;0.01
2026.03.17;2;23;4560;12.97;9;11;40;52;70;13.72;9;40;3539;0.01
2026.03.18;3;1;4635;9.59;9;12;13;37;66;8.30;6;12;3598;0.01
2026.03.18;3;2;3800;8.58;8;12;12;17;59;7.72;6;12;3600;0.01
2026.03.18;3;3;7570;8.73;8;12;12;18;97;8.34;8;12;3600;0.01
2026.03.18;3;4;10850;8.81;9;12;12;12;90;8.54;9;12;3600;0.01
2026.03.18;3;5;8655;8.50;8;12;12;12;111;8.20;8;12;3600;0.01
2026.03.18;3;6;7895;8.35;8;12;12;12;51;8.14;8;12;3600;0.01
2026.03.18;3;7;6184;8.40;8;12;12;12;63;7.97;7;12;3600;0.01
2026.03.18;3;8;8636;8.57;9;12;12;12;48;8.38;8;12;3600;0.01
2026.03.18;3;9;8997;8.40;9;11;11;11;27;8.17;8;11;3600;0.01
2026.03.18;3;10;7207;8.93;10;11;11;11;105;8.44;9;11;3600;0.01
2026.03.18;3;11;9381;8.53;9;11;11;11;103;8.16;8;11;3600;0.01
2026.03.18;3;12;7454;8.12;8;10;11;12;38;7.83;8;11;3600;0.01
2026.03.18;3;13;9826;10.19;10;11;12;25;200;9.95;10;12;3600;0.01
2026.03.18;3;14;14739;8.78;10;10;10;10;93;8.68;10;10;3600;0.01
2026.03.18;3;15;18852;21.67;10;14;48;200;200;20.45;10;43;3600;0.01
2026.03.18;3;16;20723;13.42;10;12;23;76;200;12.91;10;20;3600;0.01
2026.03.18;3;17;18474;10.81;9;12;17;51;117;10.45;9;16;3600;0.01
2026.03.18;3;18;14947;8.17;9;10;10;10;72;8.13;9;10;3600;0.01
2026.03.18;3;19;14214;7.88;7;11;11;11;56;7.84;7;11;3600;0.01
2026.03.18;3;20;12838;7.89;7;11;11;16;46;7.79;7;11;3600;0.01
2026.03.18;3;21;17304;10.15;8;11;15;53;144;9.76;8;14;3600;0.01
2026.03.18;3;22;16253;8.85;8;11;11;28;81;8.59;8;11;3600;0.01
2026.03.18;3;23;10896;17.92;11;31;40;81;200;19.87;11;40;3539;0.01
2026.03.19;4;1;12032;11.09;9;12;16;50;70;9.95;8;14;3598;0.01
2026.03.19;4;2;8739;8.62;9;12;12;12;56;8.32;8;12;3600;0.01
2026.03.19;4;3;10047;9.43;9;12;14;25;77;9.01;9;14;3600;0.01
2026.03.19;4;4;13323;8.84;9;12;12;12;49;8.76;9;12;3600;0.01
2026.03.19;4;5;10806;9.30;8;12;13;37;90;8.94;8;13;3600;0.01
2026.03.19;4;6;7718;8.24;8;12;12;12;51;8.01;7;12;3600;0.01
2026.03.19;4;7;6533;8.81;8;12;13;25;58;8.44;7;13;3600;0.01
2026.03.19;4;8;10502;8.64;9;12;12;12;53;8.40;8;12;3600;0.01
2026.03.19;4;9;16925;16.40;11;15;30;101;200;14.64;11;25;3600;0.01
2026.03.19;4;10;14683;8.48;8;11;11;18;113;8.25;8;11;3600;0.01
2026.03.19;4;11;18523;12.93;10;12;21;69;200;12.18;10;18;3600;0.01
2026.03.19;4;12;18592;10.65;9;11;13;64;200;10.32;9;13;3600;0.01
2026.03.19;4;13;16102;9.38;9;11;11;39;200;8.99;9;11;3600;0.01
2026.03.19;4;14;16103;10.89;10;10;13;57;132;10.34;9;13;3600;0.01
2026.03.19;4;15;20501;13.35;10;10;16;102;200;12.91;10;15;3600;0.01
2026.03.19;4;16;24988;17.75;11;18;35;103;200;17.18;11;34;3600;0.01
2026.03.19;4;17;23271;9.04;7;10;10;54;187;8.78;7;10;3600;0.01
2026.03.19;4;18;20880;8.47;10;10;10;10;181;8.43;10;10;3600;0.01
2026.03.19;4;19;19847;8.96;8;11;11;27;200;8.86;8;11;3600;0.01
2026.03.19;4;20;18296;8.44;8;11;11;21;81;8.31;8;11;3600;0.01
2026.03.19;4;21;15743;8.02;8;11;11;11;59;7.89;8;11;3600;0.01
2026.03.19;4;22;20033;7.86;7;11;11;11;102;7.79;7;11;3600;0.01
2026.03.19;4;23;8234;15.22;9;11;40;40;73;17.80;10;40;3540;0.01
2026.03.20;5;1;9919;9.40;8;12;14;37;70;8.75;7;12;3598;0.01
2026.03.20;5;2;8161;8.51;9;12;12;12;52;8.16;8;12;3600;0.01
2026.03.20;5;3;9883;8.70;9;12;12;12;83;8.37;8;12;3600;0.01
2026.03.20;5;4;16228;8.96;10;12;12;12;123;8.87;9;12;3600;0.01
2026.03.20;5;5;12105;8.74;9;12;12;12;77;8.60;9;12;3600;0.01
2026.03.20;5;6;12305;8.78;9;12;12;12;96;8.55;9;12;3600;0.01
2026.03.20;5;7;7054;8.51;8;12;12;12;57;8.17;8;12;3600;0.01
2026.03.20;5;8;11806;8.77;9;12;12;12;56;8.54;8;12;3600;0.01
2026.03.20;5;9;14547;9.47;10;11;11;25;69;9.32;9;11;3600;0.01
2026.03.20;5;10;11105;8.39;8;10;11;22;68;8.07;8;11;3600;0.01
2026.03.20;5;11;12831;9.49;11;11;11;11;48;9.46;11;11;3600;0.01
2026.03.20;5;12;12367;9.55;9;11;13;30;84;9.12;9;12;3600;0.01
2026.03.20;5;13;14223;9.36;9;11;12;31;89;9.05;9;11;3600;0.01
2026.03.20;5;14;12868;8.00;9;10;10;10;61;7.91;8;10;3600;0.01
2026.03.20;5;15;15805;9.22;9;10;12;31;79;9.02;9;12;3600;0.01
2026.03.20;5;16;19688;8.61;10;10;10;10;57;8.57;10;10;3600;0.01
2026.03.20;5;17;21644;8.58;10;10;10;10;97;8.59;10;10;3600;0.01
2026.03.20;5;18;19998;8.53;10;10;10;10;96;8.51;10;10;3600;0.01
2026.03.20;5;19;19242;10.33;9;11;11;87;200;10.05;9;11;3600;0.01
2026.03.20;5;20;18814;12.23;8;11;12;177;200;11.24;8;11;3600;0.01
2026.03.20;5;21;18675;7.88;7;11;11;11;154;7.81;7;11;3600;0.01
2026.03.20;5;22;20157;7.67;7;11;11;11;99;7.63;7;11;3600;0.01
2026.03.20;5;23;9960;15.51;9;11;40;40;72;17.04;9;40;3420;0.01
2026.03.23;1;1;14195;11.04;9;12;16;50;81;10.40;8;14;3598;0.01
2026.03.23;1;2;13677;8.96;9;12;12;12;124;8.72;9;12;3600;0.01
2026.03.23;1;3;20009;9.61;11;12;12;12;200;9.49;11;12;3600;0.01
2026.03.23;1;4;21332;9.48;11;12;12;12;131;9.45;11;12;3600;0.01
2026.03.23;1;5;18688;9.02;10;12;12;12;108;8.90;9;12;3600;0.01
2026.03.23;1;6;15908;8.91;9;12;12;12;86;8.81;9;12;3600;0.01
2026.03.23;1;7;12532;8.36;8;12;12;12;107;8.08;7;12;3600;0.01
2026.03.23;1;8;16659;9.03;10;12;12;12;114;8.83;9;12;3600;0.01
2026.03.23;1;9;22045;9.53;11;11;11;11;200;9.47;11;11;3600;0.01
2026.03.23;1;10;23413;9.26;11;11;11;11;158;9.22;11;11;3600;0.01
2026.03.23;1;11;21353;9.21;11;11;11;11;95;9.19;11;11;3600;0.01
2026.03.23;1;12;19624;8.94;10;11;11;11;73;8.86;10;11;3600;0.01
2026.03.23;1;13;17643;8.80;9;11;11;11;194;8.70;9;11;3600;0.01
2026.03.23;1;14;23310;8.54;9;10;10;10;162;8.47;9;10;3600;0.01
2026.03.23;1;15;22974;8.49;10;10;10;10;169;8.47;10;10;3600;0.01
2026.03.23;1;16;24512;9.92;10;10;10;44;164;9.72;10;10;3600;0.01
2026.03.23;1;17;24001;10.60;10;10;13;64;200;10.36;10;12;3600;0.01
2026.03.23;1;18;23258;8.71;10;10;10;10;102;8.72;10;10;3600;0.01
2026.03.23;1;19;23501;12.36;11;11;19;66;125;12.00;11;18;3600;0.01
2026.03.23;1;20;20448;11.97;11;11;20;62;194;11.41;11;17;3600;0.01
2026.03.23;1;21;19330;8.25;9;11;11;11;68;8.15;8;11;3600;0.01
2026.03.23;1;22;18888;7.62;7;11;11;11;64;7.55;7;11;3600;0.01
2026.03.23;1;23;9689;15.01;8;11;40;40;73;17.66;9;40;3540;0.01
2026.03.24;2;1;12693;10.47;9;12;15;50;148;9.36;8;14;3598;0.01
2026.03.24;2;2;11517;9.97;9;12;14;44;118;9.17;8;14;3600;0.01
2026.03.24;2;3;18230;15.15;9;12;21;200;200;13.81;9;17;3600;0.01
2026.03.24;2;4;20446;9.51;11;12;12;12;118;9.45;11;12;3600;0.01
2026.03.24;2;5;19364;9.94;12;12;12;12;200;9.82;12;12;3600;0.01
2026.03.24;2;6;15196;9.19;10;12;12;12;200;8.97;10;12;3600;0.01
2026.03.24;2;7;12452;8.98;10;12;12;12;124;8.67;9;12;3600;0.01
2026.03.24;2;8;17130;9.32;11;12;12;12;76;9.16;11;12;3600;0.01
2026.03.24;2;9;18543;8.91;10;11;11;11;97;8.86;10;11;3600;0.01
2026.03.24;2;10;17949;8.61;9;11;11;11;124;8.55;9;11;3600;0.01
2026.03.24;2;11;17990;9.98;9;11;13;46;160;9.63;9;13;3600;0.01
2026.03.24;2;12;15054;9.39;9;11;13;30;78;9.10;9;12;3600;0.01
2026.03.24;2;13;14222;8.58;9;11;11;11;82;8.51;9;11;3600;0.01
2026.03.24;2;14;17230;8.75;9;10;10;10;96;8.70;9;10;3600;0.01
2026.03.24;2;15;18770;12.31;10;10;16;80;200;11.85;9;15;3600;0.01
2026.03.24;2;16;22214;14.02;10;11;22;106;200;13.16;10;20;3600;0.01
2026.03.24;2;17;21765;8.51;10;10;10;10;120;8.50;10;10;3600;0.01
2026.03.24;2;18;19701;8.31;9;10;10;10;200;8.27;9;10;3600;0.01
2026.03.24;2;19;17243;9.63;9;11;11;53;184;9.50;9;11;3600;0.01
2026.03.24;2;20;20521;13.91;9;11;18;172;200;12.69;9;15;3600;0.01
2026.03.24;2;21;18268;8.03;8;11;11;11;92;7.98;8;11;3600;0.01
2026.03.24;2;22;15218;7.51;7;10;11;11;57;7.45;7;11;3600;0.01
2026.03.24;2;23;15015;27.29;11;29;103;137;200;22.57;11;90;3540;0.01
2026.03.25;3;1;12134;10.76;9;12;15;50;200;9.87;8;14;3598;0.01
2026.03.25;3;2;14556;12.43;9;12;18;98;191;11.03;9;14;3600;0.01
2026.03.25;3;3;14826;13.65;10;12;18;119;200;12.31;9;15;3600;0.01
2026.03.25;3;4;15813;9.61;11;12;12;12;132;9.51;11;12;3600;0.01
2026.03.25;3;5;13530;9.22;10;12;12;12;77;8.98;10;12;3600;0.01
2026.03.25;3;6;11170;9.09;10;12;12;12;117;8.71;9;12;3600;0.01
2026.03.25;3;7;7421;8.69;9;12;12;12;200;8.15;8;12;3600;0.01
2026.03.25;3;8;11832;9.12;10;12;12;12;58;8.83;9;12;3600;0.01
2026.03.25;3;9;13220;9.70;10;11;11;37;95;9.38;9;11;3600;0.01
2026.03.25;3;10;11708;9.38;9;11;11;37;77;9.07;9;11;3600;0.01
2026.03.25;3;11;13796;9.57;9;11;11;45;184;9.22;8;11;3600;0.01
2026.03.25;3;12;12510;9.41;9;11;11;33;200;9.09;9;11;3600;0.01
2026.03.25;3;13;10804;7.86;8;10;11;11;40;7.74;8;11;3600;0.01
2026.03.25;3;14;10875;8.94;9;10;10;10;200;8.80;9;10;3600;0.01
2026.03.25;3;15;16806;11.76;10;12;15;61;200;10.82;9;14;3600;0.01
2026.03.25;3;16;18181;8.67;10;10;10;10;155;8.47;10;10;3600;0.01
2026.03.25;3;17;18727;9.44;7;10;11;68;200;8.79;6;11;3600;0.01
2026.03.25;3;18;17246;8.00;8;10;10;10;99;7.84;8;10;3600;0.01
2026.03.25;3;19;16162;7.89;7;11;11;16;96;7.82;7;11;3600;0.01
2026.03.25;3;20;14175;8.05;7;11;11;21;76;7.86;7;11;3600;0.01
2026.03.25;3;21;14288;7.65;7;11;11;11;51;7.52;7;11;3600;0.01
2026.03.25;3;22;15894;7.78;7;11;11;11;131;7.71;7;11;3600;0.01
2026.03.25;3;23;8648;17.31;11;40;40;40;97;17.99;10;40;3540;0.01
2026.03.26;4;1;11341;10.65;9;12;14;50;117;9.71;8;13;3598;0.01
2026.03.26;4;2;10144;9.26;10;12;12;12;142;8.75;9;12;3600;0.01
2026.03.26;4;3;12210;9.07;10;12;12;12;180;8.77;9;12;3600;0.01
2026.03.26;4;4;13834;8.91;9;12;12;12;79;8.72;9;12;3600;0.01
2026.03.26;4;5;11806;8.91;9;12;12;12;79;8.65;9;12;3600;0.01
2026.03.26;4;6;10240;8.25;8;12;12;12;90;8.05;7;12;3600;0.01
2026.03.26;4;7;7115;8.13;8;11;12;12;69;7.80;7;12;3600;0.01
2026.03.26;4;8;13883;9.14;10;12;12;12;200;8.84;9;12;3600;0.01
2026.03.26;4;9;16386;9.74;9;11;11;47;138;9.48;9;11;3600;0.01
2026.03.26;4;10;13061;10.16;9;11;11;71;200;9.33;9;11;3600;0.01
2026.03.26;4;11;26148;8.72;9;11;11;11;155;8.98;10;11;3600;0.01
2026.03.26;4;12;13243;8.07;8;11;11;11;80;7.95;8;11;3600;0.01
2026.03.26;4;13;12036;8.64;9;11;11;11;82;8.53;9;11;3600;0.01
2026.03.26;4;14;11837;8.05;9;10;10;10;165;7.94;9;10;3600;0.01
2026.03.26;4;15;13714;10.13;8;10;13;58;200;9.71;8;13;3600;0.01
2026.03.26;4;16;15649;8.58;10;10;10;10;119;8.50;10;10;3600;0.01
2026.03.26;4;17;16374;7.98;9;10;10;10;117;7.96;9;10;3600;0.01
2026.03.26;4;18;15105;8.04;9;10;10;10;79;8.02;9;10;3600;0.01
2026.03.26;4;19;15885;8.86;9;11;11;23;200;8.79;9;11;3600;0.01
2026.03.26;4;20;14643;8.63;8;11;11;28;76;8.49;8;11;3600;0.01
2026.03.26;4;21;13417;7.49;7;11;11;11;54;7.42;6;11;3600;0.01
2026.03.26;4;22;12816;7.52;7;10;11;11;55;7.39;6;11;3600;0.01
2026.03.26;4;23;13203;17.67;11;40;40;40;149;18.12;11;40;3540;0.01
2026.03.27;5;1;8708;12.32;10;12;24;50;155;10.64;8;16;3598;0.01
2026.03.27;5;2;6775;8.74;9;12;12;12;119;8.18;8;12;3600;0.01
2026.03.27;5;3;9339;8.48;8;12;12;12;71;8.23;8;12;3600;0.01
2026.03.27;5;4;11357;9.07;10;12;12;12;60;8.86;9;12;3600;0.01
2026.03.27;5;5;10359;9.01;10;12;12;12;57;8.73;9;12;3600;0.01
2026.03.27;5;6;8867;9.02;10;12;12;12;100;8.57;9;12;3600;0.01
2026.03.27;5;7;5890;8.34;8;12;12;12;52;7.97;7;12;3600;0.01
2026.03.27;5;8;10269;8.70;9;12;12;12;61;8.49;8;12;3600;0.01
2026.03.27;5;9;10254;9.20;9;11;11;26;181;8.84;9;11;3600;0.01
2026.03.27;5;10;8851;9.49;9;11;12;39;88;8.80;8;12;3600;0.01
2026.03.27;5;11;10862;8.61;9;11;11;11;80;8.43;9;11;3600;0.01
2026.03.27;5;12;10055;8.20;8;11;11;11;66;8.09;8;11;3600;0.01
2026.03.27;5;13;10099;9.95;10;11;12;39;109;9.59;10;11;3600;0.01
2026.03.27;5;14;10776;9.62;8;10;10;56;137;9.02;8;10;3600;0.01
2026.03.27;5;15;11386;11.45;10;11;14;63;125;10.96;10;13;3600;0.01
2026.03.27;5;16;14557;11.88;10;10;10;79;200;11.43;10;10;3600;0.01
2026.03.27;5;17;15994;13.69;10;10;15;200;200;13.31;10;14;3600;0.01
2026.03.27;5;18;16156;8.27;10;10;10;10;200;8.24;10;10;3600;0.01
2026.03.27;5;19;13840;8.50;8;11;11;28;80;8.35;8;11;3600;0.01
2026.03.27;5;20;13829;8.27;7;11;11;25;137;8.11;7;11;3600;0.01
2026.03.27;5;21;12629;7.69;7;11;11;11;66;7.59;7;11;3600;0.01
2026.03.27;5;22;11850;7.40;6;10;11;11;83;7.28;6;11;3600;0.01
2026.03.27;5;23;6912;17.22;9;40;40;40;134;16.82;9;40;3419;0.01
2026.03.30;1;1;12510;11.13;9;12;17;50;96;10.28;8;14;3599;0.01
2026.03.30;1;2;11057;8.53;8;12;12;12;116;8.25;8;12;3600;0.01
2026.03.30;1;3;14175;8.79;9;12;12;12;122;8.63;9;12;3600;0.01
2026.03.30;1;4;14479;8.89;9;12;12;12;128;8.81;9;12;3600;0.01
2026.03.30;1;5;11762;8.58;9;12;12;12;81;8.41;8;12;3600;0.01
2026.03.30;1;6;10988;8.60;9;12;12;12;79;8.38;8;12;3600;0.01
2026.03.30;1;7;7906;8.45;8;12;12;12;200;8.02;7;12;3600;0.01
2026.03.30;1;8;10942;8.74;9;12;12;12;89;8.65;9;12;3600;0.01
2026.03.30;1;9;11867;8.93;9;11;11;11;55;8.82;9;11;3600;0.01
2026.03.30;1;10;10786;8.42;9;11;11;11;54;8.26;9;11;3600;0.01
2026.03.30;1;11;9710;8.49;9;11;11;11;67;8.24;9;11;3600;0.01
2026.03.30;1;12;9832;8.73;9;11;11;11;130;8.59;9;11;3600;0.01
2026.03.30;1;13;8140;8.00;8;11;11;11;66;7.92;8;11;3600;0.01
2026.03.30;1;14;12096;14.44;10;10;20;142;200;13.01;9;12;3600;0.01
2026.03.30;1;15;11872;11.90;9;10;12;88;157;10.96;9;10;3600;0.01
2026.03.30;1;16;14504;9.16;10;10;10;10;200;9.06;10;10;3600;0.01
2026.03.30;1;17;15539;8.08;9;10;10;10;60;8.06;9;10;3600;0.01
2026.03.30;1;18;13809;8.45;10;10;10;10;48;8.45;10;10;3600;0.01
2026.03.30;1;19;12707;7.88;8;11;11;11;65;7.79;7;11;3600;0.01
2026.03.30;1;20;13402;8.01;8;11;11;11;61;7.94;8;11;3600;0.01
2026.03.30;1;21;11633;7.82;7;11;11;11;78;7.72;7;11;3600;0.01
2026.03.30;1;22;12905;7.71;7;11;11;14;60;7.64;7;11;3600;0.01
2026.03.30;1;23;5216;14.99;8;12;40;40;64;17.83;9;40;3539;0.01
2026.03.31;2;1;5439;10.07;8;12;14;50;61;8.45;6;12;3599;0.01
2026.03.31;2;2;7595;12.13;9;12;16;78;200;10.85;8;14;3600;0.01
2026.03.31;2;3;13387;11.07;9;12;16;55;200;10.53;9;15;3600;0.01
2026.03.31;2;4;15099;9.72;12;12;12;12;200;9.65;11;12;3600;0.01
2026.03.31;2;5;12830;8.90;9;12;12;12;55;8.80;9;12;3600;0.01
2026.03.31;2;6;10181;9.26;10;12;12;12;12;9.19;10;12;3600;0.01
2026.03.31;2;7;8087;9.15;10;12;12;12;44;9.00;9;12;3600;0.01
2026.03.31;2;8;11100;10.39;10;12;13;41;137;10.01;10;12;3600;0.01
2026.03.31;2;9;11587;9.56;8;11;11;48;153;9.10;8;11;3600;0.01
2026.03.31;2;10;10525;9.01;9;11;11;27;105;8.69;8;11;3600;0.01
2026.03.31;2;11;10662;10.03;10;12;13;44;103;9.46;9;12;3600;0.01
2026.03.31;2;12;10055;9.91;9;11;12;57;144;9.44;9;11;3600;0.01
2026.03.31;2;13;9732;9.03;9;11;11;11;200;8.85;9;11;3600;0.01
2026.03.31;2;14;13783;8.40;9;10;10;10;200;8.31;9;10;3600;0.01
2026.03.31;2;15;13621;12.73;9;10;16;176;200;12.23;8;15;3600;0.01
2026.03.31;2;16;14827;14.51;10;13;27;90;200;13.70;10;24;3600;0.01
2026.03.31;2;17;16346;14.10;10;10;14;200;200;13.85;10;13;3600;0.01
2026.03.31;2;18;14639;8.05;9;10;10;10;39;8.08;9;10;3600;0.01
2026.03.31;2;19;14515;8.91;10;11;11;11;90;8.83;10;11;3600;0.01
2026.03.31;2;20;15804;8.88;10;11;11;11;78;8.88;10;11;3600;0.01
2026.03.31;2;21;13303;8.60;9;11;11;11;48;8.56;9;11;3600;0.01
2026.03.31;2;22;13140;8.40;9;11;11;11;163;8.35;9;11;3600;0.01
2026.03.31;2;23;7751;15.94;11;12;40;88;140;16.05;11;40;3540;0.01
2026.04.01;3;1;9117;11.89;11;12;16;50;200;11.03;10;15;3600;0.01
2026.04.01;3;2;8363;13.38;10;12;15;98;200;11.47;9;14;3600;0.01
2026.04.01;3;3;11993;13.88;11;13;21;90;200;12.66;10;17;3600;0.01
2026.04.01;3;4;13781;9.65;11;12;12;12;87;9.60;11;12;3600;0.01
2026.04.01;3;5;10348;9.43;11;12;12;12;46;9.23;10;12;3600;0.01
2026.04.01;3;6;8199;9.15;10;12;12;12;45;8.94;9;12;3601;0.01
2026.04.01;3;7;7153;9.29;10;12;12;12;67;8.99;9;12;3599;0.01
2026.04.01;3;8;9703;9.48;10;12;12;12;61;9.35;10;12;3600;0.01
2026.04.01;3;9;12287;9.25;10;11;11;11;165;9.16;9;11;3600;0.01
2026.04.01;3;10;12482;10.78;10;11;12;69;198;10.24;9;12;3600;0.01
2026.04.01;3;11;11350;10.67;8;11;15;66;200;9.79;8;13;3600;0.01
2026.04.01;3;12;9734;8.67;9;11;11;18;79;8.49;8;11;3600;0.01
2026.04.01;3;13;9044;7.94;8;11;11;11;51;7.87;7;11;3600;0.01
2026.04.01;3;14;9970;8.20;9;10;10;10;167;8.13;9;10;3600;0.01
2026.04.01;3;15;12846;9.90;9;12;14;40;117;9.53;8;13;3600;0.01
2026.04.01;3;16;15150;10.77;10;11;15;51;134;10.46;9;15;3600;0.01
2026.04.01;3;17;15496;9.69;9;10;12;52;149;9.49;9;11;3600;0.01
2026.04.01;3;18;13692;9.57;9;10;14;41;154;9.30;9;13;3600;0.01
2026.04.01;3;19;11389;8.46;9;11;11;11;48;8.38;9;11;3600;0.01
2026.04.01;3;20;11075;8.36;9;11;11;11;34;8.29;8;11;3600;0.01
2026.04.01;3;21;14304;8.51;9;11;11;11;48;8.48;9;11;3600;0.01
2026.04.01;3;22;12330;8.32;9;11;11;11;54;8.24;8;11;3600;0.01
2026.04.01;3;23;5972;15.05;10;11;40;40;40;18.14;10;40;3539;0.01
2026.04.02;4;1;8093;17.80;12;18;50;50;66;16.32;11;50;3598;0.01
2026.04.02;4;2;7979;9.45;10;12;12;12;200;9.05;9;12;3600;0.01
2026.04.02;4;3;10373;9.24;10;12;12;12;76;9.07;10;12;3600;0.01
2026.04.02;4;4;16945;18.47;12;14;33;165;200;18.11;12;32;3600;0.01
2026.04.02;4;5;14434;9.75;11;12;12;12;75;9.67;11;12;3600;0.01
2026.04.02;4;6;9765;10.14;10;12;14;31;93;9.81;10;14;3600;0.01
2026.04.02;4;7;8119;9.21;10;12;12;12;90;8.99;10;12;3600;0.01
2026.04.02;4;8;11839;9.99;12;12;12;12;102;9.74;11;12;3600;0.01
2026.04.02;4;9;14221;9.11;11;11;11;11;70;9.04;11;11;3600;0.01
2026.04.02;4;10;10848;8.74;9;11;11;11;150;8.60;9;11;3600;0.01
2026.04.02;4;11;10485;8.53;9;11;11;11;156;8.40;9;11;3600;0.01
2026.04.02;4;12;9561;8.35;9;11;11;11;85;8.19;8;11;3600;0.01
2026.04.02;4;13;10111;8.40;9;11;11;11;121;8.24;8;11;3600;0.01
2026.04.02;4;14;10353;8.72;10;10;10;10;63;8.64;9;10;3600;0.01
2026.04.02;4;15;12213;10.41;10;10;13;48;100;10.03;10;12;3600;0.01
2026.04.02;4;16;16161;9.48;10;10;10;10;92;9.48;10;10;3600;0.01
2026.04.02;4;17;16837;8.72;10;10;10;10;200;8.72;10;10;3600;0.01
2026.04.02;4;18;16139;9.09;7;10;12;53;150;8.92;7;12;3600;0.01
2026.04.02;4;19;14228;8.69;9;11;11;11;55;8.66;9;11;3600;0.01
2026.04.02;4;20;12920;8.42;9;11;11;11;73;8.36;9;11;3600;0.01
2026.04.02;4;21;11419;8.44;9;11;11;11;35;8.36;9;11;3600;0.01
2026.04.02;4;22;11528;8.23;8;11;11;11;52;8.10;8;11;3600;0.01
2026.04.02;4;23;5736;16.90;10;40;40;40;200;18.27;10;40;3539;0.01
2026.04.06;1;1;11714;13.25;10;12;24;50;200;12.32;10;18;3598;0.01
2026.04.06;1;2;9704;9.18;10;12;12;12;74;8.93;9;12;3600;0.01
2026.04.06;1;3;10940;9.32;10;12;12;12;126;9.11;10;12;3600;0.01
2026.04.06;1;4;9989;9.36;10;12;12;12;12;9.17;9;12;3600;0.01
2026.04.06;1;5;10444;9.42;10;12;12;12;43;9.29;10;12;3600;0.01
2026.04.06;1;6;8823;9.17;10;12;12;12;101;8.92;9;12;3600;0.01
2026.04.06;1;7;6248;8.18;8;11;12;12;41;7.91;7;12;3600;0.01
2026.04.06;1;8;6730;9.57;11;12;12;12;141;9.32;10;12;3600;0.01
2026.04.06;1;9;8962;8.32;8;11;11;11;43;8.03;8;11;3600;0.01
2026.04.06;1;10;9927;8.37;8;11;11;11;142;8.22;8;11;3600;0.01
2026.04.06;1;11;8941;8.21;8;11;11;11;48;8.11;8;11;3600;0.01
2026.04.06;1;12;8916;8.49;9;11;11;11;200;8.23;8;11;3600;0.01
2026.04.06;1;13;8682;8.35;8;11;11;11;133;8.18;8;11;3600;0.01
2026.04.06;1;14;7542;8.45;9;10;10;10;73;8.32;9;10;3600;0.01
2026.04.06;1;15;9625;7.57;8;10;10;10;51;7.40;7;10;3600;0.01
2026.04.06;1;16;12640;9.89;10;10;11;24;200;9.64;10;10;3600;0.01
2026.04.06;1;17;14968;9.51;10;10;12;32;154;9.33;10;12;3600;0.01
2026.04.06;1;18;12113;7.29;7;10;10;10;105;7.16;6;10;3600;0.01
2026.04.06;1;19;9350;8.18;8;11;11;11;48;8.03;8;11;3600;0.01
2026.04.06;1;20;10571;8.43;9;11;11;11;51;8.20;8;11;3600;0.01
2026.04.06;1;21;10458;8.29;9;11;11;11;45;8.13;8;11;3600;0.01
2026.04.06;1;22;7601;7.99;8;11;11;11;43;7.81;8;11;3600;0.01
2026.04.06;1;23;3544;17.49;10;40;40;40;40;18.04;10;40;3538;0.01
2026.04.07;2;1;4995;10.57;9;11;14;46;108;9.52;9;12;3600;0.01
2026.04.07;2;2;4020;10.25;10;12;14;42;92;9.19;9;14;3600;0.01
2026.04.07;2;3;7346;9.74;10;12;12;12;86;9.54;10;12;3600;0.01
2026.04.07;2;4;14506;10.25;12;12;12;12;200;10.13;11;12;3600;0.01
2026.04.07;2;5;10714;8.80;9;12;12;12;71;8.65;9;12;3600;0.01
2026.04.07;2;6;8509;9.01;9;12;12;12;58;8.90;9;12;3600;0.01
2026.04.07;2;7;7286;9.06;9;12;12;12;39;8.87;9;12;3600;0.01
2026.04.07;2;8;10265;9.53;10;12;12;12;76;9.25;10;12;3600;0.01
2026.04.07;2;9;11647;8.59;9;11;11;11;62;8.46;8;11;3600;0.01
2026.04.07;2;10;9534;9.00;9;11;11;24;58;8.77;9;11;3600;0.01
2026.04.07;2;11;13292;12.00;9;12;18;69;200;11.25;9;16;3600;0.01
2026.04.07;2;12;11104;9.10;10;11;11;11;101;8.92;10;11;3600;0.01
2026.04.07;2;13;12279;8.30;8;11;11;11;200;8.04;8;11;3600;0.01
2026.04.07;2;14;11197;7.87;8;10;10;10;127;7.69;8;10;3600;0.01
2026.04.07;2;15;12134;10.49;9;10;14;47;200;9.88;9;13;3600;0.01
2026.04.07;2;16;14719;9.37;10;10;11;29;121;9.16;10;10;3600;0.01
2026.04.07;2;17;16234;11.61;10;11;19;58;200;11.32;10;18;3600;0.01
2026.04.07;2;18;14661;9.12;8;10;13;32;101;8.88;8;12;3600;0.01
2026.04.07;2;19;13455;9.78;9;11;13;33;104;9.49;9;12;3600;0.01
2026.04.07;2;20;12672;9.33;9;11;11;26;67;9.14;9;11;3600;0.01
2026.04.07;2;21;11301;8.99;9;11;12;27;66;8.70;8;11;3600;0.01
2026.04.07;2;22;14965;9.11;9;11;11;20;200;9.04;9;11;3600;0.01
2026.04.07;2;23;9961;25.32;11;12;97;161;200;22.41;11;57;3540;0.01
2026.04.08;3;1;13622;12.56;11;12;17;50;200;12.51;11;17;3599;0.01
2026.04.08;3;2;13495;10.54;11;12;14;31;138;10.36;11;14;3600;0.01
2026.04.08;3;3;13483;10.03;10;12;12;28;95;9.83;10;12;3600;0.01
2026.04.08;3;4;14102;10.32;11;12;12;25;66;10.25;11;12;3600;0.01
2026.04.08;3;5;10398;10.53;10;12;14;33;118;10.13;10;12;3600;0.01
2026.04.08;3;6;8409;9.16;10;12;12;12;67;8.96;9;12;3600;0.01
2026.04.08;3;7;7338;9.23;10;12;12;12;12;9.02;9;12;3600;0.01
2026.04.08;3;8;10180;10.54;10;12;14;35;83;9.94;10;13;3600;0.01
2026.04.08;3;9;11326;12.26;9;11;15;101;200;11.43;9;14;3600;0.01
2026.04.08;3;10;10445;9.85;8;11;12;45;200;9.11;8;11;3600;0.01
2026.04.08;3;11;10409;10.03;10;11;14;38;80;9.40;9;12;3600;0.01
2026.04.08;3;12;9173;8.77;9;11;11;11;125;8.53;9;11;3600;0.01
2026.04.08;3;13;8804;8.79;9;11;11;11;150;8.59;9;11;3600;0.01
2026.04.08;3;14;9933;8.36;10;10;10;10;45;8.20;9;10;3600;0.01
2026.04.08;3;15;12288;8.08;8;10;10;10;71;7.94;8;10;3600;0.01
2026.04.08;3;16;14667;9.10;10;10;10;10;81;9.07;10;10;3600;0.01
2026.04.08;3;17;15877;8.59;10;10;10;10;185;8.56;10;10;3600;0.01
2026.04.08;3;18;13929;7.80;8;10;10;10;53;7.75;8;10;3600;0.01
2026.04.08;3;19;11739;8.89;9;11;11;19;70;8.68;9;11;3600;0.01
2026.04.08;3;20;11721;9.89;10;11;12;32;108;9.75;10;12;3600;0.01
2026.04.08;3;21;13680;9.14;9;11;11;24;163;8.85;8;11;3600;0.01
2026.04.08;3;22;12454;8.41;9;11;11;11;44;8.36;9;11;3600;0.01
2026.04.08;3;23;5702;15.13;9;11;40;40;95;17.84;11;40;3539;0.01
2026.04.09;4;1;7396;12.43;10;12;18;50;199;11.50;10;15;3599;0.01
2026.04.09;4;2;6326;9.28;10;12;12;12;59;9.04;9;12;3600;0.01
2026.04.09;4;3;9225;9.25;10;12;12;12;108;9.07;10;12;3600;0.01
2026.04.09;4;4;11877;9.38;10;12;12;12;63;9.29;10;12;3600;0.01
2026.04.09;4;5;8601;9.44;10;12;12;12;48;9.20;10;12;3600;0.01
2026.04.09;4;6;8165;9.12;10;12;12;12;42;8.94;9;12;3600;0.01
2026.04.09;4;7;6092;9.11;10;12;12;12;37;8.84;9;12;3600;0.01
2026.04.09;4;8;8935;9.29;10;12;12;12;44;9.13;10;12;3600;0.01
2026.04.09;4;9;10542;8.98;9;11;11;11;11;8.95;9;11;3600;0.01
2026.04.09;4;10;11182;8.74;9;11;11;11;46;8.49;9;11;3600;0.01
2026.04.09;4;11;9081;10.79;8;11;18;49;135;10.07;8;13;3600;0.01
2026.04.09;4;12;7866;10.11;9;11;12;44;111;9.30;9;12;3600;0.01
2026.04.09;4;13;8399;8.36;8;11;11;11;120;8.19;8;11;3600;0.01
2026.04.09;4;14;8048;7.81;8;10;10;10;43;7.76;8;10;3600;0.01
2026.04.09;4;15;11185;9.64;9;11;13;35;146;9.21;9;12;3600;0.01
2026.04.09;4;16;14130;8.43;10;10;10;10;109;8.37;10;10;3600;0.01
2026.04.09;4;17;14589;8.16;9;10;10;10;193;8.12;9;10;3600;0.01
2026.04.09;4;18;14891;12.18;10;12;20;65;168;11.68;9;18;3600;0.01
2026.04.09;4;19;12220;11.95;9;11;14;95;200;11.07;9;12;3600;0.01
2026.04.09;4;20;10634;8.56;8;11;11;23;74;8.35;8;11;3600;0.01
2026.04.09;4;21;12105;8.60;9;11;11;11;72;8.47;9;11;3600;0.01
2026.04.09;4;22;9787;8.21;8;11;11;11;45;8.18;8;11;3600;0.01
2026.04.09;4;23;4374;17.11;10;40;40;40;57;18.07;10;40;3540;0.01
2026.04.10;5;1;5488;10.49;10;12;14;46;74;9.55;9;13;3599;0.01
2026.04.10;5;2;4713;8.89;9;12;12;12;54;8.58;9;12;3600;0.01
2026.04.10;5;3;7499;9.01;9;12;12;12;49;8.83;9;12;3600;0.01
2026.04.10;5;4;11104;10.74;10;12;14;43;176;10.36;10;14;3600;0.01
2026.04.10;5;5;10446;9.30;10;12;12;12;55;9.19;10;12;3600;0.01
2026.04.10;5;6;8079;9.07;10;12;12;12;12;8.95;10;12;3600;0.01
2026.04.10;5;7;5131;9.11;10;12;12;12;12;8.79;9;12;3600;0.01
2026.04.10;5;8;7391;9.15;10;12;12;12;34;8.95;9;12;3600;0.01
2026.04.10;5;9;10056;8.90;9;11;11;22;90;8.61;9;11;3600;0.01
2026.04.10;5;10;8312;8.67;9;11;11;21;74;8.35;8;11;3600;0.01
2026.04.10;5;11;8857;8.48;9;11;11;11;139;8.27;8;11;3600;0.01
2026.04.10;5;12;9125;8.38;9;11;11;11;121;8.10;8;11;3600;0.01
2026.04.10;5;13;7923;8.21;8;11;11;11;55;8.04;8;11;3600;0.01
2026.04.10;5;14;6975;8.25;9;10;10;10;56;8.13;9;10;3600;0.01
2026.04.10;5;15;11262;12.39;9;10;15;172;200;11.10;8;13;3600;0.01
2026.04.10;5;16;13144;8.05;8;10;10;16;96;7.94;8;10;3600;0.01
2026.04.10;5;17;14510;8.94;9;10;11;23;200;8.78;9;11;3600;0.01
2026.04.10;5;18;13000;8.18;9;10;10;10;77;8.11;9;10;3600;0.01
2026.04.10;5;19;11605;8.26;8;11;11;12;166;8.03;8;11;3600;0.01
2026.04.10;5;20;9920;8.42;8;10;11;21;65;8.12;8;11;3600;0.01
2026.04.10;5;21;9378;8.49;8;11;12;19;61;8.19;8;11;3600;0.01
2026.04.10;5;22;8532;8.19;8;11;11;11;11;8.19;8;11;3600;0.01
2026.04.10;5;23;5187;15.62;10;11;40;40;45;17.35;10;40;3420;0.01
2026.04.13;1;1;11638;14.29;11;14;29;50;200;13.10;10;24;3594;0.01
2026.04.13;1;2;7824;9.17;10;12;12;12;73;8.95;10;12;3600;0.01
2026.04.13;1;3;9363;9.20;10;12;12;12;62;9.04;10;12;3600;0.01
2026.04.13;1;4;11847;9.60;11;12;12;12;72;9.51;11;12;3600;0.01
2026.04.13;1;5;9427;9.11;10;12;12;12;45;9.00;10;12;3600;0.01
2026.04.13;1;6;6371;8.53;9;12;12;12;32;8.26;8;12;3600;0.01
2026.04.13;1;7;5627;9.27;10;12;12;12;140;8.88;9;12;3600;0.01
2026.04.13;1;8;7474;9.56;11;12;12;12;44;9.19;11;12;3600;0.01
2026.04.13;1;9;9620;8.30;9;11;11;11;31;8.16;8;11;3600;0.01
2026.04.13;1;10;8734;8.95;9;11;11;11;93;8.76;9;11;3600;0.01
2026.04.13;1;11;8219;8.07;8;11;11;11;53;7.89;8;11;3600;0.01
2026.04.13;1;12;7578;7.97;8;11;11;11;41;7.74;7;11;3600;0.01
2026.04.13;1;13;12221;8.56;9;11;11;11;119;8.37;8;11;3600;0.01
2026.04.13;1;14;24431;8.99;10;10;10;10;90;8.54;9;10;3600;0.01
2026.04.13;1;15;31527;9.95;10;10;12;47;90;9.07;9;12;3600;0.01
2026.04.13;1;16;65100;13.56;10;12;23;76;148;10.22;10;12;3600;0.01
2026.04.13;1;17;63981;9.16;9;10;10;35;130;8.59;9;10;3600;0.01
2026.04.13;1;18;45834;8.34;9;10;10;10;200;7.95;8;10;3600;0.01
2026.04.13;1;19;58319;9.40;11;11;11;11;200;8.87;10;11;3600;0.01
2026.04.13;1;20;33848;8.67;9;11;11;11;148;8.14;8;11;3600;0.01
2026.04.13;1;21;25298;8.22;8;11;11;11;60;7.95;8;11;3600;0.01
2026.04.13;1;22;24565;8.60;9;11;11;11;73;8.26;9;11;3600;0.01
2026.04.13;1;23;9266;14.28;8;11;40;40;97;17.79;9;40;3540;0.01
2026.04.14;2;1;12968;12.08;10;12;15;50;200;10.14;9;12;3599;0.01
2026.04.14;2;2;11860;10.20;9;12;14;53;169;8.68;8;12;3600;0.01
2026.04.14;2;3;21038;9.50;10;12;12;12;106;9.07;10;12;3600;0.01
2026.04.14;2;4;31082;11.08;10;12;12;54;124;10.14;10;12;3600;0.01
2026.04.14;2;5;19499;9.80;9;12;12;12;200;8.91;8;12;3600;0.01
2026.04.14;2;6;13098;9.00;10;12;12;12;139;8.34;8;12;3600;0.01
2026.04.14;2;7;8584;11.53;10;12;14;72;200;9.41;7;14;3600;0.01
2026.04.14;2;8;20644;10.30;12;12;12;12;190;9.86;11;12;3600;0.01
2026.04.14;2;9;18078;9.40;10;11;11;11;200;8.54;9;11;3600;0.01
2026.04.14;2;10;30943;9.27;10;11;11;26;138;8.42;9;11;3600;0.01
2026.04.14;2;11;22447;8.53;8;11;11;24;85;7.91;7;11;3600;0.01
2026.04.14;2;12;19974;9.01;9;11;11;29;89;8.28;8;11;3600;0.01
2026.04.14;2;13;22238;8.75;9;11;11;11;200;8.00;8;11;3600;0.01
2026.04.14;2;14;24151;8.55;9;10;10;10;171;7.99;8;10;3600;0.01
2026.04.14;2;15;39115;10.30;9;11;16;42;128;9.17;8;12;3600;0.01
2026.04.14;2;16;54529;8.79;10;10;10;10;200;8.37;9;10;3600;0.01
2026.04.14;2;17;58061;8.06;8;10;10;10;132;7.81;8;10;3600;0.01
2026.04.14;2;18;41054;9.15;9;10;10;43;162;8.46;8;10;3600;0.01
2026.04.14;2;19;29793;8.93;8;11;11;32;90;8.20;8;11;3600;0.01
2026.04.14;2;20;36618;8.64;8;11;11;11;180;8.02;8;11;3600;0.01
2026.04.14;2;21;26702;8.31;8;11;11;11;67;8.09;8;11;3600;0.01
2026.04.14;2;22;25767;8.85;10;11;11;11;90;8.51;9;11;3600;0.01
2026.04.14;2;23;9046;17.01;9;11;40;114;146;15.55;8;40;3539;0.01
2026.04.15;3;1;13297;14.24;11;14;23;50;200;10.12;9;14;3599;0.01
2026.04.15;3;2;12834;9.60;10;12;12;12;97;8.78;9;12;3600;0.01
2026.04.15;3;3;19057;9.34;10;12;12;12;82;8.89;10;12;3600;0.01
2026.04.15;3;4;41298;10.11;11;12;12;12;200;9.74;10;12;3600;0.01
2026.04.15;3;5;35685;9.97;11;12;12;12;107;9.53;10;12;3600;0.01
2026.04.15;3;6;20079;8.95;9;12;12;12;100;8.77;9;12;3600;0.01
2026.04.15;3;7;11587;9.12;10;12;12;12;195;8.63;9;12;3600;0.01
2026.04.15;3;8;24652;10.10;11;12;12;12;91;9.65;11;12;3600;0.01
2026.04.15;3;9;31018;8.49;9;11;11;11;54;8.23;8;11;3600;0.01
2026.04.15;3;10;28961;8.52;9;11;11;11;149;8.15;8;11;3600;0.01
2026.04.15;3;11;26501;8.71;8;11;11;31;116;8.15;8;11;3600;0.01
2026.04.15;3;12;37490;13.12;10;11;19;82;200;9.84;8;12;3600;0.01
2026.04.15;3;13;33749;8.51;9;11;11;11;110;7.79;8;11;3600;0.01
2026.04.15;3;14;28662;8.14;8;10;10;10;90;7.88;8;10;3600;0.01
2026.04.15;3;15;27779;9.23;9;10;12;38;103;8.42;8;12;3600;0.01
2026.04.15;3;16;56440;8.33;9;10;10;10;96;8.20;9;10;3600;0.01
2026.04.15;3;17;51080;9.50;9;10;13;37;89;8.95;9;12;3600;0.01
2026.04.15;3;18;51062;8.52;9;10;10;10;163;8.24;9;10;3600;0.01
2026.04.15;3;19;29769;8.81;9;11;11;11;50;8.48;9;11;3600;0.01
2026.04.15;3;20;26972;9.01;9;11;11;27;80;8.46;8;11;3600;0.01
2026.04.15;3;21;29733;9.71;9;11;13;32;59;8.51;8;11;3600;0.01
2026.04.15;3;22;29784;10.57;9;11;12;46;100;9.37;9;12;3600;0.01
2026.04.15;3;23;9241;18.12;10;40;40;43;116;18.31;10;40;3539;0.01
2026.04.16;4;1;12750;12.61;10;12;18;50;200;10.23;9;13;3600;0.01
2026.04.16;4;2;11235;8.60;8;10;12;26;200;8.04;8;11;3600;0.01
2026.04.16;4;3;16837;9.22;10;12;12;12;200;8.38;8;12;3600;0.01
2026.04.16;4;4;28216;10.59;11;12;15;31;71;9.47;9;14;3600;0.01
2026.04.16;4;5;20321;9.24;11;12;12;12;60;8.59;9;12;3600;0.01
2026.04.16;4;6;11270;8.59;9;12;12;12;125;8.03;8;12;3600;0.01
2026.04.16;4;7;7713;9.09;9;12;12;22;49;8.37;8;12;3600;0.01
2026.04.16;4;8;22266;11.28;11;12;14;52;111;9.71;10;12;3600;0.01
2026.04.16;4;9;33786;11.55;11;12;18;50;126;9.52;9;13;3600;0.01
2026.04.16;4;10;25784;13.41;10;11;23;103;153;9.42;8;12;3600;0.01
2026.04.16;4;11;24405;8.81;9;11;11;15;168;8.34;8;11;3600;0.01
2026.04.16;4;12;17756;8.66;9;11;11;17;135;8.04;8;11;3600;0.01
2026.04.16;4;13;19266;9.17;9;11;12;35;140;8.34;8;11;3600;0.01
2026.04.16;4;14;17900;9.75;9;10;10;42;80;8.83;9;10;3600;0.01
2026.04.16;4;15;25405;9.42;10;10;12;32;101;8.41;8;12;3600;0.01
2026.04.16;4;16;57786;10.24;10;10;12;37;200;9.64;10;12;3600;0.01
2026.04.16;4;17;77546;8.24;8;10;10;10;200;8.01;8;10;3600;0.01
2026.04.16;4;18;46755;8.31;9;10;10;10;158;7.83;8;10;3600;0.01
2026.04.16;4;19;38885;9.43;10;11;11;11;123;9.01;9;11;3600;0.01
2026.04.16;4;20;36111;8.72;9;11;11;11;170;8.25;8;11;3600;0.01
2026.04.16;4;21;36504;8.07;8;9;11;11;45;7.99;8;11;3600;0.01
2026.04.16;4;22;21847;8.27;8;11;11;17;61;8.18;8;11;3600;0.01
2026.04.16;4;23;7428;17.25;9;26;40;80;116;19.46;8;40;3539;0.01
2026.04.17;5;1;11362;11.40;10;12;18;48;144;8.79;9;12;3599;0.01
2026.04.17;5;2;7142;9.69;11;12;12;33;62;8.89;10;12;3600;0.01
2026.04.17;5;3;15166;9.58;10;12;12;12;53;9.16;10;12;3600;0.01
2026.04.17;5;4;35465;10.32;12;12;12;12;200;9.60;11;12;3600;0.01
2026.04.17;5;5;17186;9.26;9;12;12;21;64;8.70;9;12;3600;0.01
2026.04.17;5;6;16735;9.12;9;12;12;12;81;8.47;8;12;3600;0.01
2026.04.17;5;7;10901;9.25;10;12;12;12;120;8.68;9;12;3600;0.01
2026.04.17;5;8;20997;10.17;11;12;12;12;79;9.68;11;12;3600;0.01
2026.04.17;5;9;23746;8.61;9;11;11;11;84;8.10;8;11;3600;0.01
2026.04.17;5;10;20955;9.06;10;11;11;18;78;8.50;9;11;3600;0.01
2026.04.17;5;11;20230;9.40;9;11;11;36;84;8.66;9;11;3600;0.01
2026.04.17;5;12;19158;9.51;8;11;12;44;88;8.54;8;11;3600;0.01
2026.04.17;5;13;17116;8.82;10;11;11;11;95;8.41;9;11;3600;0.01
2026.04.17;5;14;21852;8.51;9;10;10;10;139;8.17;8;10;3600;0.01
2026.04.17;5;15;57482;10.88;10;11;16;40;200;9.92;9;14;3600;0.01
2026.04.17;5;16;109265;8.81;10;10;10;10;200;8.62;10;10;3600;0.01
2026.04.17;5;17;65325;8.27;9;10;10;10;79;8.07;9;10;3600;0.01
2026.04.17;5;18;47287;8.64;10;10;10;10;70;8.09;9;10;3600;0.01
2026.04.17;5;19;23625;8.49;8;11;11;25;107;8.07;8;11;3600;0.01
2026.04.17;5;20;34129;9.58;9;11;12;25;71;8.47;8;12;3600;0.01
2026.04.17;5;21;29454;8.86;9;11;11;11;69;8.63;9;11;3600;0.01
2026.04.17;5;22;27695;8.93;10;11;11;11;69;8.62;9;11;3600;0.01
2026.04.17;5;23;15955;18.25;11;40;40;40;145;17.64;10;40;3420;0.01
2026.04.20;1;1;35321;12.44;10;11;17;50;200;10.13;9;12;3598;0.01
2026.04.20;1;2;29715;10.53;11;12;12;12;200;9.93;10;12;3600;0.01
2026.04.20;1;3;36315;9.41;9;11;12;12;76;9.12;9;12;3600;0.01
2026.04.20;1;4;43372;9.60;10;12;12;12;125;8.99;9;12;3600;0.01
2026.04.20;1;5;20045;9.39;10;12;12;12;44;9.07;10;12;3600;0.01
2026.04.20;1;6;13235;9.29;10;12;12;12;47;8.70;9;12;3600;0.01
2026.04.20;1;7;10618;8.84;9;12;12;12;49;8.41;8;12;3600;0.01
2026.04.20;1;8;27689;9.90;11;12;12;12;65;9.26;10;12;3600;0.01
2026.04.20;1;9;33232;8.54;9;11;11;11;137;8.17;8;11;3600;0.01
2026.04.20;1;10;35792;8.48;9;11;11;11;74;8.15;8;11;3600;0.01
2026.04.20;1;11;26768;8.11;8;11;11;11;52;7.95;8;11;3600;0.01
2026.04.20;1;12;25351;8.47;9;11;11;11;186;8.21;8;11;3600;0.01
2026.04.20;1;13;20846;8.19;8;11;11;11;69;7.91;8;11;3600;0.01
2026.04.20;1;14;26442;7.95;8;10;10;10;35;7.75;8;10;3600;0.01
2026.04.20;1;15;38219;9.32;9;10;13;30;79;8.49;8;12;3600;0.01
2026.04.20;1;16;58859;8.26;9;10;10;10;66;8.09;9;10;3600;0.01
2026.04.20;1;17;63346;9.80;9;10;13;35;200;9.22;9;12;3600;0.01
2026.04.20;1;18;44952;8.13;9;10;10;10;59;7.96;9;10;3600;0.01
2026.04.20;1;19;24317;8.19;8;11;11;11;58;7.72;7;11;3600;0.01
2026.04.20;1;20;21142;8.20;8;11;11;11;41;7.64;7;11;3600;0.01
2026.04.20;1;21;18630;8.06;8;11;11;11;42;7.66;7;11;3600;0.01
2026.04.20;1;22;15852;8.60;9;11;11;11;48;8.19;8;11;3600;0.01
2026.04.20;1;23;6603;18.74;11;40;40;40;82;18.15;10;40;3540;0.01
2026.04.21;2;1;19457;12.73;10;13;16;86;200;10.10;9;14;3599;0.01
2026.04.21;2;2;7886;9.78;10;12;14;31;68;8.65;8;13;3600;0.01
2026.04.21;2;3;23694;9.59;10;12;12;17;78;9.15;10;12;3600;0.01
2026.04.21;2;4;28661;9.51;10;12;12;12;60;9.13;9;12;3600;0.01
2026.04.21;2;5;21055;8.83;9;12;12;12;50;8.31;8;12;3600;0.01
2026.04.21;2;6;21900;9.18;10;12;12;12;68;8.83;9;12;3600;0.01
2026.04.21;2;7;14590;9.54;11;12;12;12;58;9.03;10;12;3600;0.01
2026.04.21;2;8;23280;10.90;11;12;14;37;70;9.66;10;12;3600;0.01
2026.04.21;2;9;33668;9.87;9;11;11;34;59;9.07;9;11;3600;0.01
2026.04.21;2;10;23669;8.49;9;11;11;11;60;8.10;8;11;3600;0.01
2026.04.21;2;11;22854;8.73;9;11;11;18;51;8.13;8;11;3600;0.01
2026.04.21;2;12;20257;9.49;10;11;12;27;69;8.78;9;11;3600;0.01
2026.04.21;2;13;14345;7.90;8;10;11;11;36;7.72;8;11;3600;0.01
2026.04.21;2;14;24236;8.14;9;10;10;10;136;7.78;8;10;3600;0.01
2026.04.21;2;15;43822;11.83;9;12;15;97;200;9.59;9;12;3600;0.01
2026.04.21;2;16;56432;9.12;10;10;12;25;95;8.80;9;11;3600;0.01
2026.04.21;2;17;68881;9.12;10;10;10;17;200;8.94;10;10;3600;0.01
2026.04.21;2;18;65313;11.69;10;10;13;117;200;10.61;9;12;3600;0.01
2026.04.21;2;19;44939;8.62;9;11;11;11;67;8.36;8;11;3600;0.01
2026.04.21;2;20;58291;8.58;9;11;11;11;121;7.94;8;11;3600;0.01
2026.04.21;2;21;47132;8.39;8;11;11;11;94;8.01;8;11;3600;0.01
2026.04.21;2;22;58419;8.53;9;11;11;11;200;7.89;8;11;3600;0.01
2026.04.21;2;23;39195;12.48;9;11;16;83;134;14.84;9;40;3540;0.01
2026.04.22;3;1;15104;11.91;10;12;15;50;168;9.69;9;12;3600;0.01
2026.04.22;3;2;10502;9.24;10;12;12;12;50;8.64;9;12;3600;0.01
2026.04.22;3;3;13898;9.33;10;12;12;12;43;9.02;10;12;3600;0.01
2026.04.22;3;4;24392;9.17;9;12;12;12;54;8.97;9;12;3600;0.01
2026.04.22;3;5;13889;8.88;9;12;12;12;36;8.69;9;12;3600;0.01
2026.04.22;3;6;10554;8.93;10;12;12;12;35;8.68;9;12;3600;0.01
2026.04.22;3;7;8900;9.10;10;12;12;12;36;8.85;9;12;3600;0.01
2026.04.22;3;8;22695;13.14;11;12;15;74;200;11.79;10;14;3600;0.01
2026.04.22;3;9;19194;12.81;9;11;12;131;200;10.02;8;11;3600;0.01
2026.04.22;3;10;17002;8.82;9;11;11;11;41;8.60;9;11;3600;0.01
2026.04.22;3;11;18401;8.10;8;11;11;11;51;7.93;8;11;3600;0.01
2026.04.22;3;12;17042;8.29;8;11;11;11;67;8.03;8;11;3600;0.01
2026.04.22;3;13;18153;8.50;9;11;11;11;43;8.07;8;11;3600;0.01
2026.04.22;3;14;19314;7.71;8;10;10;10;41;7.62;8;10;3600;0.01
2026.04.22;3;15;26391;8.13;9;10;10;10;42;7.90;8;10;3600;0.01
2026.04.22;3;16;53214;8.40;9;10;10;10;200;8.19;9;10;3600;0.01
2026.04.22;3;17;49922;8.16;9;10;10;10;128;8.05;9;10;3600;0.01
2026.04.22;3;18;38730;7.93;8;10;10;10;65;7.86;8;10;3600;0.01
2026.04.22;3;19;25409;9.04;9;11;11;22;99;8.65;9;11;3600;0.01
2026.04.22;3;20;22824;8.53;7;11;12;35;91;7.51;7;11;3600;0.01
2026.04.22;3;21;15281;8.64;9;11;11;11;109;8.28;9;11;3600;0.01
2026.04.22;3;22;19010;8.55;9;11;11;11;25;8.21;8;11;3600;0.01
2026.04.22;3;23;8953;15.44;10;11;40;40;90;17.96;10;40;3539;0.01
2026.04.23;4;1;9827;12.17;10;12;17;50;83;10.53;10;12;3599;0.01
2026.04.23;4;2;6673;9.18;10;12;12;12;38;8.50;9;12;3600;0.01
2026.04.23;4;3;49271;11.72;11;13;16;40;113;10.05;10;14;3600;0.01
2026.04.23;4;4;37395;10.65;11;12;14;30;103;9.97;11;14;3600;0.01
2026.04.23;4;5;45079;9.56;11;12;12;12;62;9.39;10;12;3600;0.01
2026.04.23;4;6;28219;9.14;10;12;12;12;32;8.95;9;12;3600;0.01
2026.04.23;4;7;12280;9.00;10;12;12;12;29;8.66;9;12;3600;0.01
2026.04.23;4;8;25993;9.46;10;12;12;12;109;9.12;10;12;3600;0.01
2026.04.23;4;9;27180;8.71;9;11;11;11;162;8.40;9;11;3600;0.01
2026.04.23;4;10;32132;8.67;9;11;11;15;48;8.33;8;11;3600;0.01
2026.04.23;4;11;27781;9.82;9;12;13;34;70;8.90;9;12;3600;0.01
2026.04.23;4;12;26870;8.94;10;11;11;11;41;8.64;9;11;3600;0.01
2026.04.23;4;13;27920;8.31;8;11;11;11;67;7.96;8;11;3600;0.01
2026.04.23;4;14;29353;8.04;8;10;10;10;54;7.83;8;10;3600;0.01
2026.04.23;4;15;50515;8.84;9;10;12;26;157;8.58;9;12;3600;0.01
2026.04.23;4;16;49757;9.54;9;11;13;29;96;8.80;9;12;3600;0.01
2026.04.23;4;17;54085;8.05;9;10;10;10;58;7.96;9;10;3600;0.01
2026.04.23;4;18;40605;8.02;9;10;10;10;59;7.90;9;10;3600;0.01
2026.04.23;4;19;23637;8.65;9;11;11;11;36;8.28;8;11;3600;0.01
2026.04.23;4;20;87537;9.82;11;11;11;11;195;9.50;10;11;3600;0.01
2026.04.23;4;21;44219;8.12;8;10;11;11;70;7.83;8;11;3600;0.01
2026.04.23;4;22;41561;7.71;7;10;11;11;41;7.51;7;11;3600;0.01
2026.04.23;4;23;13779;14.53;9;11;40;40;80;17.60;9;40;3540;0.01
2026.04.24;5;1;11926;10.55;10;12;14;43;120;9.28;9;13;3599;0.01
2026.04.24;5;2;13087;10.22;10;12;14;35;110;9.27;9;13;3600;0.01
2026.04.24;5;3;28362;9.18;10;12;12;12;45;8.96;10;12;3600;0.01
2026.04.24;5;4;38954;9.29;10;12;12;12;88;9.12;10;12;3600;0.01
2026.04.24;5;5;31747;9.21;10;12;12;12;61;9.02;10;12;3600;0.01
2026.04.24;5;6;20424;9.10;10;12;12;12;60;8.94;9;12;3600;0.01
2026.04.24;5;7;21612;9.52;10;12;12;12;188;9.00;9;12;3600;0.01
2026.04.24;5;8;21031;10.40;10;12;14;49;134;9.45;9;12;3600;0.01
2026.04.24;5;9;32829;9.18;9;11;11;27;56;8.95;9;11;3600;0.01
2026.04.24;5;10;22376;8.42;9;11;11;11;129;8.12;8;11;3600;0.01
2026.04.24;5;11;27192;8.63;9;11;11;11;51;8.31;9;11;3600;0.01
2026.04.24;5;12;23989;9.07;10;11;11;11;53;8.65;9;11;3600;0.01
2026.04.24;5;13;20399;8.21;8;11;11;11;35;7.98;8;11;3600;0.01
2026.04.24;5;14;53897;8.26;9;10;10;10;96;7.89;8;10;3600;0.01
2026.04.24;5;15;41665;8.80;9;10;12;24;71;8.36;8;12;3600;0.01
2026.04.24;5;16;59573;8.72;9;10;11;21;65;8.46;9;10;3600;0.01
2026.04.24;5;17;63054;9.21;9;10;13;30;119;8.55;9;11;3600;0.01
2026.04.24;5;18;51118;8.15;9;10;10;10;131;7.97;9;10;3600;0.01
2026.04.24;5;19;33681;9.21;9;11;11;39;200;8.73;8;11;3600;0.01
2026.04.24;5;20;26818;8.91;9;11;12;18;66;8.16;8;11;3600;0.01
2026.04.24;5;21;23155;7.63;7;10;11;11;63;7.46;7;11;3600;0.01
2026.04.24;5;22;20967;8.94;11;11;11;11;55;8.61;10;11;3600;0.01
2026.04.24;5;23;9839;14.71;10;11;40;40;123;17.46;10;40;3419;0.01
2026.04.27;1;1;21108;12.60;10;13;21;50;200;10.44;9;14;3598;0.01
2026.04.27;1;2;13042;9.56;10;12;12;12;92;8.89;9;12;3600;0.01
2026.04.27;1;3;23402;9.60;10;12;12;12;99;9.13;10;12;3600;0.01
2026.04.27;1;4;40473;9.46;10;12;12;12;108;9.21;10;12;3600;0.01
2026.04.27;1;5;24641;9.26;10;12;12;12;50;8.96;9;12;3600;0.01
2026.04.27;1;6;21502;9.12;9;12;12;12;60;8.94;9;12;3600;0.01
2026.04.27;1;7;14001;8.92;9;12;12;12;52;8.69;9;12;3600;0.01
2026.04.27;1;8;21151;9.14;10;12;12;12;57;8.86;9;12;3600;0.01
2026.04.27;1;9;22491;8.31;8;11;11;11;55;8.06;8;11;3600;0.01
2026.04.27;1;10;22876;8.40;9;11;11;11;82;8.15;9;11;3600;0.01
2026.04.27;1;11;24695;8.34;8;11;11;11;42;8.09;8;11;3600;0.01
2026.04.27;1;12;18106;8.21;8;11;11;11;44;8.02;8;11;3600;0.01
2026.04.27;1;13;15257;8.14;8;11;11;11;40;7.92;8;11;3600;0.01
2026.04.27;1;14;19745;8.00;8;10;10;10;50;7.77;8;10;3600;0.01
2026.04.27;1;15;31034;8.14;9;10;10;10;57;7.90;8;10;3600;0.01
2026.04.27;1;16;50252;8.05;9;10;10;10;70;7.96;9;10;3600;0.01
2026.04.27;1;17;49710;8.25;9;10;10;10;70;8.17;9;10;3600;0.01
2026.04.27;1;18;45807;8.30;9;10;10;10;138;8.16;9;10;3600;0.01
2026.04.27;1;19;27152;8.44;8;10;11;23;96;8.14;8;11;3600;0.01
2026.04.27;1;20;29418;9.33;9;11;12;26;75;8.93;9;12;3600;0.01
2026.04.27;1;21;17338;8.28;9;11;11;11;33;8.16;8;11;3600;0.01
2026.04.27;1;22;16907;8.15;8;11;11;11;38;8.07;8;11;3600;0.01
2026.04.27;1;23;6519;15.97;9;40;40;40;88;17.75;9;40;3540;0.01
2026.04.28;2;1;11443;10.94;10;12;14;50;179;9.45;9;13;3599;0.01
2026.04.28;2;2;7668;8.91;9;12;12;12;42;8.45;8;12;3600;0.01
2026.04.28;2;3;15571;9.18;10;12;12;12;44;8.88;9;12;3600;0.01
2026.04.28;2;4;32330;9.54;10;12;12;12;60;9.22;10;12;3600;0.01
2026.04.28;2;5;28536;10.36;10;12;15;28;76;9.87;10;14;3600;0.01
2026.04.28;2;6;14601;9.77;10;12;14;22;55;9.03;9;12;3600;0.01
2026.04.28;2;7;10236;10.21;10;12;13;47;114;9.42;9;12;3600;0.01
2026.04.28;2;8;39708;13.82;11;12;12;173;200;11.86;11;12;3600;0.01
2026.04.28;2;9;40962;10.76;9;11;14;43;131;9.91;9;13;3600;0.01
2026.04.28;2;10;33980;8.61;9;11;11;11;89;8.36;9;11;3600;0.01
2026.04.28;2;11;38096;8.46;9;11;11;11;52;8.06;8;11;3600;0.01
2026.04.28;2;12;34160;8.82;9;11;11;11;69;8.66;9;11;3600;0.01
2026.04.28;2;13;26258;8.40;9;11;11;11;89;8.18;8;11;3600;0.01
2026.04.28;2;14;51365;8.61;10;10;10;10;200;8.34;9;10;3600;0.01
2026.04.28;2;15;62109;11.42;10;12;19;47;127;10.57;9;16;3600;0.01
2026.04.28;2;16;77846;10.68;10;11;17;39;120;10.14;10;15;3600;0.01
2026.04.28;2;17;69086;9.43;9;10;12;37;137;9.03;9;11;3600;0.01
2026.04.28;2;18;53421;8.44;10;10;10;10;62;8.30;10;10;3600;0.01
2026.04.28;2;19;30776;9.13;9;11;12;25;58;8.75;9;12;3600;0.01
2026.04.28;2;20;28265;8.23;8;11;11;23;55;7.97;7;11;3600;0.01
2026.04.28;2;21;21833;8.02;8;10;11;11;46;7.77;8;11;3600;0.01
2026.04.28;2;22;18287;8.45;9;11;11;11;31;8.11;8;11;3600;0.01
2026.04.28;2;23;8770;14.84;10;12;40;76;120;14.97;11;40;3540;0.01
2026.04.29;3;1;6430;12.03;10;12;18;50;200;9.73;9;13;3599;0.01
2026.04.29;3;2;6265;9.56;10;12;12;27;62;8.72;9;12;3600;0.01
2026.04.29;3;3;15855;9.92;11;12;12;23;200;9.25;10;12;3600;0.01
2026.04.29;3;4;32391;11.74;11;12;15;49;169;10.90;10;14;3600;0.01
2026.04.29;3;5;21948;9.48;10;12;12;12;114;9.17;10;12;3600;0.01
2026.04.29;3;6;13563;8.95;9;12;12;12;98;8.69;9;12;3600;0.01
2026.04.29;3;7;9676;9.13;9;12;12;12;53;8.83;9;12;3600;0.01
2026.04.29;3;8;15118;9.36;10;12;12;12;73;9.07;10;12;3600;0.01
2026.04.29;3;9;28307;8.61;9;11;11;11;200;8.17;8;11;3600;0.01
2026.04.29;3;10;33850;9.18;10;11;11;11;128;8.88;10;11;3600;0.01
2026.04.29;3;11;35707;8.76;9;11;11;11;102;8.44;9;11;3600;0.01
2026.04.29;3;12;32325;9.53;10;11;11;11;174;8.88;10;11;3600;0.01
2026.04.29;3;13;27361;8.37;8;11;11;11;89;8.29;8;11;3600;0.01
2026.04.29;3;14;30249;7.97;8;10;10;10;40;7.82;8;10;3600;0.01
2026.04.29;3;15;37690;9.83;9;10;14;38;120;9.03;9;12;3600;0.01
2026.04.29;3;16;60576;10.86;10;12;17;39;140;9.87;10;14;3600;0.01
2026.04.29;3;17;47503;11.12;10;12;18;47;200;10.03;9;15;3600;0.01
2026.04.29;3;18;56306;8.32;9;10;10;10;122;8.17;9;10;3600;0.01
2026.04.29;3;19;45169;8.56;9;11;11;11;117;8.43;9;11;3600;0.01
2026.04.29;3;20;39367;9.05;9;11;11;23;71;8.80;9;11;3600;0.01
2026.04.29;3;21;74080;12.27;10;12;21;58;195;10.93;9;16;3600;0.01
2026.04.29;3;22;47436;8.33;9;11;11;11;69;8.17;8;11;3600;0.01
2026.04.29;3;23;31754;14.19;10;11;40;40;100;18.55;11;40;3540;0.01
2026.04.30;4;1;12681;11.02;10;12;16;48;66;9.77;9;14;3600;0.01
2026.04.30;4;2;8062;9.65;9;12;14;25;50;8.93;9;12;3600;0.01
2026.04.30;4;3;27941;9.54;10;12;12;21;61;9.02;9;12;3600;0.01
2026.04.30;4;4;31287;9.39;10;12;12;12;142;9.16;10;12;3600;0.01
2026.04.30;4;5;26020;9.46;10;12;12;12;75;9.00;10;12;3600;0.01
2026.04.30;4;6;16410;9.13;10;12;12;12;69;8.98;9;12;3600;0.01
2026.04.30;4;7;20967;9.07;9;12;12;12;54;8.86;9;12;3600;0.01
2026.04.30;4;8;22712;9.31;10;12;12;12;79;9.06;10;12;3600;0.01
2026.04.30;4;9;33223;9.63;9;11;12;34;200;8.88;9;11;3600;0.01
2026.04.30;4;10;30816;9.10;9;11;11;23;109;8.53;9;11;3600;0.01
2026.04.30;4;11;39112;9.03;9;11;11;18;200;8.40;8;11;3600;0.01
2026.04.30;4;12;33112;9.95;10;11;12;38;90;9.18;9;12;3600;0.01
2026.04.30;4;13;34428;9.03;9;11;11;20;151;8.73;9;11;3600;0.01
2026.04.30;4;14;39622;9.34;9;10;12;34;112;8.86;9;12;3600;0.01
2026.04.30;4;15;36481;12.22;9;12;16;91;200;10.31;9;13;3600;0.01
2026.04.30;4;16;52258;10.84;10;12;16;41;132;9.98;9;14;3600;0.01
2026.04.30;4;17;53344;9.12;9;10;12;38;97;8.67;9;10;3600;0.01
2026.04.30;4;18;40596;8.01;9;10;10;10;82;7.94;9;10;3600;0.01
2026.04.30;4;19;27404;9.20;10;11;11;11;116;9.00;10;11;3600;0.01
2026.04.30;4;20;29239;8.01;8;11;11;11;73;7.60;7;11;3600;0.01
2026.04.30;4;21;22104;8.58;9;11;11;11;72;8.44;9;11;3600;0.01
2026.04.30;4;22;24891;8.27;8;11;11;11;99;8.07;8;11;3600;0.01
2026.04.30;4;23;14865;14.74;10;11;40;40;78;17.96;9;40;3540;0.01
2026.05.01;5;1;11974;11.53;10;12;14;50;179;9.70;9;13;3599;0.01
2026.05.01;5;2;9085;11.34;10;12;14;56;138;9.72;9;13;3600;0.01
2026.05.01;5;3;20621;8.98;9;12;12;12;78;8.67;9;12;3600;0.01
2026.05.01;5;4;15941;11.31;10;12;14;90;200;9.78;9;14;3600;0.01
2026.05.01;5;5;15652;9.30;10;12;12;12;110;8.84;9;12;3600;0.01
2026.05.01;5;6;12394;9.21;10;12;12;12;200;8.74;9;12;3600;0.01
2026.05.01;5;7;12106;9.18;10;12;12;12;143;8.70;9;12;3600;0.01
2026.05.01;5;8;13784;9.79;10;12;14;27;200;9.05;9;12;3600;0.01
2026.05.01;5;9;24117;9.02;9;11;11;19;114;8.57;9;11;3600;0.01
2026.05.01;5;10;22435;8.72;9;11;11;11;145;8.31;9;11;3600;0.01
2026.05.01;5;11;22064;9.39;9;11;12;30;61;8.77;9;12;3600;0.01
2026.05.01;5;12;17110;8.55;9;11;11;11;95;8.23;8;11;3600;0.01
2026.05.01;5;13;13825;8.11;8;10;11;11;53;7.80;8;11;3600;0.01
2026.05.01;5;14;18964;8.81;8;10;12;27;71;8.22;8;12;3600;0.01
2026.05.01;5;15;35515;8.34;9;10;10;10;97;8.04;9;10;3600;0.01
2026.05.01;5;16;49958;9.87;9;11;14;36;122;8.77;9;12;3600;0.01
2026.05.01;5;17;63807;10.25;9;10;12;61;187;9.18;9;10;3600;0.01
2026.05.01;5;18;44704;9.10;9;10;12;23;119;8.69;9;12;3600;0.01
2026.05.01;5;19;38321;8.82;9;11;11;33;80;8.53;8;11;3600;0.01
2026.05.01;5;20;25043;8.77;9;11;11;26;54;8.40;8;11;3600;0.01
2026.05.01;5;21;30229;8.08;8;10;11;11;52;7.95;8;11;3600;0.01
2026.05.01;5;22;28495;8.03;8;11;11;11;43;7.92;8;11;3600;0.01
2026.05.01;5;23;9062;15.41;10;11;40;40;158;17.48;10;40;3420;0.01
2026.05.04;1;1;18077;10.56;10;12;14;36;200;9.43;9;13;3600;0.01
2026.05.04;1;2;13347;8.95;9;12;12;12;40;8.52;8;12;3599;0.01
2026.05.04;1;3;22741;9.18;10;12;12;12;43;8.83;9;12;3600;0.01
2026.05.04;1;4;20249;9.74;10;12;14;21;41;9.12;9;13;3600;0.01
2026.05.04;1;5;17979;9.06;10;12;12;12;46;8.69;9;12;3600;0.01
2026.05.04;1;6;18421;9.33;10;12;12;12;45;8.75;9;12;3600;0.01
2026.05.04;1;7;14660;9.06;10;12;12;12;49;8.74;9;12;3600;0.01
2026.05.04;1;8;24067;9.32;10;12;12;12;62;8.90;9;12;3600;0.01
2026.05.04;1;9;27582;8.26;8;10;11;11;52;7.91;8;11;3600;0.01
2026.05.04;1;10;22252;9.40;10;11;13;24;53;8.74;9;12;3600;0.01
2026.05.04;1;11;23410;8.52;9;11;12;17;54;8.18;8;11;3600;0.01
2026.05.04;1;12;15113;9.08;9;11;12;31;82;8.20;8;11;3600;0.01
2026.05.04;1;13;60496;10.91;10;11;14;44;200;9.45;9;12;3600;0.01
2026.05.04;1;14;38611;8.17;9;10;10;10;108;7.86;8;10;3600;0.01
2026.05.04;1;15;38059;8.12;9;10;10;10;63;7.90;8;10;3600;0.01
2026.05.04;1;16;64322;9.08;9;10;11;35;193;8.62;9;10;3600;0.01
2026.05.04;1;17;59508;8.85;9;10;11;23;85;8.46;9;10;3600;0.01
2026.05.04;1;18;85465;8.47;9;10;10;10;155;8.29;9;10;3600;0.01
2026.05.04;1;19;65269;9.75;10;11;11;33;200;9.46;9;11;3600;0.01
2026.05.04;1;20;39333;9.77;9;11;13;35;99;8.78;8;11;3600;0.01
2026.05.04;1;21;26781;8.50;9;11;11;11;56;8.25;8;11;3600;0.01
2026.05.04;1;22;29561;8.52;9;11;11;11;59;8.23;8;11;3600;0.01
2026.05.04;1;23;9105;16.03;10;11;40;40;120;18.08;10;40;3540;0.01
2026.05.05;2;1;7631;10.56;10;12;15;50;132;8.97;8;13;3599;0.01
2026.05.05;2;2;6590;8.96;9;12;12;12;41;8.48;8;12;3600;0.01
2026.05.05;2;3;16289;9.17;10;12;12;12;53;8.67;9;12;3600;0.01
2026.05.05;2;4;19602;9.15;10;12;12;12;76;8.82;9;12;3600;0.01
2026.05.05;2;5;13224;9.11;10;12;12;12;43;8.76;9;12;3600;0.01
2026.05.05;2;6;10360;8.94;9;12;12;12;32;8.58;9;12;3600;0.01
2026.05.05;2;7;10748;10.09;10;12;14;33;67;9.23;9;13;3600;0.01
2026.05.05;2;8;20092;9.41;10;12;12;12;87;9.01;10;12;3600;0.01
2026.05.05;2;9;25991;9.97;9;10;12;44;82;9.05;8;11;3600;0.01
2026.05.05;2;10;25176;8.74;9;11;11;11;49;8.34;9;11;3600;0.01
2026.05.05;2;11;23727;8.68;9;11;11;11;48;8.50;9;11;3600;0.01
2026.05.05;2;12;21015;7.94;8;11;11;11;55;7.54;7;11;3600;0.01
2026.05.05;2;13;19968;8.94;9;11;11;11;60;8.70;9;11;3600;0.01
2026.05.05;2;14;26224;8.72;9;10;10;21;57;8.41;9;10;3600;0.01
2026.05.05;2;15;33324;10.51;9;12;16;42;89;9.11;9;13;3600;0.01
2026.05.05;2;16;40620;9.50;9;10;13;32;73;8.82;9;12;3600;0.01
2026.05.05;2;17;36551;9.20;9;10;12;30;86;8.45;9;10;3600;0.01
2026.05.05;2;18;25225;10.16;8;10;12;79;148;9.08;8;12;3600;0.01
2026.05.05;2;19;24534;9.24;9;11;13;28;83;8.56;8;12;3600;0.01
2026.05.05;2;20;20755;8.37;9;11;11;11;112;8.07;8;11;3600;0.01
2026.05.05;2;21;15158;8.25;8;11;11;11;49;7.88;8;11;3600;0.01
2026.05.05;2;22;15195;8.20;8;11;11;11;25;7.95;8;11;3600;0.01
2026.05.05;2;23;7857;24.75;10;50;77;91;102;26.08;9;73;3540;0.01
2026.05.06;3;1;16997;13.48;11;14;20;56;140;10.02;9;14;3600;0.01
2026.05.06;3;2;23853;10.85;10;12;14;49;200;9.41;9;12;3600;0.01
2026.05.06;3;3;26552;9.39;10;12;12;12;77;9.02;9;12;3600;0.01
2026.05.06;3;4;26314;9.63;10;12;12;12;74;9.26;10;12;3600;0.01
2026.05.06;3;5;20649;9.19;10;12;12;12;87;8.96;9;12;3600;0.01
2026.05.06;3;6;14659;9.34;10;12;12;12;72;9.01;9;12;3600;0.01
2026.05.06;3;7;20022;9.18;10;12;12;12;69;8.87;9;12;3600;0.01
2026.05.06;3;8;22255;9.46;10;12;12;12;168;9.13;10;12;3600;0.01
2026.05.06;3;9;26649;8.91;9;11;11;11;52;8.57;9;11;3600;0.01
2026.05.06;3;10;25483;15.24;11;12;23;200;200;12.35;9;14;3600;0.01
2026.05.06;3;11;35543;10.14;10;11;12;34;120;8.89;8;12;3600;0.01
2026.05.06;3;12;42935;8.82;9;11;11;11;200;8.45;8;11;3600;0.01
2026.05.06;3;13;38583;9.30;10;11;11;11;71;8.89;9;11;3600;0.01
2026.05.06;3;14;44615;8.24;9;10;10;10;61;8.07;9;10;3600;0.01
2026.05.06;3;15;56074;11.84;9;11;17;72;200;9.83;9;13;3600;0.01
2026.05.06;3;16;63515;9.02;10;10;11;23;65;8.77;10;10;3600;0.01
2026.05.06;3;17;57928;10.30;9;12;15;38;101;9.39;9;13;3600;0.01
2026.05.06;3;18;34941;7.90;8;10;10;10;45;7.89;8;10;3600;0.01
2026.05.06;3;19;35162;8.50;9;11;11;11;67;8.31;8;11;3600;0.01
2026.05.06;3;20;23301;8.24;8;11;11;11;47;8.09;8;11;3600;0.01
2026.05.06;3;21;17733;8.09;8;11;11;11;43;7.93;8;11;3600;0.01
2026.05.06;3;22;19800;8.45;9;11;11;11;58;8.16;8;11;3600;0.01
2026.05.06;3;23;10829;16.44;10;40;40;40;100;18.29;11;40;3538;0.01
2026.05.07;4;1;11809;11.37;10;13;17;49;97;10.02;9;14;3599;0.01
2026.05.07;4;2;10136;10.18;10;12;14;29;93;9.08;9;12;3600;0.01
2026.05.07;4;3;28272;10.58;10;12;14;42;76;9.65;9;14;3600;0.01
2026.05.07;4;4;33396;9.47;10;12;12;12;51;9.14;10;12;3600;0.01
2026.05.07;4;5;21192;9.31;10;12;12;12;90;9.01;10;12;3600;0.01
2026.05.07;4;6;12121;9.06;9;12;12;12;35;8.68;9;12;3600;0.01
2026.05.07;4;7;13272;9.14;10;12;12;12;140;8.75;9;12;3600;0.01
2026.05.07;4;8;16742;9.55;10;12;12;18;39;9.09;9;12;3600;0.01
2026.05.07;4;9;32431;9.36;10;11;11;15;200;8.83;9;11;3600;0.01
2026.05.07;4;10;39282;8.71;9;11;11;11;54;8.47;9;11;3600;0.01
2026.05.07;4;11;31606;8.87;9;11;12;21;104;8.25;8;11;3600;0.01
2026.05.07;4;12;24669;8.35;9;11;11;11;97;8.04;8;11;3600;0.01
2026.05.07;4;13;21125;7.88;8;10;11;11;46;7.60;7;11;3600;0.01
2026.05.07;4;14;23735;9.00;9;10;10;10;38;8.96;10;10;3600;0.01
2026.05.07;4;15;35629;10.55;10;12;14;31;46;9.80;10;13;3600;0.01
2026.05.07;4;16;50106;9.41;10;10;12;26;61;9.02;10;10;3600;0.01
2026.05.07;4;17;45849;9.24;9;10;12;30;107;8.80;9;12;3600;0.01
2026.05.07;4;18;52961;10.22;9;12;15;39;87;9.36;9;13;3600;0.01
2026.05.07;4;19;54800;8.68;9;11;11;11;90;8.57;9;11;3600;0.01
2026.05.07;4;20;62330;8.78;9;11;11;11;101;8.51;9;11;3600;0.01
2026.05.07;4;21;45790;9.13;9;11;11;27;107;8.57;8;11;3600;0.01
2026.05.07;4;22;44427;9.06;9;11;12;29;78;8.54;8;12;3600;0.01
2026.05.07;4;23;27037;22.35;11;40;40;91;143;21.07;10;40;3540;0.01
2026.05.08;5;1;20126;11.53;10;12;15;50;128;9.96;9;13;3599;0.01
2026.05.08;5;2;12187;9.08;9;12;12;12;41;8.66;9;12;3600;0.01
2026.05.08;5;3;29046;10.11;10;12;14;33;98;9.68;10;14;3600;0.01
2026.05.08;5;4;37483;9.50;10;12;12;12;100;9.30;10;12;3600;0.01
2026.05.08;5;5;30991;9.59;10;12;12;12;86;9.19;10;12;3600;0.01
2026.05.08;5;6;19326;9.30;10;12;12;12;99;9.06;10;12;3600;0.01
2026.05.08;5;7;16251;9.28;10;12;12;12;63;8.98;9;12;3600;0.01
2026.05.08;5;8;23368;11.60;10;12;14;62;106;9.99;10;12;3600;0.01
2026.05.08;5;9;35196;12.85;9;11;19;95;183;9.80;8;11;3600;0.01
2026.05.08;5;10;35520;9.06;10;11;11;11;139;8.65;9;11;3600;0.01
2026.05.08;5;11;25632;8.26;8;10;11;16;51;7.87;8;11;3600;0.01
2026.05.08;5;12;20285;9.84;10;11;12;42;94;8.96;9;11;3600;0.01
2026.05.08;5;13;16366;8.73;9;11;11;11;73;8.24;8;11;3600;0.01
2026.05.08;5;14;21800;8.68;8;10;12;27;52;8.17;8;12;3600;0.01
2026.05.08;5;15;46923;13.04;10;11;17;111;200;10.22;9;13;3600;0.01
2026.05.08;5;16;55568;9.20;9;10;12;31;75;8.77;9;10;3600;0.01
2026.05.08;5;17;62519;10.07;10;10;14;39;141;9.24;9;12;3600;0.01
2026.05.08;5;18;50242;9.56;9;10;14;30;80;8.85;9;12;3600;0.01
2026.05.08;5;19;29185;9.38;9;11;13;29;52;8.80;8;12;3600;0.01
2026.05.08;5;20;19627;8.39;8;11;11;14;32;8.16;8;11;3600;0.01
2026.05.08;5;21;19757;8.43;9;11;11;11;36;8.11;8;11;3600;0.01
2026.05.08;5;22;18689;8.42;8;11;11;16;48;8.08;8;11;3600;0.01
2026.05.08;5;23;8434;13.46;9;11;40;40;120;17.38;10;40;3414;0.01
2026.05.11;1;1;24544;12.62;10;12;18;50;200;10.41;10;14;3598;0.01
2026.05.11;1;2;11687;8.96;9;12;12;12;74;8.68;9;12;3600;0.01
2026.05.11;1;3;27495;9.69;10;12;12;12;89;9.22;10;12;3600;0.01
2026.05.11;1;4;45771;10.65;11;12;14;31;120;10.14;10;14;3600;0.01
2026.05.11;1;5;28151;9.92;11;12;12;12;70;9.53;11;12;3600;0.01
2026.05.11;1;6;22847;9.06;10;12;12;12;49;8.75;9;12;3600;0.01
2026.05.11;1;7;15399;9.04;9;12;12;12;141;8.50;8;12;3600;0.01
2026.05.11;1;8;24109;10.23;11;12;12;12;156;9.63;11;12;3600;0.01
2026.05.11;1;9;30670;9.24;9;11;11;11;87;8.95;9;11;3600;0.01
2026.05.11;1;10;20475;8.25;8;11;11;11;78;8.04;8;11;3600;0.01
2026.05.11;1;11;21410;8.10;8;11;11;11;200;7.89;8;11;3600;0.01
2026.05.11;1;12;18605;8.96;10;11;11;11;74;8.53;9;11;3600;0.01
2026.05.11;1;13;15691;7.90;8;10;11;11;37;7.66;7;11;3600;0.01
2026.05.11;1;14;18865;7.85;8;10;10;10;96;7.65;8;10;3600;0.01
2026.05.11;1;15;34645;8.41;9;10;10;10;116;8.08;9;10;3600;0.01
2026.05.11;1;16;51800;9.37;10;10;12;33;119;9.04;10;11;3600;0.01
2026.05.11;1;17;43315;9.68;9;10;13;35;168;8.92;9;11;3600;0.01
2026.05.11;1;18;25136;7.93;8;10;10;10;38;7.78;8;10;3600;0.01
2026.05.11;1;19;25920;9.38;9;11;11;37;115;8.57;8;11;3600;0.01
2026.05.11;1;20;18461;8.80;9;11;11;27;101;8.36;8;11;3600;0.01
2026.05.11;1;21;15584;8.22;8;11;11;11;45;7.95;8;11;3600;0.01
2026.05.11;1;22;17229;8.17;8;11;11;11;52;7.92;8;11;3600;0.01
2026.05.11;1;23;8912;14.54;9;11;40;40;44;18.23;10;40;3538;0.01
2026.05.12;2;1;11044;16.75;10;13;20;200;200;10.15;9;13;3599;0.01
2026.05.12;2;2;13212;12.44;11;12;16;61;200;10.11;9;14;3600;0.01
2026.05.12;2;3;27410;9.57;10;12;12;12;200;9.23;10;12;3600;0.01
2026.05.12;2;4;37045;11.31;11;12;15;36;200;10.34;10;14;3600;0.01
2026.05.12;2;5;26128;9.59;11;12;12;12;49;9.41;11;12;3600;0.01
2026.05.12;2;6;19239;10.49;10;12;14;38;101;9.48;9;14;3600;0.01
2026.05.12;2;7;14567;9.45;10;12;12;12;76;9.01;9;12;3600;0.01
2026.05.12;2;8;25199;9.39;10;12;12;12;63;9.06;10;12;3600;0.01
2026.05.12;2;9;32318;10.08;9;11;12;37;127;9.49;9;11;3600;0.01
2026.05.12;2;10;26069;10.99;9;11;14;59;200;9.30;8;12;3600;0.01
2026.05.12;2;11;20593;9.58;8;11;11;50;200;8.82;8;11;3600;0.01
2026.05.12;2;12;18804;8.96;9;11;11;18;140;8.61;8;11;3600;0.01
2026.05.12;2;13;18181;8.65;9;11;11;11;179;8.31;9;11;3600;0.01
2026.05.12;2;14;24350;8.03;8;10;10;10;95;7.76;8;10;3600;0.01
2026.05.12;2;15;36893;11.45;9;12;17;64;133;9.99;9;13;3600;0.01
2026.05.12;2;16;51848;8.60;10;10;10;10;200;8.46;10;10;3600;0.01
2026.05.12;2;17;52352;8.47;10;10;10;10;117;8.40;10;10;3600;0.01
2026.05.12;2;18;48711;9.05;10;10;10;25;200;8.96;9;10;3600;0.01
2026.05.12;2;19;25472;9.55;9;11;11;22;63;9.20;9;11;3600;0.01
2026.05.12;2;20;19647;10.38;9;11;12;62;200;9.32;9;12;3600;0.01
2026.05.12;2;21;25463;9.16;9;11;12;26;81;8.54;9;12;3600;0.01
2026.05.12;2;22;19230;8.00;7;11;11;11;93;7.70;7;11;3600;0.01
2026.05.12;2;23;10194;14.96;10;11;40;84;136;14.71;9;40;3539;0.01
2026.05.13;3;1;15225;12.31;11;12;17;50;191;10.61;10;14;3598;0.01
2026.05.13;3;2;16490;10.72;10;12;14;41;152;9.46;9;12;3600;0.01
2026.05.13;3;3;28254;10.07;10;12;12;29;200;9.53;10;12;3600;0.01
2026.05.13;3;4;27257;11.18;11;12;14;44;157;10.38;10;14;3600;0.01
2026.05.13;3;5;20597;11.05;11;12;15;28;90;9.92;10;13;3600;0.01
2026.05.13;3;6;14933;9.22;9;12;12;27;41;8.66;8;12;3600;0.01
2026.05.13;3;7;10695;8.64;9;12;12;12;50;8.23;8;12;3600;0.01
2026.05.13;3;8;20481;8.99;9;12;12;12;78;8.72;9;12;3600;0.01
2026.05.13;3;9;23802;8.94;9;11;11;11;154;8.71;9;11;3600;0.01
2026.05.13;3;10;19253;8.37;9;11;11;11;52;8.08;8;11;3600;0.01
2026.05.13;3;11;18467;8.45;8;11;12;17;41;8.05;8;11;3600;0.01
2026.05.13;3;12;19151;10.20;9;11;12;81;185;9.19;9;11;3600;0.01
2026.05.13;3;13;20548;10.37;9;11;13;46;200;8.88;8;12;3600;0.01
2026.05.13;3;14;22790;7.87;8;10;10;10;73;7.72;8;10;3600;0.01
2026.05.13;3;15;41482;14.05;9;11;17;200;200;10.34;9;12;3600;0.01
2026.05.13;3;16;48683;8.32;9;10;10;10;77;8.22;9;10;3600;0.01
2026.05.13;3;17;46487;9.67;9;10;13;37;169;9.43;9;12;3600;0.01
2026.05.13;3;18;32536;7.96;8;10;10;10;56;7.90;8;10;3600;0.01
2026.05.13;3;19;28787;8.82;9;11;11;15;127;8.50;9;11;3600;0.01
2026.05.13;3;20;23533;9.00;9;11;12;26;57;8.57;8;12;3600;0.01
2026.05.13;3;21;22332;8.97;9;11;11;28;90;8.36;8;11;3600;0.01
2026.05.13;3;22;20672;8.33;8;11;11;18;81;8.05;8;11;3600;0.01
2026.05.13;3;23;8466;14.97;10;11;40;40;82;18.46;11;40;3539;0.01
2026.05.14;4;1;9992;11.60;10;12;15;35;108;10.67;10;12;3600;0.01
2026.05.14;4;2;6808;9.75;10;12;12;12;45;9.43;10;12;3600;0.01
2026.05.14;4;3;17139;9.73;11;12;12;12;68;9.33;10;12;3600;0.01
2026.05.14;4;4;33267;10.00;11;12;12;12;118;9.79;11;12;3600;0.01
2026.05.14;4;5;24553;9.47;10;12;12;12;64;9.24;10;12;3600;0.01
2026.05.14;4;6;21995;9.14;10;12;12;12;45;8.65;9;12;3600;0.01
2026.05.14;4;7;19717;9.68;10;12;12;12;200;9.10;9;12;3600;0.01
2026.05.14;4;8;21951;10.20;10;12;14;33;109;9.30;9;12;3600;0.01
2026.05.14;4;9;25768;9.67;9;11;12;39;124;8.75;8;11;3600;0.01
2026.05.14;4;10;28022;8.73;10;11;11;11;77;8.45;9;11;3600;0.01
2026.05.14;4;11;23540;7.84;8;10;11;11;43;7.60;7;11;3600;0.01
2026.05.14;4;12;21829;8.50;9;11;11;11;200;8.07;8;11;3600;0.01
2026.05.14;4;13;22495;8.40;8;11;11;11;66;8.01;8;11;3600;0.01
2026.05.14;4;14;21440;8.09;8;10;10;10;49;7.69;8;10;3600;0.01
2026.05.14;4;15;28003;10.56;10;12;13;32;63;9.86;10;12;3600;0.01
2026.05.14;4;16;53300;11.79;10;10;17;47;162;10.45;10;11;3600;0.01
2026.05.14;4;17;48937;8.41;8;10;10;34;98;7.77;7;10;3600;0.01
2026.05.14;4;18;29853;8.19;7;10;10;30;76;7.74;7;10;3600;0.01
2026.05.14;4;19;28141;8.47;9;11;11;11;47;8.28;9;11;3600;0.01
2026.05.14;4;20;23720;8.22;8;11;11;11;71;8.07;8;11;3600;0.01
2026.05.14;4;21;19993;8.45;9;11;11;11;40;8.15;8;11;3600;0.01
2026.05.14;4;22;21985;8.50;9;11;11;11;93;8.27;8;11;3600;0.01
2026.05.14;4;23;11743;15.54;10;11;40;40;100;18.25;11;40;3539;0.01
2026.05.15;5;1;12838;11.96;10;12;16;50;96;10.22;9;14;3599;0.01
2026.05.15;5;2;13703;10.86;12;12;12;34;73;9.87;10;12;3600;0.01
2026.05.15;5;3;41141;9.70;10;12;12;12;200;9.24;10;12;3600;0.01
2026.05.15;5;4;65259;9.83;11;12;12;12;150;9.67;11;12;3600;0.01
2026.05.15;5;5;34799;8.70;9;12;12;12;58;8.39;8;12;3600;0.01
2026.05.15;5;6;24291;9.00;10;12;12;12;84;8.94;10;12;3600;0.01
2026.05.15;5;7;18658;8.92;10;12;12;12;98;8.70;9;12;3600;0.01
2026.05.15;5;8;49740;10.38;12;12;12;12;141;10.29;12;12;3600;0.01
2026.05.15;5;9;53867;8.86;10;11;11;11;108;8.71;9;11;3600;0.01
2026.05.15;5;10;37281;8.47;9;11;11;11;156;8.37;9;11;3600;0.01
2026.05.15;5;11;40870;8.62;9;11;11;11;200;8.26;9;11;3600;0.01
2026.05.15;5;12;42456;8.95;10;11;11;11;143;8.69;10;11;3600;0.01
2026.05.15;5;13;43586;8.65;9;11;11;11;110;8.29;8;11;3600;0.01
2026.05.15;5;14;33414;8.01;8;10;10;10;94;7.86;8;10;3600;0.01
2026.05.15;5;15;41792;11.49;10;12;16;66;171;10.39;10;13;3600;0.01
2026.05.15;5;16;70638;11.65;10;10;19;47;157;10.76;10;16;3600;0.01
2026.05.15;5;17;71206;8.26;9;10;10;10;77;8.26;9;10;3600;0.01
2026.05.15;5;18;49990;7.89;8;10;10;10;56;7.89;8;10;3600;0.01
2026.05.15;5;19;36803;8.36;9;11;11;13;57;8.04;8;11;3600;0.01
2026.05.15;5;20;28505;9.15;9;11;13;23;38;8.44;8;12;3600;0.01
2026.05.15;5;21;25790;7.89;7;11;11;11;33;7.62;7;11;3600;0.01
2026.05.15;5;22;24340;9.64;11;11;12;15;37;9.54;11;12;3600;0.01
2026.05.15;5;23;12484;15.57;11;11;40;40;107;18.23;11;40;3420;0.01
2026.05.18;1;1;21359;12.43;10;12;16;50;114;10.67;10;12;3599;0.01
2026.05.18;1;2;18389;9.09;10;12;12;12;86;8.79;10;12;3600;0.01
2026.05.18;1;3;53966;9.91;11;12;12;12;200;9.47;10;12;3600;0.01
2026.05.18;1;4;68211;9.66;11;12;12;12;122;9.46;10;12;3600;0.01
2026.05.18;1;5;36454;9.27;10;12;12;12;100;9.10;10;12;3600;0.01
2026.05.18;1;6;34496;9.43;11;12;12;12;65;9.22;10;12;3600;0.01
2026.05.18;1;7;23509;9.05;10;12;12;12;86;8.73;9;12;3600;0.01
2026.05.18;1;8;26816;9.63;11;12;12;12;99;9.25;10;12;3600;0.01
2026.05.18;1;9;34149;9.14;9;11;11;24;68;8.85;9;11;3600;0.01
2026.05.18;1;10;32019;9.02;9;11;11;16;200;8.51;9;11;3600;0.01
2026.05.18;1;11;26088;8.00;8;11;11;11;200;7.90;8;11;3600;0.01
2026.05.18;1;12;20375;8.34;8;11;11;11;55;7.82;8;11;3600;0.01
2026.05.18;1;13;20610;8.82;10;11;11;11;152;8.41;9;11;3600;0.01
2026.05.18;1;14;38555;9.20;10;10;10;10;200;8.56;9;10;3600;0.01
2026.05.18;1;15;41468;8.09;9;10;10;10;68;7.54;7;10;3600;0.01
2026.05.18;1;16;54218;9.15;10;10;10;10;200;8.64;10;10;3600;0.01
2026.05.18;1;17;55830;8.40;10;10;10;10;200;8.16;10;10;3600;0.01
2026.05.18;1;18;45097;7.40;6;10;10;10;102;6.92;6;10;3600;0.01
2026.05.18;1;19;34993;8.65;9;11;11;11;114;8.33;9;11;3600;0.01
2026.05.18;1;20;22648;8.19;8;11;11;11;61;7.90;8;11;3600;0.01
2026.05.18;1;21;22759;8.53;9;11;11;11;47;8.26;9;11;3600;0.01
2026.05.18;1;22;43447;9.79;9;11;11;37;200;8.97;8;11;3600;0.01
2026.05.18;1;23;10717;15.45;9;11;40;45;115;18.48;10;40;3539;0.01
2026.05.19;2;1;9066;10.71;10;12;14;50;109;9.23;9;12;3599;0.01
2026.05.19;2;2;9000;9.49;11;12;12;12;142;8.65;9;12;3600;0.01
2026.05.19;2;3;19837;9.83;11;12;12;12;46;9.49;10;12;3600;0.01
2026.05.19;2;4;26726;11.54;11;12;16;47;105;10.58;10;13;3600;0.01
2026.05.19;2;5;24474;9.55;11;12;12;12;96;9.34;10;12;3600;0.01
2026.05.19;2;6;15391;9.31;10;12;12;12;78;8.82;9;12;3600;0.01
2026.05.19;2;7;12241;9.11;10;12;12;12;50;8.72;9;12;3600;0.01
2026.05.19;2;8;27038;17.61;12;12;31;148;200;12.73;12;13;3600;0.01
2026.05.19;2;9;31114;10.14;10;11;12;43;86;8.99;9;11;3600;0.01
2026.05.19;2;10;24577;9.09;10;11;11;11;163;8.80;10;11;3600;0.01
2026.05.19;2;11;22984;8.41;9;11;11;11;68;8.06;8;11;3600;0.01
2026.05.19;2;12;21889;8.72;9;11;11;11;52;8.38;9;11;3600;0.01
2026.05.19;2;13;27154;9.09;10;11;11;11;200;8.39;9;11;3600;0.01
2026.05.19;2;14;24778;8.29;9;10;10;10;200;7.95;8;10;3600;0.01
2026.05.19;2;15;31771;25.77;12;15;59;200;200;23.56;11;47;3600;0.01
2026.05.19;2;16;80163;24.54;10;10;52;200;200;19.63;10;18;3600;0.01
2026.05.19;2;17;81099;12.31;8;10;16;146;200;10.42;7;11;3600;0.01
2026.05.19;2;18;45991;7.08;6;9;10;10;57;6.87;6;10;3600;0.01
2026.05.19;2;19;31153;8.48;9;11;11;11;40;8.18;9;11;3600;0.01
2026.05.19;2;20;25823;8.55;9;11;11;11;50;8.33;9;11;3600;0.01
2026.05.19;2;21;28523;8.44;9;11;11;11;42;8.24;8;11;3600;0.01
2026.05.19;2;22;27646;8.34;9;11;11;11;44;8.12;8;11;3600;0.01
2026.05.19;2;23;9958;13.62;9;11;40;73;91;14.15;9;40;3540;0.01
2026.05.20;3;1;11201;11.46;10;14;15;33;93;10.30;10;14;3599;0.01
2026.05.20;3;2;11147;10.19;10;12;14;35;127;9.33;9;12;3600;0.01
2026.05.20;3;3;33039;10.23;10;12;12;50;121;9.69;10;12;3600;0.01
2026.05.20;3;4;47627;9.95;11;12;12;12;117;9.68;10;12;3600;0.01
2026.05.20;3;5;33621;9.62;11;12;12;12;62;9.35;10;12;3600;0.01
2026.05.20;3;6;24850;8.94;9;12;12;12;97;8.65;9;12;3600;0.01
2026.05.20;3;7;15508;9.14;10;12;12;12;91;8.78;9;12;3600;0.01
2026.05.20;3;8;23935;10.16;11;12;13;26;54;9.63;10;12;3600;0.01
2026.05.20;3;9;32641;9.42;9;11;11;24;127;8.98;9;11;3600;0.01
2026.05.20;3;10;24651;8.22;8;11;11;11;123;7.90;8;11;3600;0.01
2026.05.20;3;11;28783;9.72;10;11;11;42;122;9.06;9;11;3600;0.01
2026.05.20;3;12;21821;10.43;9;12;14;63;158;8.92;7;12;3600;0.01
2026.05.20;3;13;16139;8.38;9;11;11;11;154;7.98;8;11;3600;0.01
2026.05.20;3;14;17838;9.44;10;10;10;10;95;9.21;10;10;3600;0.01
2026.05.20;3;15;25299;7.68;8;10;10;10;106;7.35;7;10;3600;0.01
2026.05.20;3;16;39671;9.44;10;10;10;10;117;9.37;10;10;3600;0.01
2026.05.20;3;17;78860;9.13;10;10;10;10;200;8.62;10;10;3600;0.01
2026.05.20;3;18;63893;7.52;7;10;10;10;138;6.88;6;10;3600;0.01
2026.05.20;3;19;31885;8.47;9;11;11;11;41;8.25;8;11;3600;0.01
2026.05.20;3;20;27405;7.59;7;11;11;11;51;7.19;6;11;3600;0.01
2026.05.20;3;21;22800;8.19;8;11;11;16;73;7.85;7;11;3600;0.01
2026.05.20;3;22;19915;8.69;9;11;11;11;58;8.43;9;11;3600;0.01
2026.05.20;3;23;11841;14.67;11;11;40;40;80;18.40;11;40;3539;0.01
2026.05.21;4;1;14057;13.51;12;14;21;50;200;11.40;11;16;3599;0.01
2026.05.21;4;2;8086;10.23;10;12;14;40;110;8.93;8;14;3600;0.01
2026.05.21;4;3;21231;14.04;11;14;18;107;200;11.04;9;14;3600;0.01
2026.05.21;4;4;34041;12.17;11;12;17;68;126;10.66;10;14;3600;0.01
2026.05.21;4;5;20952;9.59;11;12;12;12;126;9.20;11;12;3600;0.01
2026.05.21;4;6;15973;9.13;9;12;12;12;159;8.77;9;12;3600;0.01
2026.05.21;4;7;10501;8.67;9;11;12;12;66;8.13;8;12;3600;0.01
2026.05.21;4;8;21960;10.84;12;12;13;30;59;10.25;12;12;3600;0.01
2026.05.21;4;9;31281;9.84;9;11;12;40;77;9.33;9;11;3600;0.01
2026.05.21;4;10;26227;10.84;9;11;17;48;139;9.33;7;13;3600;0.01
2026.05.21;4;11;33197;10.65;10;12;15;36;74;9.36;9;13;3600;0.01
2026.05.21;4;12;23027;8.08;8;11;11;11;70;7.75;7;11;3600;0.01
2026.05.21;4;13;44027;9.31;10;11;11;11;200;8.88;9;11;3600;0.01
2026.05.21;4;14;28291;7.77;8;9;10;10;40;7.38;7;10;3600;0.01
2026.05.21;4;15;39110;11.99;11;12;16;51;123;10.64;10;13;3600;0.01
2026.05.21;4;16;69739;17.18;11;16;33;100;200;14.29;10;22;3600;0.01
2026.05.21;4;17;58811;7.49;7;10;10;10;120;7.26;7;10;3600;0.01
2026.05.21;4;18;42888;7.40;7;10;10;10;61;6.99;6;10;3600;0.01
2026.05.21;4;19;29329;8.38;9;10;11;11;53;8.06;8;11;3600;0.01
2026.05.21;4;20;63337;9.52;10;11;11;11;64;9.35;10;11;3600;0.01
2026.05.21;4;21;45120;8.91;10;11;11;11;82;8.42;9;11;3600;0.01
2026.05.21;4;22;28273;8.39;8;10;11;11;51;8.06;8;11;3600;0.01
2026.05.21;4;23;8776;12.94;7;9;40;40;70;17.70;8;40;3539;0.01
2026.05.22;5;1;8248;11.71;10;14;17;50;106;9.54;9;14;3599;0.01
2026.05.22;5;2;8071;12.23;12;14;17;44;135;9.70;9;14;3600;0.01
2026.05.22;5;3;22314;12.15;9;12;12;152;200;10.10;9;12;3600;0.01
2026.05.22;5;4;27916;9.44;10;12;12;12;111;8.97;10;12;3600;0.01
2026.05.22;5;5;18798;9.80;11;12;12;12;200;9.42;11;12;3600;0.01
2026.05.22;5;6;13008;8.86;9;12;12;12;84;8.56;9;12;3600;0.01
2026.05.22;5;7;10342;9.19;10;12;12;12;73;8.76;9;12;3600;0.01
2026.05.22;5;8;20957;14.85;12;14;25;72;126;10.91;12;14;3600;0.01
2026.05.22;5;9;32298;10.82;9;11;13;56;151;9.32;8;11;3600;0.01
2026.05.22;5;10;19688;8.14;8;11;11;13;37;7.80;7;11;3600;0.01
2026.05.22;5;11;25379;9.30;9;11;12;40;121;8.89;8;12;3600;0.01
2026.05.22;5;12;19762;8.53;9;11;11;11;50;8.31;9;11;3600;0.01
2026.05.22;5;13;20709;8.70;9;11;11;11;126;8.18;9;11;3600;0.01
2026.05.22;5;14;18488;8.70;9;10;10;10;60;8.49;9;10;3600;0.01
2026.05.22;5;15;32513;10.77;10;11;15;53;105;9.21;8;12;3600;0.01
2026.05.22;5;16;43035;9.62;10;10;11;26;123;9.05;10;10;3600;0.01
2026.05.22;5;17;55497;10.76;9;11;14;67;200;8.85;7;12;3600;0.01
2026.05.22;5;18;33574;7.81;8;9;10;10;200;7.59;8;10;3600;0.01
2026.05.22;5;19;25015;9.55;10;11;11;18;200;9.21;9;11;3600;0.01
2026.05.22;5;20;29792;8.44;9;11;11;11;50;7.50;6;11;3600;0.01
2026.05.22;5;21;21769;7.17;6;9;11;11;60;6.82;6;11;3600;0.01
2026.05.22;5;22;20759;8.17;8;11;11;11;35;7.74;8;11;3600;0.01
2026.05.22;5;23;8145;15.38;11;11;40;40;128;17.28;10;40;3419;0.01
2026.05.25;1;1;28877;10.01;10;12;12;12;12;9.70;10;12;3598;0.01
2026.05.25;1;2;19124;9.55;11;12;12;12;35;9.01;10;12;3600;0.01
2026.05.25;1;3;29691;9.67;11;12;12;12;67;9.09;10;12;3600;0.01
2026.05.25;1;4;36729;9.91;11;12;12;12;12;9.49;10;12;3600;0.01
2026.05.25;1;5;23303;9.68;11;12;12;12;12;9.31;10;12;3600;0.01
2026.05.25;1;6;17755;8.79;9;12;12;12;12;8.43;8;12;3600;0.01
2026.05.25;1;7;12330;8.96;10;12;12;12;12;8.31;8;12;3600;0.01
2026.05.25;1;8;14988;9.45;11;12;12;12;12;9.10;10;12;3600;0.01
2026.05.25;1;9;21701;8.91;9;11;11;11;67;8.79;9;11;3600;0.01
2026.05.25;1;10;20874;8.28;8;11;11;11;36;7.57;7;11;3600;0.01
2026.05.25;1;11;13328;8.48;9;11;11;11;11;7.92;8;11;3600;0.01
2026.05.25;1;12;11507;8.98;10;11;11;11;57;8.47;9;11;3600;0.01
2026.05.25;1;13;11579;7.96;8;11;11;11;24;7.49;6;11;3600;0.01
2026.05.25;1;14;12481;8.97;10;10;10;10;34;8.74;9;10;3600;0.01
2026.05.25;1;15;19946;8.93;10;10;10;10;66;8.60;10;10;3600;0.01
2026.05.25;1;16;21276;7.56;8;10;10;10;23;7.24;7;10;3600;0.01
2026.05.25;1;17;12471;8.19;9;10;10;10;40;7.91;8;10;3600;0.01
2026.05.25;1;18;13536;8.13;9;10;10;10;48;7.29;7;10;3600;0.01
2026.05.25;1;19;6628;9.39;10;11;11;11;30;9.14;9;11;3600;0.01
2026.05.25;1;20;5675;9.01;10;11;11;11;46;7.98;8;11;3600;0.01
2026.05.25;1;21;2145;9.31;11;11;11;11;55;8.29;9;11;1800;0.01
2026.05.26;2;1;8906;10.02;10;11;12;12;105;9.62;10;12;3599;0.01
2026.05.26;2;2;16283;10.04;12;12;12;12;12;9.40;10;12;3600;0.01
2026.05.26;2;3;30280;9.86;11;12;12;12;12;9.35;10;12;3600;0.01
2026.05.26;2;4;32759;9.91;11;12;12;12;34;9.40;10;12;3600;0.01
2026.05.26;2;5;14354;10.11;11;12;12;12;12;9.74;10;12;3600;0.01
2026.05.26;2;6;12616;8.53;8;12;12;12;12;8.13;7;12;3600;0.01
2026.05.26;2;7;12861;9.88;12;12;12;12;42;9.41;11;12;3600;0.01
2026.05.26;2;8;21781;9.97;12;12;12;12;37;9.36;11;12;3600;0.01
2026.05.26;2;9;21360;8.38;8;11;11;11;47;8.08;8;11;3600;0.01
2026.05.26;2;10;26661;8.75;9;11;11;11;77;8.45;9;11;3600;0.01
2026.05.26;2;11;20573;8.50;9;11;11;11;30;8.08;8;11;3600;0.01
2026.05.26;2;12;23040;8.93;10;11;11;11;64;8.49;9;11;3600;0.01
2026.05.26;2;13;23546;8.77;10;11;11;11;11;8.14;8;11;3600;0.01
2026.05.26;2;14;29245;9.39;10;10;10;10;57;9.03;10;10;3600;0.01
2026.05.26;2;15;33103;8.59;10;10;10;10;41;8.28;9;10;3600;0.01
2026.05.26;2;16;41194;8.84;10;10;10;10;114;8.41;10;10;3600;0.01
2026.05.26;2;17;37575;7.38;7;10;10;10;35;7.11;7;10;3600;0.01
2026.05.26;2;18;29132;8.16;9;10;10;10;36;7.90;8;10;3545;0.01
2026.05.26;2;19;24369;8.62;9;11;11;11;11;8.17;8;11;3600;0.01
2026.05.26;2;20;23355;9.25;11;11;11;11;38;8.69;10;11;3600;0.01
2026.05.26;2;21;22907;8.33;8;11;11;11;52;7.92;8;11;3600;0.01
2026.05.26;2;22;16292;8.84;10;11;11;11;11;8.33;9;11;3600;0.01
2026.05.26;2;23;7716;15.74;9;11;40;40;40;17.84;10;40;3539;0.01
2026.05.27;3;1;14423;10.42;10;12;12;12;12;10.29;10;12;3599;0.01
2026.05.27;3;2;10890;10.08;12;12;12;12;12;9.46;10;12;3600;0.01
2026.05.27;3;3;13063;9.47;11;12;12;12;12;8.84;10;12;3600;0.01
2026.05.27;3;4;15112;9.76;11;12;12;12;12;9.30;10;12;3600;0.01
2026.05.27;3;5;12296;9.43;10;12;12;12;28;8.96;9;12;3600;0.01
2026.05.27;3;6;9611;9.29;10;12;12;12;76;9.14;10;12;3600;0.01
2026.05.27;3;7;13155;9.86;11;12;12;12;12;9.26;10;12;3600;0.01
2026.05.27;3;8;28643;10.00;12;12;12;12;12;9.42;11;12;3600;0.01
2026.05.27;3;9;35380;9.00;9;11;11;11;58;8.62;9;11;3600;0.01
2026.05.27;3;10;22087;8.74;9;11;11;11;47;8.29;9;11;3600;0.01
2026.05.27;3;11;22251;8.86;10;11;11;11;11;8.50;9;11;3600;0.01
2026.05.27;3;12;13909;8.28;8;11;11;11;11;7.57;7;11;3600;0.01
2026.05.27;3;13;33112;9.94;11;11;11;11;61;9.58;11;11;3600;0.01
2026.05.27;3;14;35934;8.61;10;10;10;10;25;8.31;9;10;3600;0.01
2026.05.27;3;15;55572;8.35;10;10;10;10;78;7.83;8;10;3600;0.01
2026.05.27;3;16;71133;9.09;10;10;10;10;49;8.97;10;10;3600;0.01
2026.05.27;3;17;57783;8.30;10;10;10;10;47;8.04;9;10;3600;0.01
2026.05.27;3;18;33099;8.02;9;10;10;10;21;7.67;8;10;3600;0.01
2026.05.27;3;19;23829;8.57;9;11;11;11;11;8.35;8;11;3600;0.01
2026.05.27;3;20;23262;8.37;9;11;11;11;11;7.84;8;11;3600;0.01
2026.05.27;3;21;14497;8.25;8;11;11;11;11;7.75;8;11;3600;0.01
2026.05.27;3;22;13686;8.74;9;11;11;11;11;8.28;9;11;3600;0.01
2026.05.27;3;23;7198;14.26;11;11;40;40;40;18.22;11;40;3540;0.01
2026.05.28;4;1;8127;10.11;10;12;12;12;37;9.59;10;12;3599;0.01
2026.05.28;4;2;10956;9.49;11;12;12;12;12;8.99;10;12;3600;0.01
2026.05.28;4;3;19891;9.19;10;12;12;12;12;8.77;9;12;3600;0.01
2026.05.28;4;4;37411;10.36;12;12;12;12;40;10.03;12;12;3600;0.01
2026.05.28;4;5;28124;9.70;11;12;12;12;46;9.18;10;12;3600;0.01
2026.05.28;4;6;30371;9.45;11;12;12;12;12;9.18;10;12;3600;0.01
2026.05.28;4;7;27501;9.00;9;12;12;12;78;8.69;9;12;3600;0.01
2026.05.28;4;8;29558;9.45;11;12;12;12;12;9.11;10;12;3600;0.01
2026.05.28;4;9;26083;8.55;9;11;11;11;11;8.16;8;11;3600;0.01
2026.05.28;4;10;22129;8.72;10;11;11;11;11;8.44;9;11;3600;0.01
2026.05.28;4;11;19542;8.08;8;11;11;11;11;7.69;7;11;3600;0.01
2026.05.28;4;12;21600;8.64;9;11;11;11;11;8.39;9;11;3600;0.01
2026.05.28;4;13;23845;9.22;10;11;11;11;11;8.65;9;11;3600;0.01
2026.05.28;4;14;26235;8.32;8;9;10;10;10;8.17;8;10;3600;0.01
2026.05.28;4;15;40572;9.36;10;10;10;10;30;9.07;10;10;3600;0.01
2026.05.28;4;16;53319;8.91;10;10;10;10;47;8.61;10;10;3600;0.01
2026.05.28;4;17;84706;8.97;10;10;10;10;72;8.69;10;10;3600;0.01
2026.05.28;4;18;42185;6.93;7;8;10;10;34;6.72;6;10;3600;0.01
2026.05.28;4;19;35730;9.19;11;11;11;11;88;8.81;10;11;3600;0.01
2026.05.28;4;20;26863;8.06;8;10;11;11;11;7.69;8;11;3600;0.01
2026.05.28;4;21;22163;8.40;8;11;11;11;11;8.10;8;11;3600;0.01
2026.05.28;4;22;14168;8.92;9;11;11;11;54;8.63;9;11;3600;0.01
2026.05.28;4;23;7370;15.18;11;11;40;40;40;17.67;11;40;3540;0.01
2026.05.29;5;1;8515;9.56;10;11;12;12;12;8.91;9;12;3600;0.01
2026.05.29;5;2;9639;9.78;11;12;12;12;12;9.29;10;12;3600;0.01
2026.05.29;5;3;19172;9.20;10;12;12;12;12;8.69;9;12;3600;0.01
2026.05.29;5;4;27541;9.86;11;12;12;12;46;9.34;10;12;3600;0.01
2026.05.29;5;5;16318;9.60;11;12;12;12;32;9.05;10;12;3600;0.01
2026.05.29;5;6;18327;8.94;9;12;12;12;44;8.64;9;12;3600;0.01
2026.05.29;5;7;13308;8.96;10;12;12;12;39;8.43;8;12;3600;0.01
2026.05.29;5;8;17916;9.83;11;12;12;12;61;8.98;10;12;3600;0.01
2026.05.29;5;9;27413;8.76;10;11;11;11;47;8.36;9;11;3600;0.01
2026.05.29;5;10;21279;8.47;9;11;11;11;35;8.05;8;11;3600;0.01
2026.05.29;5;11;18735;8.30;9;11;11;11;45;7.89;8;11;3600;0.01
2026.05.29;5;12;23433;8.98;10;11;11;11;35;8.46;9;11;3600;0.01
2026.05.29;5;13;18246;8.48;9;11;11;11;40;8.01;8;11;3600;0.01
2026.05.29;5;14;20242;8.44;9;10;10;10;10;8.15;9;10;3600;0.01
2026.05.29;5;15;31371;8.59;9;10;10;10;10;8.43;9;10;3600;0.01
2026.05.29;5;16;41643;8.63;10;10;10;10;41;8.30;9;10;3600;0.01
2026.05.29;5;17;69866;9.37;10;10;10;10;10;9.24;10;10;3600;0.01
2026.05.29;5;18;66594;8.45;10;10;10;10;50;8.04;9;10;3600;0.01
2026.05.29;5;19;31017;8.48;9;11;11;11;11;8.12;8;11;3600;0.01
2026.05.29;5;20;26780;8.65;9;11;11;11;11;8.45;9;11;3600;0.01
2026.05.29;5;21;21867;8.36;9;11;11;11;11;7.79;8;11;3600;0.01
2026.05.29;5;22;18168;8.75;10;11;11;11;11;8.10;8;11;3600;0.01
2026.05.29;5;23;10573;12.53;8;11;40;40;40;17.12;9;40;3420;0.01
2026.06.01;1;1;15982;8.99;9;11;12;12;200;8.93;9;12;3599;0.01
2026.06.01;1;2;9277;10.72;11;12;12;35;102;9.55;10;12;3600;0.01
2026.06.01;1;3;13659;9.99;11;12;12;32;87;9.12;10;12;3600;0.01
2026.06.01;1;4;22157;9.67;11;12;12;12;176;9.14;10;12;3600;0.01
2026.06.01;1;5;15032;8.73;9;12;12;12;81;8.24;8;12;3600;0.01
2026.06.01;1;6;14403;10.79;11;12;12;53;180;8.69;9;12;3600;0.01
2026.06.01;1;7;10137;9.62;10;12;12;12;44;9.11;10;12;3600;0.01
2026.06.01;1;8;17060;9.94;11;12;12;12;158;9.29;10;12;3600;0.01
2026.06.01;1;9;22929;8.93;10;11;11;11;104;8.49;9;11;3600;0.01
2026.06.01;1;10;19002;9.07;10;11;11;11;200;8.50;9;11;3600;0.01
2026.06.01;1;11;15491;8.60;9;11;11;11;55;7.99;8;11;3600;0.01
2026.06.01;1;12;19811;8.69;9;11;11;11;99;8.18;8;11;3600;0.01
2026.06.01;1;13;14246;8.62;9;11;11;11;106;8.22;8;11;3600;0.01
2026.06.01;1;14;16043;7.73;8;9;10;10;34;7.40;7;10;3600;0.01
2026.06.01;1;15;22037;9.49;10;10;10;10;115;9.40;10;10;3600;0.01
2026.06.01;1;16;81964;9.39;10;10;10;10;111;9.20;10;10;3600;0.01
2026.06.01;1;17;53256;7.64;8;10;10;10;153;7.15;6;10;3600;0.01
2026.06.01;1;18;34931;8.20;9;10;10;10;61;7.66;7;10;3600;0.01
2026.06.01;1;19;23980;9.07;9;11;11;11;41;8.45;8;11;3600;0.01
2026.06.01;1;20;31874;8.49;8;11;11;11;95;7.61;7;11;3600;0.01
2026.06.01;1;21;10221;8.37;8;9;11;11;25;8.34;8;11;3600;0.01
2026.06.01;1;22;13289;8.77;10;11;11;11;29;8.24;9;11;3600;0.01
2026.06.01;1;23;6281;16.88;11;40;40;40;69;18.04;10;40;3540;0.01
2026.06.02;2;1;8129;9.83;10;12;12;12;82;9.00;9;12;3599;0.01
2026.06.02;2;2;6812;9.18;10;12;12;12;55;8.20;8;12;3600;0.01
2026.06.02;2;3;14281;9.70;11;12;12;12;62;9.38;11;12;3600;0.01
2026.06.02;2;4;25909;10.17;12;12;12;12;133;9.78;11;12;3600;0.01
2026.06.02;2;5;20650;8.99;9;12;12;12;75;8.61;9;12;3600;0.01
2026.06.02;2;6;14412;9.01;9;12;12;12;44;8.49;8;12;3600;0.01
2026.06.02;2;7;14341;9.77;10;12;12;12;103;9.27;10;12;3600;0.01
2026.06.02;2;8;18463;9.93;11;12;12;12;147;9.34;10;12;3600;0.01
2026.06.02;2;9;22262;9.18;10;11;11;11;91;8.54;9;11;3600;0.01
2026.06.02;2;10;17236;9.22;10;11;11;11;41;8.85;9;11;3600;0.01
2026.06.02;2;11;18145;8.23;8;11;11;11;45;7.78;8;11;3600;0.01
2026.06.02;2;12;19099;9.12;10;11;11;11;102;8.59;9;11;3600;0.01
2026.06.02;2;13;11664;8.77;9;11;11;11;37;8.36;8;11;3600;0.01
2026.06.02;2;14;13293;8.26;9;10;10;10;34;8.04;9;10;3600;0.01
2026.06.02;2;15;22508;9.83;10;10;10;10;44;9.76;10;10;3600;0.01
2026.06.02;2;16;42400;9.09;10;10;10;10;54;8.83;10;10;3600;0.01
2026.06.02;2;17;40580;8.39;10;10;10;10;200;7.78;8;10;3600;0.01
2026.06.02;2;18;19854;8.29;8;10;10;10;34;8.14;8;10;3600;0.01
2026.06.02;2;19;21118;8.67;9;11;11;11;45;8.16;8;11;3600;0.01
2026.06.02;2;20;19245;8.23;8;11;11;11;58;7.68;7;11;3600;0.01
2026.06.02;2;21;14079;8.61;9;11;11;11;142;8.03;8;11;3600;0.01
2026.06.02;2;22;13102;8.50;9;11;11;11;93;8.30;9;11;3600;0.01
2026.06.02;2;23;5761;16.22;8;40;40;40;83;17.60;9;40;3539;0.01
2026.06.03;3;1;10630;10.40;11;12;12;12;200;9.83;10;12;3599;0.01
2026.06.03;3;2;22177;10.02;12;12;12;12;200;9.15;10;12;3600;0.01
2026.06.03;3;3;18447;9.50;10;12;12;12;95;9.10;9;12;3600;0.01
2026.06.03;3;4;33327;10.25;12;12;12;12;104;9.47;10;12;3600;0.01
2026.06.03;3;5;15339;9.52;11;12;12;12;61;9.02;10;12;3600;0.01
2026.06.03;3;6;8554;8.77;9;12;12;12;48;8.35;8;12;3600;0.01
2026.06.03;3;7;7298;9.65;11;12;12;12;73;9.11;10;12;3600;0.01
2026.06.03;3;8;18231;10.10;12;12;12;12;106;9.50;11;12;3600;0.01
2026.06.03;3;9;29419;9.03;10;11;11;11;125;8.55;9;11;3600;0.01
2026.06.03;3;10;22268;8.94;10;11;11;11;99;8.32;9;11;3600;0.01
2026.06.03;3;11;22791;8.78;9;11;11;11;190;8.37;9;11;3600;0.01
2026.06.03;3;12;21586;8.22;8;11;11;11;64;7.68;7;11;3600;0.01
2026.06.03;3;13;30939;9.05;9;11;11;11;115;8.36;8;11;3600;0.01
2026.06.03;3;14;19637;8.58;9;10;10;10;145;8.37;9;10;3600;0.01
2026.06.03;3;15;27313;9.54;10;10;10;10;44;9.34;10;10;3600;0.01
2026.06.03;3;16;53726;9.65;10;10;10;10;121;9.29;10;10;3600;0.01
2026.06.03;3;17;50791;7.92;8;10;10;10;106;7.52;7;10;3600;0.01
2026.06.03;3;18;35386;7.72;8;10;10;10;69;7.37;7;10;3600;0.01
2026.06.03;3;19;31445;9.08;10;11;11;11;53;8.87;10;11;3600;0.01
2026.06.03;3;20;23327;7.27;6;10;11;11;48;6.92;6;11;3600;0.01
2026.06.03;3;21;17437;8.11;8;11;11;11;73;7.84;8;11;3600;0.01
2026.06.03;3;22;19288;9.14;11;11;11;11;54;8.74;10;11;3600;0.01
2026.06.03;3;23;13932;16.11;11;11;40;40;115;19.03;11;40;3540;0.01
2026.06.04;4;1;17523;10.54;11;12;12;12;200;9.68;10;12;3600;0.01
2026.06.04;4;2;12546;9.63;11;12;12;12;48;8.75;9;12;3600;0.01
2026.06.04;4;3;19148;9.48;10;12;12;12;52;8.92;10;12;3600;0.01
2026.06.04;4;4;22324;9.79;11;12;12;12;49;9.44;11;12;3600;0.01
2026.06.04;4;5;16520;9.74;12;12;12;12;82;9.37;11;12;3600;0.01
2026.06.04;4;6;14500;9.08;10;12;12;12;46;8.50;9;12;3600;0.01
2026.06.04;4;7;12378;9.22;10;12;12;12;104;8.66;9;12;3600;0.01
2026.06.04;4;8;13273;9.48;11;12;12;12;60;9.31;10;12;3600;0.01
2026.06.04;4;9;19854;8.56;9;11;11;11;51;8.23;9;11;3600;0.01
2026.06.04;4;10;21635;8.46;9;11;11;11;39;8.08;8;11;3600;0.01
2026.06.04;4;11;24903;8.45;8;11;11;11;42;8.22;8;11;3600;0.01
2026.06.04;4;12;26788;8.85;9;11;11;11;68;8.62;9;11;3600;0.01
2026.06.04;4;13;15659;8.21;8;11;11;11;31;7.90;8;11;3600;0.01
2026.06.04;4;14;32156;9.22;10;10;10;10;71;9.07;10;10;3600;0.01
2026.06.04;4;15;34053;7.96;8;10;10;10;163;7.49;8;10;3600;0.01
2026.06.04;4;16;37130;9.16;10;10;10;10;56;8.57;10;10;3600;0.01
2026.06.04;4;17;49278;8.73;10;10;10;10;116;8.36;10;10;3600;0.01
2026.06.04;4;18;33793;6.96;6;9;10;10;82;6.64;6;10;3600;0.01
2026.06.04;4;19;20365;8.75;9;11;11;11;30;8.22;9;11;3600;0.01
2026.06.04;4;20;18643;8.51;9;11;11;11;56;8.00;8;11;3600;0.01
2026.06.04;4;21;12947;8.00;8;11;11;11;70;7.75;7;11;3600;0.01
2026.06.04;4;22;12961;8.92;10;11;11;11;34;8.20;9;11;3600;0.01
2026.06.04;4;23;7252;15.93;10;11;40;40;80;17.86;10;40;3539;0.01
2026.06.05;5;1;9234;10.43;10;11;12;12;72;10.11;10;12;3600;0.01
2026.06.05;5;2;9560;9.48;11;12;12;12;46;8.69;9;12;3600;0.01
2026.06.05;5;3;22244;9.72;11;12;12;12;65;8.94;10;12;3600;0.01
2026.06.05;5;4;27978;10.10;11;12;12;12;125;9.60;10;12;3600;0.01
2026.06.05;5;5;30244;9.42;10;12;12;12;106;8.63;8;12;3600;0.01
2026.06.05;5;6;21029;9.21;10;12;12;12;171;8.52;9;12;3600;0.01
2026.06.05;5;7;14455;9.23;10;12;12;12;52;8.94;10;12;3600;0.01
2026.06.05;5;8;19702;9.90;11;12;12;12;83;9.51;10;12;3600;0.01
2026.06.05;5;9;27894;8.82;10;11;11;11;81;8.37;9;11;3600;0.01
2026.06.05;5;10;23138;8.48;9;11;11;11;61;7.95;8;11;3600;0.01
2026.06.05;5;11;13705;8.70;9;11;11;11;37;8.01;8;11;3600;0.01
2026.06.05;5;12;18519;9.31;10;11;11;15;36;8.45;9;11;3600;0.01
2026.06.05;5;13;7884;8.84;9;11;11;22;32;8.25;8;11;3600;0.01
2026.06.05;5;14;13058;9.00;9;10;10;22;96;8.45;9;10;3600;0.01
2026.06.05;5;15;50018;9.79;10;10;10;10;200;9.52;10;10;3600;0.01
2026.06.05;5;16;94115;9.36;10;10;10;10;200;9.09;10;10;3600;0.01
2026.06.05;5;17;98304;8.63;10;10;10;10;167;8.37;10;10;3600;0.01
2026.06.05;5;18;60362;7.79;8;10;10;10;61;7.50;7;10;3600;0.01
2026.06.05;5;19;61218;9.57;11;11;11;11;75;9.42;11;11;3600;0.01
2026.06.05;5;20;50042;8.25;9;11;11;11;71;7.96;8;11;3600;0.01
2026.06.05;5;21;53396;9.78;11;11;11;11;200;9.57;11;11;3600;0.01
2026.06.05;5;22;59921;8.06;8;11;11;11;41;7.92;8;11;3600;0.01
2026.06.05;5;23;20122;12.80;7;11;40;40;127;16.87;8;40;3420;0.01
2026.06.08;1;1;33871;10.33;10;11;12;12;200;10.18;10;12;3598;0.01
2026.06.08;1;2;22101;10.03;10;12;12;12;90;9.71;10;12;3600;0.01
2026.06.08;1;3;23021;9.35;10;12;12;12;97;9.03;10;12;3600;0.01
2026.06.08;1;4;66257;10.41;12;12;12;12;76;10.23;11;12;3600;0.01
2026.06.08;1;5;46256;9.65;10;12;12;12;51;9.35;10;12;3600;0.01
2026.06.08;1;6;27031;9.44;10;12;12;12;50;9.07;10;12;3600;0.01
2026.06.08;1;7;18571;9.39;10;12;12;12;56;9.07;10;12;3600;0.01
2026.06.08;1;8;43599;10.02;12;12;12;12;115;9.53;11;12;3600;0.01
2026.06.08;1;9;46792;9.06;9;11;11;11;89;8.90;9;11;3600;0.01
2026.06.08;1;10;39592;8.93;10;11;11;11;127;8.45;9;11;3600;0.01
2026.06.08;1;11;32130;9.07;10;11;11;11;122;8.75;10;11;3600;0.01
2026.06.08;1;12;32625;9.18;10;11;11;11;132;8.41;9;11;3600;0.01
2026.06.08;1;13;26726;8.60;8;11;11;11;77;7.89;8;11;3600;0.01
2026.06.08;1;14;39879;8.46;9;10;10;10;101;8.00;8;10;3600;0.01
2026.06.08;1;15;35668;8.55;9;10;10;10;78;8.42;9;10;3600;0.01
2026.06.08;1;16;48695;9.01;10;10;10;10;43;8.54;10;10;3600;0.01
2026.06.08;1;17;41771;7.75;8;10;10;10;53;7.55;7;10;3600;0.01
2026.06.08;1;18;37319;7.79;8;10;10;10;47;7.35;7;10;3600;0.01
2026.06.08;1;19;32469;8.61;9;11;11;11;59;8.39;9;11;3600;0.01
2026.06.08;1;20;34332;8.73;9;11;11;11;200;8.55;9;11;3600;0.01
2026.06.08;1;21;17153;8.55;9;11;11;11;26;8.24;9;11;3600;0.01
2026.06.08;1;22;25470;8.59;9;11;11;11;55;8.32;9;11;3600;0.01
2026.06.08;1;23;9120;14.59;9;11;40;40;73;18.07;10;40;3539;0.01
2026.06.09;2;1;7786;9.58;10;12;12;12;88;8.88;9;12;3600;0.01
2026.06.09;2;2;8182;9.58;10;12;12;12;53;8.97;9;12;3600;0.01
2026.06.09;2;3;30437;9.41;10;12;12;12;88;9.15;10;12;3600;0.01
2026.06.09;2;4;34675;9.67;11;12;12;12;81;9.37;10;12;3600;0.01
2026.06.09;2;5;24306;9.54;10;12;12;12;152;9.28;10;12;3600;0.01
2026.06.09;2;6;15213;9.70;11;12;12;12;107;9.24;10;12;3600;0.01
2026.06.09;2;7;8904;9.18;9;12;12;12;121;8.61;8;12;3600;0.01
2026.06.09;2;8;15056;9.70;10;12;12;12;121;9.07;9;12;3600;0.01
2026.06.09;2;9;15746;8.98;9;11;11;11;84;8.50;9;11;3600;0.01
2026.06.09;2;10;19919;8.68;9;11;11;11;41;8.18;8;11;3600;0.01
2026.06.09;2;11;21773;8.39;9;11;11;11;109;8.04;8;11;3600;0.01
2026.06.09;2;12;16731;8.76;9;11;11;11;34;8.37;8;11;3600;0.01
2026.06.09;2;13;17275;8.87;9;11;11;11;66;8.31;8;11;3600;0.01
2026.06.09;2;14;13177;8.48;8;10;10;10;44;8.14;8;10;3600;0.01
2026.06.09;2;15;19954;9.30;10;10;10;10;57;9.16;10;10;3600;0.01
2026.06.09;2;16;38461;9.82;10;10;10;10;192;9.55;10;10;3600;0.01
2026.06.09;2;17;94071;9.71;10;10;10;10;200;9.58;10;10;3600;0.01
2026.06.09;2;18;86783;8.42;10;10;10;10;200;8.12;10;10;3600;0.01
2026.06.09;2;19;123559;9.81;11;11;11;11;189;9.57;11;11;3600;0.01
2026.06.09;2;20;67050;7.70;7;9;11;11;55;7.83;8;11;3600;0.01
2026.06.09;2;21;43859;8.71;9;10;11;11;38;8.48;8;11;3600;0.01
2026.06.09;2;22;50415;9.87;11;11;11;11;45;9.71;10;11;3600;0.01
2026.06.09;2;23;13342;10.60;5;9;40;40;77;16.91;6;40;3540;0.01
2026.06.10;3;1;15492;10.37;10;12;12;12;200;9.91;10;12;3599;0.01
2026.06.10;3;2;21075;9.96;11;12;12;12;179;8.91;9;12;3600;0.01
2026.06.10;3;3;32438;9.48;11;12;12;12;67;9.13;10;12;3600;0.01
2026.06.10;3;4;53327;10.04;12;12;12;12;110;9.74;11;12;3600;0.01
2026.06.10;3;5;32433;9.47;11;12;12;12;143;9.14;10;12;3600;0.01
2026.06.10;3;6;26688;9.11;10;12;12;12;123;8.95;9;12;3600;0.01
2026.06.10;3;7;20387;9.24;10;12;12;12;45;8.82;9;12;3600;0.01
2026.06.10;3;8;34580;10.44;12;12;12;12;135;10.14;11;12;3600;0.01
2026.06.10;3;9;37977;8.97;9;11;11;11;66;8.65;9;11;3600;0.01
2026.06.10;3;10;31847;9.03;10;11;11;11;138;8.72;9;11;3600;0.01
2026.06.10;3;11;45507;8.99;10;11;11;11;155;8.55;9;11;3600;0.01
2026.06.10;3;12;34523;8.27;8;11;11;11;101;7.88;7;11;3600;0.01
2026.06.10;3;13;30838;8.87;10;11;11;11;174;8.51;9;11;3600;0.01
2026.06.10;3;14;55148;8.21;8;10;10;10;115;7.78;8;10;3600;0.01
2026.06.10;3;15;69967;9.13;10;10;10;10;167;8.85;10;10;3600;0.01
2026.06.10;3;16;83891;9.47;10;10;10;10;152;9.25;10;10;3600;0.01
2026.06.10;3;17;78651;8.00;9;10;10;10;138;7.61;8;10;3600;0.01
2026.06.10;3;18;91459;8.87;10;10;10;10;182;8.60;10;10;3600;0.01
2026.06.10;3;19;63513;8.43;9;11;11;11;104;8.24;8;11;3600;0.01
2026.06.10;3;20;52663;9.00;10;11;11;11;113;8.69;10;11;3600;0.01
2026.06.10;3;21;37934;8.59;9;11;11;11;157;8.40;9;11;3600;0.01
2026.06.10;3;22;50294;8.90;10;11;11;11;113;8.77;10;11;3600;0.01
2026.06.10;3;23;22849;14.89;11;11;40;40;138;18.89;11;40;3540;0.01
2026.06.11;4;1;32254;10.41;12;12;12;12;174;9.97;12;12;3599;0.01
2026.06.11;4;2;45206;9.87;11;12;12;12;150;9.18;10;12;3600;0.01
2026.06.11;4;3;68795;10.08;12;12;12;12;161;9.45;10;12;3600;0.01
2026.06.11;4;4;67052;10.38;12;12;12;12;198;10.05;11;12;3600;0.01
2026.06.11;4;5;47634;10.02;12;12;12;12;126;9.62;11;12;3600;0.01
2026.06.11;4;6;24710;9.49;11;12;12;12;48;9.21;10;12;3600;0.01
2026.06.11;4;7;18512;9.08;10;12;12;12;39;8.78;9;12;3600;0.01
2026.06.11;4;8;29879;9.78;11;12;12;12;42;9.27;10;12;3600;0.01
2026.06.11;4;9;26776;9.08;10;11;11;11;69;8.85;9;11;3600;0.01
2026.06.11;4;10;29403;8.68;9;11;11;11;50;8.22;8;11;3600;0.01
2026.06.11;4;11;33495;8.80;9;11;11;11;58;8.53;9;11;3600;0.01
2026.06.11;4;12;25868;8.23;8;11;11;11;102;7.83;7;11;3600;0.01
2026.06.11;4;13;19966;8.55;9;11;11;11;125;8.12;8;11;3600;0.01
2026.06.11;4;14;30577;7.93;8;10;10;10;102;7.54;8;10;3600;0.01
2026.06.11;4;15;55882;9.32;10;10;10;10;123;9.10;10;10;3600;0.01
2026.06.11;4;16;75706;9.08;10;10;10;10;151;8.56;10;10;3600;0.01
2026.06.11;4;17;80594;7.72;8;10;10;10;159;7.55;7;10;3600;0.01
2026.06.11;4;18;70103;7.95;8;10;10;10;120;7.68;8;10;3600;0.01
2026.06.11;4;19;52229;8.80;10;11;11;11;114;8.39;9;11;3600;0.01
2026.06.11;4;20;102218;10.16;11;11;11;11;200;9.69;11;11;3600;0.01
2026.06.11;4;21;78970;8.56;8;11;11;11;132;8.33;8;11;3600;0.01
2026.06.11;4;22;68848;9.76;11;11;11;11;200;9.32;11;11;3600;0.01
2026.06.11;4;23;18717;14.48;10;11;40;40;200;18.29;10;40;3538;0.01
2026.06.12;5;1;20453;10.01;11;12;12;12;200;9.33;10;12;3600;0.01
2026.06.12;5;2;28090;9.56;10;12;12;12;200;9.01;9;12;3600;0.01
2026.06.12;5;3;38043;9.50;10;12;12;12;133;9.09;10;12;3600;0.01
2026.06.12;5;4;55828;9.92;12;12;12;12;86;9.63;11;12;3600;0.01
2026.06.12;5;5;35135;9.80;11;12;12;12;112;9.49;10;12;3600;0.01
2026.06.12;5;6;23414;9.39;11;12;12;12;137;8.63;9;12;3600;0.01
2026.06.12;5;7;12031;9.12;10;12;12;12;120;8.60;9;12;3600;0.01
2026.06.12;5;8;27378;10.03;12;12;12;12;137;9.39;10;12;3600;0.01
2026.06.12;5;9;24057;9.18;9;11;11;11;111;8.94;9;11;3600;0.01
2026.06.12;5;10;27547;8.92;10;11;11;11;131;8.52;9;11;3600;0.01
2026.06.12;5;11;46035;8.82;9;11;11;11;125;8.39;8;11;3600;0.01
2026.06.12;5;12;26743;8.33;8;11;11;11;88;7.97;8;11;3600;0.01
2026.06.12;5;13;26619;9.09;10;11;11;11;115;8.49;9;11;3600;0.01
2026.06.12;5;14;19731;8.07;8;10;10;10;54;7.90;8;10;3600;0.01
2026.06.12;5;15;30197;9.64;10;10;10;10;176;9.54;10;10;3600;0.01
2026.06.12;5;16;70854;9.12;10;10;10;10;126;8.46;10;10;3600;0.01
2026.06.12;5;17;78024;8.17;8;10;10;10;163;7.88;8;10;3600;0.01
2026.06.12;5;18;59384;8.06;9;10;10;10;134;7.71;8;10;3600;0.01
2026.06.12;5;19;53870;7.96;7;11;11;11;113;7.50;7;11;3600;0.01
2026.06.12;5;20;37335;7.83;7;11;11;11;114;7.37;7;11;3600;0.01
2026.06.12;5;21;28932;9.28;10;11;11;11;124;8.91;9;11;3600;0.01
2026.06.12;5;22;25645;8.83;10;11;11;11;137;8.49;9;11;3600;0.01
2026.06.12;5;23;6278;12.81;6;8;40;40;122;16.21;7;40;3420;0.01
2026.06.15;1;1;33648;10.27;10;12;12;12;200;9.68;9;12;3598;0.01
2026.06.15;1;2;13948;9.35;10;12;12;12;72;9.01;10;12;3600;0.01
2026.06.15;1;3;26784;9.88;11;12;12;12;61;9.46;10;12;3600;0.01
2026.06.15;1;4;41546;10.00;12;12;12;12;68;9.43;10;12;3600;0.01
2026.06.15;1;5;21027;9.54;11;12;12;12;68;8.96;10;12;3600;0.01
2026.06.15;1;6;13455;9.13;10;12;12;12;87;8.51;9;12;3600;0.01
2026.06.15;1;7;8538;9.41;10;12;12;12;44;8.61;9;12;3600;0.01
2026.06.15;1;8;18696;10.13;12;12;12;12;132;9.90;11;12;3600;0.01
2026.06.15;1;9;27171;8.98;10;11;11;11;55;8.50;9;11;3600;0.01
2026.06.15;1;10;21149;8.95;10;11;11;11;95;8.62;9;11;3600;0.01
2026.06.15;1;11;26276;8.83;9;11;11;11;133;8.40;9;11;3600;0.01
2026.06.15;1;12;12487;8.27;9;10;11;11;88;7.76;8;11;2321;0.01
2026.06.15;1;13;15226;8.53;9;11;11;11;70;8.35;9;11;3600;0.01
2026.06.15;1;14;20783;9.33;10;10;10;10;128;9.01;9;10;3600;0.01
2026.06.15;1;15;29810;8.39;9;10;10;10;133;7.86;8;10;3600;0.01
2026.06.15;1;16;50151;9.75;10;10;10;10;172;9.38;10;10;3600;0.01
2026.06.15;1;17;51124;7.93;8;10;10;10;140;7.55;7;10;3600;0.01
2026.06.15;1;18;35240;8.05;8;10;10;10;132;7.73;8;10;3600;0.01
2026.06.15;1;19;26736;9.24;10;11;11;11;200;8.85;9;11;3600;0.01
2026.06.15;1;20;28429;8.87;10;11;11;11;182;8.40;9;11;3600;0.01
2026.06.15;1;21;20482;7.98;7;11;11;11;59;7.57;7;11;3600;0.01
2026.06.15;1;22;18596;9.04;10;11;11;11;45;8.72;10;11;3600;0.01
2026.06.15;1;23;7231;16.28;11;11;40;40;100;18.25;11;40;3540;0.01
2026.06.16;2;1;11246;9.94;10;12;12;12;109;9.34;10;12;3599;0.01
2026.06.16;2;2;11106;9.49;11;12;12;12;115;8.99;10;12;3600;0.01
2026.06.16;2;3;20617;9.70;11;12;12;12;110;9.17;10;12;3600;0.01
2026.06.16;2;4;35725;9.85;11;12;12;12;123;9.39;10;12;3600;0.01
2026.06.16;2;5;18771;9.69;11;12;12;12;99;9.05;10;12;3600;0.01
2026.06.16;2;6;17188;9.29;10;12;12;12;129;8.90;10;12;3600;0.01
2026.06.16;2;7;13792;9.19;10;12;12;12;99;8.58;9;12;3600;0.01
2026.06.16;2;8;21556;10.07;11;12;12;12;91;9.54;10;12;3600;0.01
2026.06.16;2;9;22605;8.88;9;11;11;11;134;8.62;9;11;3600;0.01
2026.06.16;2;10;20625;8.64;9;11;11;11;94;8.24;8;11;3600;0.01
2026.06.16;2;11;20869;8.55;9;11;11;11;121;8.20;8;11;3600;0.01
2026.06.16;2;12;17363;8.64;9;11;11;11;169;8.01;8;11;3600;0.01
2026.06.16;2;13;12559;8.23;8;11;11;11;94;7.95;8;11;3600;0.01
2026.06.16;2;14;19599;8.60;9;10;10;10;101;8.24;9;10;3600;0.01
2026.06.16;2;15;24916;9.18;10;10;10;10;74;8.93;10;10;3600;0.01
2026.06.16;2;16;42269;9.91;10;10;10;10;143;9.79;10;10;3600;0.01
2026.06.16;2;17;50484;8.72;10;10;10;10;97;8.34;10;10;3600;0.01
2026.06.16;2;18;38872;8.04;8;10;10;10;87;7.74;8;10;3600;0.01
2026.06.16;2;19;28941;8.61;9;10;11;11;148;8.22;9;11;3600;0.01
2026.06.16;2;20;25449;9.00;10;11;11;11;72;8.48;9;11;3600;0.01
2026.06.16;2;21;17597;8.67;9;10;11;11;56;8.48;9;11;3600;0.01
2026.06.16;2;22;20534;9.46;11;11;11;11;52;9.16;11;11;3600;0.01
2026.06.16;2;23;6707;14.37;8;11;40;40;69;17.22;7;40;3540;0.01
2026.06.17;3;1;7288;9.69;10;12;12;12;98;9.06;9;12;3600;0.01
2026.06.17;3;2;6406;9.48;11;12;12;12;129;8.25;8;12;3600;0.01
2026.06.17;3;3;18306;9.79;11;12;12;12;172;9.34;10;12;3600;0.01
2026.06.17;3;4;26928;9.67;11;12;12;12;88;9.11;10;12;3600;0.01
2026.06.17;3;5;18589;9.62;12;12;12;12;90;8.98;10;12;3600;0.01
2026.06.17;3;6;13743;8.77;9;12;12;12;69;8.41;8;12;3600;0.01
2026.06.17;3;7;10765;9.30;10;12;12;12;125;8.75;9;12;3600;0.01
2026.06.17;3;8;17449;9.71;11;12;12;12;117;9.36;10;12;3600;0.01
2026.06.17;3;9;21344;8.36;9;11;11;11;64;8.06;8;11;3600;0.01
2026.06.17;3;10;18579;8.69;9;11;11;11;113;8.37;9;11;3600;0.01
2026.06.17;3;11;22285;8.77;9;11;11;11;108;8.35;9;11;3600;0.01
2026.06.17;3;12;16935;8.68;9;11;11;11;93;8.04;8;11;3600;0.01
2026.06.17;3;13;15516;8.43;9;11;11;11;72;8.16;8;11;3600;0.01
2026.06.17;3;14;18628;8.48;9;10;10;10;64;8.23;9;10;3600;0.01
2026.06.17;3;15;19833;8.95;10;10;10;10;162;8.53;10;10;3600;0.01
2026.06.17;3;16;35603;9.62;10;10;10;10;95;9.44;10;10;3600;0.01
2026.06.17;3;17;53398;9.24;10;10;10;10;200;8.83;10;10;3600;0.01
2026.06.17;3;18;34790;6.58;6;7;10;10;69;6.47;6;10;3600;0.01
2026.06.17;3;19;18909;9.07;9;11;11;11;57;8.87;9;11;3600;0.01
2026.06.17;3;20;28557;10.00;11;11;11;11;140;9.74;10;11;3600;0.01
2026.06.17;3;21;162039;10.24;11;11;11;11;200;10.09;11;11;3600;0.01
2026.06.17;3;22;141205;9.27;10;11;11;11;182;9.07;10;11;3600;0.01
2026.06.17;3;23;30410;11.27;7;11;40;40;116;17.97;9;40;3540;0.01
2026.06.18;4;1;17653;9.99;10;12;12;12;193;9.18;10;12;3600;0.01
2026.06.18;4;2;18708;9.83;11;12;12;12;129;9.14;10;12;3600;0.01
2026.06.18;4;3;38186;9.52;11;12;12;12;151;9.04;10;12;3600;0.01
2026.06.18;4;4;40434;9.57;10;12;12;12;156;9.01;9;12;3600;0.01
2026.06.18;4;5;26197;9.85;11;12;12;12;115;9.38;10;12;3600;0.01
2026.06.18;4;6;19438;9.11;10;12;12;12;102;8.67;9;12;3600;0.01
2026.06.18;4;7;15838;9.07;10;12;12;12;164;8.77;9;12;3600;0.01
2026.06.18;4;8;27775;10.03;12;12;12;12;113;9.43;11;12;3600;0.01
2026.06.18;4;9;34576;8.67;9;11;11;11;84;8.42;9;11;3600;0.01
2026.06.18;4;10;27306;8.64;9;11;11;11;95;8.29;8;11;3600;0.01
2026.06.18;4;11;30536;9.15;10;11;11;11;76;8.81;10;11;3600;0.01
2026.06.18;4;12;28481;8.61;9;11;11;11;114;8.16;8;11;3600;0.01
2026.06.18;4;13;27141;8.98;10;11;11;11;77;8.50;9;11;3600;0.01
2026.06.18;4;14;36158;8.35;9;10;10;10;96;7.94;9;10;3600;0.01
2026.06.18;4;15;45331;9.13;10;10;10;10;87;8.95;10;10;3600;0.01
2026.06.18;4;16;59277;8.65;10;10;10;10;106;8.05;9;10;3600;0.01
2026.06.18;4;17;64585;7.60;7;10;10;10;97;7.26;7;10;3600;0.01
2026.06.18;4;18;56292;8.16;9;10;10;10;71;7.85;8;10;3600;0.01
2026.06.18;4;19;44546;8.20;8;11;11;11;153;7.87;8;11;3600;0.01
2026.06.18;4;20;32940;8.05;8;10;11;11;51;7.68;8;11;3600;0.01
2026.06.18;4;21;23598;8.38;8;10;11;11;63;8.28;8;11;3600;0.01
2026.06.18;4;22;26660;9.22;11;11;11;11;76;9.03;11;11;3600;0.01
2026.06.18;4;23;9109;16.84;9;40;40;40;92;17.44;8;40;3540;0.01
2026.06.19;5;1;9423;9.67;10;12;12;12;152;8.66;9;12;3600;0.01
2026.06.19;5;2;16597;9.73;10;12;12;12;192;8.89;9;12;3600;0.01
2026.06.19;5;3;25875;9.54;10;12;12;12;117;8.87;9;12;3600;0.01
2026.06.19;5;4;18952;9.39;10;12;12;12;132;8.79;9;12;3600;0.01
2026.06.19;5;5;19560;9.97;11;12;12;12;165;9.26;10;12;3600;0.01
2026.06.19;5;6;23018;9.83;11;12;12;12;200;9.22;10;12;3600;0.01
2026.06.19;5;7;29521;9.89;11;12;12;12;122;9.40;10;12;3600;0.01
2026.06.19;5;8;28719;9.49;11;12;12;12;200;8.99;10;12;3600;0.01
2026.06.19;5;9;30841;8.69;9;11;11;11;82;8.35;9;11;3600;0.01
2026.06.19;5;10;25322;8.61;9;11;11;11;121;8.24;9;11;3600;0.01
2026.06.19;5;11;25568;8.92;9;11;11;11;134;8.44;9;11;3600;0.01
2026.06.19;5;12;19436;8.64;9;11;11;11;89;8.14;8;11;3600;0.01
2026.06.19;5;13;21863;8.97;10;11;11;11;71;8.63;9;11;3600;0.01
2026.06.19;5;14;22673;7.98;8;9;10;10;122;7.66;8;10;3600;0.01
2026.06.19;5;15;30527;9.73;10;10;10;10;163;9.41;10;10;3600;0.01
2026.06.19;5;16;36852;8.25;9;10;10;10;125;7.69;8;10;3600;0.01
2026.06.19;5;17;23532;7.91;8;10;10;10;126;7.64;7;10;3600;0.01
2026.06.19;5;18;10210;6.45;5;7;10;10;100;6.18;5;10;3600;0.01
2026.06.19;5;19;7486;10.05;11;11;11;11;72;9.59;10;11;3600;0.01
2026.06.22;1;1;23144;9.85;10;10;12;12;127;9.35;10;12;3599;0.01
2026.06.22;1;2;24530;10.39;12;12;12;12;147;9.77;11;12;3600;0.01
2026.06.22;1;3;39459;9.85;11;12;12;12;200;9.28;10;12;3600;0.01
2026.06.22;1;4;62319;10.11;11;12;12;12;133;9.62;10;12;3600;0.01
2026.06.22;1;5;33978;9.50;10;12;12;12;105;9.01;10;12;3600;0.01
2026.06.22;1;6;24738;9.62;11;12;12;12;134;9.04;10;12;3600;0.01
2026.06.22;1;7;17529;9.08;10;12;12;12;79;8.72;9;12;3600;0.01
2026.06.22;1;8;29393;9.64;11;12;12;12;74;9.24;10;12;3600;0.01
2026.06.22;1;9;31008;8.99;10;11;11;11;66;8.69;9;11;3600;0.01
2026.06.22;1;10;23543;8.31;8;11;11;11;87;8.02;8;11;3600;0.01
2026.06.22;1;11;22937;8.78;10;11;11;11;126;8.43;9;11;3600;0.01
2026.06.22;1;12;22762;8.80;9;11;11;11;156;8.24;8;11;3600;0.01
2026.06.22;1;13;17884;8.51;9;11;11;11;127;8.06;8;11;3600;0.01
2026.06.22;1;14;23850;8.18;8;10;10;10;88;7.62;8;10;3600;0.01
2026.06.22;1;15;25341;9.13;10;10;10;10;113;8.91;10;10;3600;0.01
2026.06.22;1;16;55940;9.81;10;10;10;10;143;9.60;10;10;3600;0.01
2026.06.22;1;17;62453;7.98;8;10;10;10;115;7.83;8;10;3600;0.01
2026.06.22;1;18;47011;8.03;9;10;10;10;146;8.01;9;10;3600;0.01
2026.06.22;1;19;30284;8.01;8;10;11;11;73;7.64;7;11;3600;0.01
2026.06.22;1;20;24677;8.21;8;11;11;11;67;7.64;7;11;3600;0.01
2026.06.22;1;21;19996;8.70;9;11;11;11;63;8.41;9;11;3600;0.01
2026.06.22;1;22;21145;9.35;11;11;11;11;76;9.07;10;11;3600;0.01
2026.06.22;1;23;6301;13.88;9;11;40;40;82;17.75;9;40;3540;0.01
2026.06.23;2;1;7327;9.46;10;12;12;12;200;8.35;8;12;3599;0.01
2026.06.23;2;2;8393;9.35;10;12;12;12;77;8.53;9;12;3600;0.01
2026.06.23;2;3;28488;9.55;10;12;12;12;132;9.05;10;12;3600;0.01
2026.06.23;2;4;49286;10.15;12;12;12;12;147;9.81;12;12;3600;0.01
2026.06.23;2;5;32131;9.72;11;12;12;12;136;9.33;10;12;3600;0.01
2026.06.23;2;6;30973;9.53;11;12;12;12;143;9.15;10;12;3600;0.01
2026.06.23;2;7;20886;9.61;11;12;12;12;200;9.00;10;12;3600;0.01
2026.06.23;2;8;42252;9.90;11;12;12;12;137;9.41;11;12;3600;0.01
2026.06.23;2;9;47874;8.78;9;11;11;11;125;8.41;9;11;3600;0.01
2026.06.23;2;10;39016;9.14;10;11;11;11;131;8.81;10;11;3600;0.01
2026.06.23;2;11;40024;8.79;9;11;11;11;200;8.47;9;11;3600;0.01
2026.06.23;2;12;26676;8.66;9;11;11;11;120;8.37;9;11;3600;0.01
2026.06.23;2;13;28035;8.75;9;11;11;11;200;8.39;9;11;3600;0.01
2026.06.23;2;14;33203;8.30;8;10;10;10;88;8.01;8;10;3600;0.01
2026.06.23;2;15;33793;8.21;9;10;10;10;57;7.98;8;10;3600;0.01
2026.06.23;2;16;67306;9.55;10;10;10;10;121;9.32;10;10;3600;0.01
2026.06.23;2;17;68488;7.94;9;10;10;10;140;7.78;8;10;3600;0.01
2026.06.23;2;18;43718;7.80;8;10;10;10;99;7.53;7;10;3600;0.01
2026.06.23;2;19;26415;9.31;11;11;11;11;81;8.93;10;11;3600;0.01
2026.06.23;2;20;24872;8.58;10;11;11;11;95;8.05;8;11;3600;0.01
2026.06.23;2;21;23857;9.03;10;11;11;11;54;8.68;9;11;3600;0.01
2026.06.23;2;22;32854;8.72;10;11;11;11;60;8.42;9;11;3600;0.01
2026.06.23;2;23;8497;14.73;11;11;40;40;90;17.86;10;40;3540;0.01
2026.06.24;3;1;19435;9.81;11;12;12;12;169;9.16;10;12;3599;0.01
2026.06.24;3;2;27136;9.75;11;12;12;12;173;9.12;10;12;3600;0.01
2026.06.24;3;3;43037;9.55;10;12;12;12;138;9.20;10;12;3600;0.01
2026.06.24;3;4;67397;10.25;12;12;12;12;148;9.82;12;12;3600;0.01
2026.06.24;3;5;43878;9.51;10;12;12;12;112;9.07;10;12;3600;0.01
2026.06.24;3;6;39021;9.38;10;12;12;12;120;8.98;9;12;3600;0.01
2026.06.24;3;7;26171;9.43;10;12;12;12;167;8.99;9;12;3600;0.01
2026.06.24;3;8;33625;9.50;11;12;12;12;113;8.98;9;12;3600;0.01
2026.06.24;3;9;40760;8.65;9;11;11;11;115;8.32;9;11;3600;0.01
2026.06.24;3;10;27071;8.46;9;11;11;11;77;8.19;8;11;3600;0.01
2026.06.24;3;11;27467;8.16;8;11;11;11;75;7.85;8;11;3600;0.01
2026.06.24;3;12;23336;8.81;9;11;11;11;106;8.40;9;11;3600;0.01
2026.06.24;3;13;25845;8.77;10;11;11;11;115;8.36;9;11;3600;0.01
2026.06.24;3;14;45930;8.28;9;10;10;10;148;7.98;9;10;3600;0.01
2026.06.24;3;15;66878;8.44;9;10;10;10;200;8.15;9;10;3600;0.01
2026.06.24;3;16;114914;8.42;9;10;10;10;150;8.19;9;10;3600;0.01
2026.06.24;3;17;83087;7.93;8;10;10;10;134;7.83;8;10;3600;0.01
2026.06.24;3;18;60842;8.01;9;10;10;10;96;7.78;8;10;3600;0.01
2026.06.24;3;19;49865;8.51;9;11;11;11;75;8.04;8;11;3600;0.01
2026.06.24;3;20;60501;9.59;10;11;11;11;81;9.31;10;11;3600;0.01
2026.06.24;3;21;66481;8.57;9;11;11;11;130;7.86;8;11;3600;0.01
2026.06.24;3;22;45499;9.08;9;11;11;11;96;8.84;9;11;3600;0.01
2026.06.24;3;23;24840;13.41;11;11;40;40;83;18.27;11;40;3539;0.01
2026.06.25;4;1;15524;9.41;10;12;12;12;105;8.67;9;12;3599;0.01
2026.06.25;4;2;22943;9.98;11;12;12;12;144;9.14;10;12;3600;0.01
2026.06.25;4;3;47471;9.46;10;12;12;12;113;9.09;10;12;3600;0.01
2026.06.25;4;4;72389;9.31;10;12;12;12;130;9.01;10;12;3600;0.01
2026.06.25;4;5;55874;9.29;10;12;12;12;78;9.00;9;12;3600;0.01
2026.06.25;4;6;46216;9.38;10;12;12;12;103;8.95;9;12;3600;0.01
2026.06.25;4;7;28210;9.13;10;12;12;12;116;8.78;9;12;3600;0.01
2026.06.25;4;8;42544;9.61;11;12;12;12;110;9.05;10;12;3600;0.01
2026.06.25;4;9;40315;8.59;9;11;11;11;78;8.35;9;11;3600;0.01
2026.06.25;4;10;33792;8.68;10;11;11;11;97;8.34;9;11;3600;0.01
2026.06.25;4;11;34951;8.49;9;11;11;11;125;8.01;8;11;3600;0.01
2026.06.25;4;12;27188;8.49;8;11;11;11;59;8.02;8;11;3600;0.01
2026.06.25;4;13;18843;8.30;8;10;11;11;85;7.95;8;11;3600;0.01
2026.06.25;4;14;25026;8.61;9;10;10;10;123;8.36;8;10;3600;0.01
2026.06.25;4;15;59486;9.36;10;10;10;10;200;9.12;10;10;3600;0.01
2026.06.25;4;16;94067;8.76;9;10;10;10;126;8.35;9;10;3600;0.01
2026.06.25;4;17;93874;7.47;7;10;10;10;136;7.06;6;10;3600;0.01
2026.06.25;4;18;71850;8.16;9;10;10;10;134;7.84;9;10;3600;0.01
2026.06.25;4;19;45439;8.12;9;10;11;11;103;7.78;8;11;3600;0.01
2026.06.25;4;20;38234;8.10;8;10;11;11;108;7.71;8;11;3600;0.01
2026.06.25;4;21;39050;9.14;11;11;11;11;81;8.58;10;11;3600;0.01
2026.06.25;4;22;32291;9.45;11;11;11;11;66;9.07;10;11;3600;0.01
2026.06.25;4;23;9244;12.23;7;10;40;40;71;17.34;8;40;3540;0.01
2026.06.26;5;1;17919;9.55;10;12;12;12;139;8.89;9;12;3589;0.01
2026.06.26;5;2;18352;9.23;10;12;12;12;96;8.72;9;12;3600;0.01
2026.06.26;5;3;35907;9.10;10;12;12;12;79;8.75;9;12;3600;0.01
2026.06.26;5;4;45193;9.40;10;12;12;12;101;9.12;10;12;3600;0.01
2026.06.26;5;5;37803;9.56;11;12;12;12;120;9.12;10;12;3600;0.01
2026.06.26;5;6;31244;9.00;9;12;12;12;117;8.71;9;12;3600;0.01
2026.06.26;5;7;25890;9.15;10;12;12;12;87;8.86;9;12;3600;0.01
2026.06.26;5;8;33306;9.42;10;12;12;12;79;8.99;9;12;3600;0.01
2026.06.26;5;9;42781;8.79;9;11;11;11;125;8.46;9;11;3600;0.01
2026.06.26;5;10;24480;8.51;9;11;11;11;78;8.00;8;11;3600;0.01
2026.06.26;5;11;24212;8.61;9;11;11;11;77;8.17;9;11;3600;0.01
2026.06.26;5;12;29065;8.83;9;11;11;11;122;8.46;9;11;3600;0.01
2026.06.26;5;13;20943;8.45;9;11;11;11;61;8.09;8;11;3600;0.01
2026.06.26;5;14;22529;7.97;8;10;10;10;75;7.69;8;10;3600;0.01
2026.06.26;5;15;31244;8.13;9;10;10;10;100;7.74;8;10;3600;0.01
2026.06.26;5;16;72587;8.22;9;10;10;10;133;8.03;9;10;3600;0.01
2026.06.26;5;17;65160;8.22;9;10;10;10;105;8.02;9;10;3600;0.01
2026.06.26;5;18;43688;8.16;9;10;10;10;92;7.89;8;10;3600;0.01
2026.06.26;5;19;26661;8.39;9;11;11;11;93;7.84;8;11;3600;0.01
2026.06.26;5;20;22568;8.39;9;11;11;11;72;8.00;8;11;3600;0.01
2026.06.26;5;21;17178;8.00;8;10;11;11;66;7.80;8;11;3600;0.01
2026.06.26;5;22;20618;8.84;10;11;11;11;61;8.71;10;11;3600;0.01
2026.06.26;5;23;10280;17.56;11;40;40;40;139;18.09;11;40;3420;0.01
2026.06.29;1;1;28024;9.63;10;12;12;12;110;8.98;9;12;3598;0.01
2026.06.29;1;2;20252;9.43;10;12;12;12;107;8.75;9;12;3600;0.01
2026.06.29;1;3;44806;9.42;10;12;12;12;101;8.98;10;12;3600;0.01
2026.06.29;1;4;52552;9.47;10;12;12;12;122;9.03;10;12;3600;0.01
2026.06.29;1;5;37212;9.39;10;12;12;12;86;9.03;10;12;3600;0.01
2026.06.29;1;6;26220;9.25;10;12;12;12;101;8.91;9;12;3600;0.01
2026.06.29;1;7;19520;9.25;10;12;12;12;62;8.79;9;12;3600;0.01
2026.06.29;1;8;34853;9.55;10;12;12;12;78;9.11;10;12;3600;0.01
2026.06.29;1;9;29424;8.33;8;11;11;11;72;7.91;8;11;3600;0.01
2026.06.29;1;10;22044;8.35;9;11;11;11;122;8.07;8;11;3600;0.01
2026.06.29;1;11;24276;8.45;9;11;11;11;58;8.09;8;11;3600;0.01
2026.06.29;1;12;28070;9.00;10;11;11;11;111;8.29;9;11;3600;0.01
2026.06.29;1;13;22098;7.92;8;10;11;11;131;7.57;7;11;3600;0.01
2026.06.29;1;14;21428;8.05;8;10;10;10;75;7.68;8;10;3600;0.01
2026.06.29;1;15;27718;7.94;8;10;10;10;71;7.69;8;10;3600;0.01
2026.06.29;1;16;46285;8.17;9;10;10;10;91;7.93;8;10;3600;0.01
2026.06.29;1;17;65501;8.18;9;10;10;10;119;7.91;8;10;3600;0.01
2026.06.29;1;18;35822;8.02;8;10;10;10;68;7.75;8;10;3600;0.01
2026.06.29;1;19;18599;8.58;9;10;11;11;73;8.14;9;11;3600;0.01
2026.06.29;1;20;17913;8.89;11;11;11;11;64;8.27;9;11;3600;0.01
2026.06.29;1;21;12043;8.46;8;11;11;11;78;8.19;8;11;3600;0.01
2026.06.29;1;22;16757;9.16;10;11;11;11;75;8.68;9;11;3600;0.01
2026.06.29;1;23;4768;15.26;9;11;40;40;40;17.49;9;40;3539;0.01
2026.06.30;2;1;11611;9.59;10;12;12;12;118;8.88;9;12;3599;0.01
2026.06.30;2;2;12569;9.50;10;12;12;12;79;8.76;9;12;3600;0.01
2026.06.30;2;3;33530;9.60;10;12;12;12;160;8.99;9;12;3600;0.01
2026.06.30;2;4;66084;9.84;11;12;12;12;199;9.23;10;12;3600;0.01
2026.06.30;2;5;40914;9.51;10;12;12;12;127;9.02;9;12;3600;0.01
2026.06.30;2;6;27257;9.45;10;12;12;12;106;8.80;9;12;3600;0.01
2026.06.30;2;7;24839;9.42;10;12;12;12;86;8.87;9;12;3600;0.01
2026.06.30;2;8;31328;9.56;10;12;12;12;82;9.02;9;12;3600;0.01
2026.06.30;2;9;54036;8.91;10;11;11;11;125;8.37;9;11;3600;0.01
2026.06.30;2;10;26887;9.10;9;11;11;38;80;8.28;8;11;3600;0.01
2026.06.30;2;11;28103;9.20;9;11;11;11;86;8.59;9;11;3600;0.01
2026.06.30;2;12;19391;8.28;8;11;11;11;67;7.83;8;11;3600;0.01
2026.06.30;2;13;16201;8.67;9;11;11;33;107;7.87;8;11;3600;0.01
2026.06.30;2;14;21896;8.57;8;10;10;37;134;7.67;8;10;3600;0.01
2026.06.30;2;15;31685;8.16;9;10;10;10;107;7.79;8;10;3600;0.01
2026.06.30;2;16;54922;8.19;9;10;10;10;96;7.95;9;10;3600;0.01
2026.06.30;2;17;63729;8.23;9;10;10;10;165;7.97;9;10;3600;0.01
2026.06.30;2;18;37875;8.31;9;10;10;10;98;8.04;9;10;3600;0.01
2026.06.30;2;19;19533;8.96;9;10;11;11;76;8.64;9;11;3600;0.01
2026.06.30;2;20;19859;9.29;11;11;11;11;85;8.39;10;11;3600;0.01
2026.06.30;2;21;11225;8.88;9;10;11;11;69;8.64;8;11;3600;0.01
2026.06.30;2;22;19371;9.26;11;11;11;11;65;8.61;9;11;3600;0.01
2026.06.30;2;23;8714;16.29;11;11;40;40;132;18.55;11;40;3539;0.01
2026.07.01;3;1;11168;9.61;10;12;12;12;83;8.84;9;12;3599;0.01
2026.07.01;3;2;12996;9.28;10;12;12;12;91;8.68;9;12;3600;0.01
2026.07.01;3;3;24220;9.90;10;12;12;34;200;9.08;10;12;3600;0.01
2026.07.01;3;4;43684;9.36;10;12;12;12;146;9.10;10;12;3600;0.01
2026.07.01;3;5;27777;9.17;10;12;12;12;83;8.85;9;12;3600;0.01
2026.07.01;3;6;18410;8.97;9;12;12;12;63;8.58;9;12;3600;0.01
2026.07.01;3;7;15892;9.18;10;12;12;12;63;8.73;9;12;3600;0.01
2026.07.01;3;8;25940;9.36;10;12;12;12;148;8.89;9;12;3600;0.01
2026.07.01;3;9;28795;8.49;9;11;11;11;85;7.97;8;11;3600;0.01
2026.07.01;3;10;27161;9.33;10;11;11;11;154;8.80;10;11;3600;0.01
2026.07.01;3;11;21824;8.14;8;11;11;11;107;7.86;8;11;3600;0.01
2026.07.01;3;12;17047;8.40;9;11;11;11;86;8.09;8;11;3600;0.01
2026.07.01;3;13;17361;8.74;9;11;11;11;162;8.36;9;11;3600;0.01
2026.07.01;3;14;37274;8.46;9;10;10;10;186;8.03;9;10;3600;0.01
2026.07.01;3;15;42454;7.96;8;10;10;10;183;7.75;8;10;3600;0.01
2026.07.01;3;16;92997;8.61;9;10;10;10;134;8.37;9;10;3600;0.01
2026.07.01;3;17;73667;8.26;9;10;10;10;143;7.99;9;10;3600;0.01
2026.07.01;3;18;39445;8.02;9;10;10;10;77;7.73;8;10;3600;0.01
2026.07.01;3;19;18938;9.05;9;10;11;11;55;8.77;9;11;3600;0.01
2026.07.01;3;20;14490;7.86;7;11;11;11;54;7.39;6;11;3600;0.01
2026.07.01;3;21;12759;8.11;8;11;11;11;59;7.88;8;11;3600;0.01
2026.07.01;3;22;16212;8.98;11;11;11;11;126;8.23;9;11;3600;0.01
2026.07.01;3;23;12979;14.80;11;11;40;40;113;17.59;8;40;3539;0.01
2026.07.02;4;1;9934;9.37;10;12;12;12;101;8.71;9;12;3599;0.01
2026.07.02;4;2;9612;9.62;10;12;12;12;143;8.93;9;12;3600;0.01
2026.07.02;4;3;22405;9.31;10;12;12;12;120;8.85;9;12;3600;0.01
2026.07.02;4;4;31193;9.38;10;12;12;12;105;9.03;10;12;3600;0.01
2026.07.02;4;5;21891;9.10;10;12;12;12;121;8.70;9;12;3600;0.01
2026.07.02;4;6;18825;9.13;10;12;12;12;78;8.75;9;12;3600;0.01
2026.07.02;4;7;13646;8.99;9;12;12;12;71;8.70;9;12;3600;0.01
2026.07.02;4;8;21796;9.25;10;12;12;12;91;8.81;9;12;3600;0.01
2026.07.02;4;9;24702;8.75;9;11;11;11;91;8.34;8;11;3600;0.01
2026.07.02;4;10;21906;8.28;8;11;11;11;109;7.95;8;11;3600;0.01
2026.07.02;4;11;23069;8.48;9;11;11;11;80;8.24;9;11;3600;0.01
2026.07.02;4;12;18220;8.31;8;11;11;11;108;7.90;8;11;3600;0.01
2026.07.02;4;13;14488;8.20;8;11;11;11;49;7.86;8;11;3600;0.01
2026.07.02;4;14;19681;8.01;8;10;10;10;67;7.71;8;10;3600;0.01
2026.07.02;4;15;60101;8.35;9;10;10;10;159;8.15;9;10;3600;0.01
2026.07.02;4;16;60555;8.16;9;10;10;10;86;7.93;9;10;3600;0.01
2026.07.02;4;17;51226;7.98;9;10;10;10;84;7.89;9;10;3600;0.01
2026.07.02;4;18;37396;7.94;8;10;10;10;67;7.74;8;10;3600;0.01
2026.07.02;4;19;34283;8.75;9;11;11;11;90;8.27;8;11;3600;0.01
2026.07.02;4;20;32480;8.20;8;11;11;11;50;7.90;8;11;3600;0.01
2026.07.02;4;21;25203;8.37;9;11;11;11;72;8.08;8;11;3600;0.01
2026.07.02;4;22;21733;8.89;10;11;11;11;62;8.43;9;11;3600;0.01
2026.07.02;4;23;5212;15.41;10;11;40;40;92;17.97;10;40;3540;0.01
2026.07.03;5;1;5569;9.39;10;12;12;12;107;8.39;8;12;3600;0.01
2026.07.03;5;2;12255;9.77;11;12;12;12;109;8.91;9;12;3600;0.01
2026.07.03;5;3;28454;9.45;10;12;12;12;189;8.93;9;12;3600;0.01
2026.07.03;5;4;42772;9.40;10;12;12;12;157;9.04;10;12;3600;0.01
2026.07.03;5;5;22689;9.13;10;12;12;12;49;8.82;9;12;3600;0.01
2026.07.03;5;6;15446;9.13;10;12;12;12;50;8.75;9;12;3600;0.01
2026.07.03;5;7;11273;9.15;10;12;12;12;76;8.66;9;12;3600;0.01
2026.07.03;5;8;18925;9.38;10;12;12;12;74;8.87;9;12;3600;0.01
2026.07.03;5;9;25515;8.73;9;11;11;11;86;8.44;9;11;3600;0.01
2026.07.03;5;10;17396;9.01;10;11;11;11;62;8.57;10;11;3600;0.01
2026.07.03;5;11;15365;8.63;9;11;11;11;94;8.11;8;11;3600;0.01
2026.07.03;5;12;13763;8.70;9;11;11;11;109;8.13;8;11;3600;0.01
2026.07.03;5;13;8573;8.25;8;11;11;11;51;7.73;8;11;3600;0.01
2026.07.03;5;14;10571;8.02;8;10;10;10;121;7.58;8;10;3600;0.01
2026.07.03;5;15;12656;8.15;9;10;10;10;95;7.66;8;10;3600;0.01
2026.07.03;5;16;22882;8.35;9;10;10;10;84;7.89;8;10;3600;0.01
2026.07.03;5;17;16344;8.14;8;10;10;10;120;7.67;8;10;3600;0.01
2026.07.03;5;18;11768;7.83;8;10;10;10;83;7.43;7;10;3600;0.01
2026.07.03;5;19;6170;9.05;9;11;11;11;81;8.53;9;11;3600;0.01
2026.07.06;1;1;17098;9.72;10;12;12;12;132;8.95;10;12;3599;0.01
2026.07.06;1;2;15125;9.69;10;12;12;12;161;8.84;9;12;3600;0.01
2026.07.06;1;3;26370;9.50;10;12;12;12;98;8.85;9;12;3600;0.01
2026.07.06;1;4;34191;9.34;10;12;12;12;102;8.92;9;12;3600;0.01
2026.07.06;1;5;25941;9.39;10;12;12;12;131;9.07;10;12;3600;0.01
2026.07.06;1;6;17736;8.61;8;12;12;12;95;8.22;8;12;3600;0.01
2026.07.06;1;7;11621;8.66;9;12;12;12;58;8.30;8;12;3600;0.01
2026.07.06;1;8;18512;9.73;11;12;12;12;103;9.09;9;12;3600;0.01
2026.07.06;1;9;17218;8.39;9;11;11;11;55;7.95;8;11;3600;0.01
2026.07.06;1;10;16882;8.39;9;11;11;11;93;7.92;8;11;3600;0.01
2026.07.06;1;11;15155;8.84;10;11;11;11;82;8.33;9;11;3600;0.01
2026.07.06;1;12;15427;8.65;9;11;11;11;200;8.00;8;11;3600;0.01
2026.07.06;1;13;11701;8.64;9;11;11;11;79;8.31;8;11;3600;0.01
2026.07.06;1;14;12767;8.04;8;10;10;10;69;7.59;8;10;3600;0.01
2026.07.06;1;15;23143;8.15;9;10;10;10;85;7.77;8;10;3600;0.01
2026.07.06;1;16;35420;8.19;9;10;10;10;197;7.84;8;10;3600;0.01
2026.07.06;1;17;33274;8.20;9;10;10;10;165;7.84;8;10;3600;0.01
2026.07.06;1;18;21676;7.98;8;10;10;10;183;7.67;8;10;3600;0.01
2026.07.06;1;19;14993;8.80;9;11;11;11;89;8.35;9;11;3600;0.01
2026.07.06;1;20;16442;8.44;9;11;11;11;71;7.94;8;11;3600;0.01
2026.07.06;1;21;11270;8.01;7;10;11;11;119;7.68;7;11;3600;0.01
2026.07.06;1;22;12510;8.75;9;11;11;11;56;8.37;9;11;3600;0.01
2026.07.06;1;23;5644;13.84;8;11;40;40;72;17.40;8;40;3539;0.01
2026.07.07;2;1;5787;10.05;10;11;12;12;66;9.16;9;12;3600;0.01
2026.07.07;2;2;5673;9.85;10;12;12;12;134;8.74;9;12;3600;0.01
2026.07.07;2;3;21845;10.15;11;12;12;12;143;9.77;11;12;3600;0.01
2026.07.07;2;4;30219;9.24;10;12;12;12;106;8.58;9;12;3600;0.01
2026.07.07;2;5;18529;9.18;10;12;12;12;72;8.70;9;12;3600;0.01
2026.07.07;2;6;15299;8.45;8;12;12;12;59;7.96;7;12;3600;0.01
2026.07.07;2;7;13204;8.38;8;12;12;12;57;8.05;7;12;3600;0.01
2026.07.07;2;8;23498;10.04;12;12;12;12;55;9.57;10;12;3600;0.01
2026.07.07;2;9;18257;7.75;8;9;11;11;63;7.45;7;11;3600;0.01
2026.07.07;2;10;14992;8.72;9;11;11;11;116;8.50;9;11;3600;0.01
2026.07.07;2;11;18124;8.33;8;11;11;11;106;7.86;8;11;3600;0.01
2026.07.07;2;12;16465;8.48;9;11;11;11;200;7.90;8;11;3600;0.01
2026.07.07;2;13;12547;8.10;8;10;11;11;44;7.90;8;11;3600;0.01
2026.07.07;2;14;17098;8.48;9;10;10;10;200;8.02;8;10;3600;0.01
2026.07.07;2;15;32042;8.40;9;10;10;10;200;8.11;9;10;3600;0.01
2026.07.07;2;16;42949;8.40;9;10;10;10;200;7.99;9;10;3600;0.01
2026.07.07;2;17;41161;7.99;8;10;10;10;125;7.76;8;10;3600;0.01
2026.07.07;2;18;28716;8.08;9;10;10;10;99;7.76;8;10;3600;0.01
2026.07.07;2;19;16480;8.63;9;10;11;11;83;8.30;9;11;3600;0.01
2026.07.07;2;20;13801;8.08;9;11;11;11;57;7.57;6;11;3600;0.01
2026.07.07;2;21;21237;9.75;11;11;11;11;86;8.95;10;11;3600;0.01
2026.07.07;2;22;39280;9.09;10;11;11;11;135;8.39;8;11;3600;0.01
2026.07.07;2;23;7474;15.85;8;40;40;40;87;17.55;7;40;3537;0.01
2026.07.08;3;1;12217;10.09;10;11;12;12;120;9.96;10;12;3599;0.01
2026.07.08;3;2;11770;9.52;10;12;12;12;200;8.78;9;12;3600;0.01
2026.07.08;3;3;31092;9.63;11;12;12;12;85;9.21;10;12;3600;0.01
2026.07.08;3;4;41586;9.19;9;12;12;12;200;8.70;9;12;3600;0.01
2026.07.08;3;5;27615;8.94;10;12;12;12;78;8.46;9;12;3600;0.01
2026.07.08;3;6;23412;9.21;10;12;12;12;77;8.75;9;12;3600;0.01
2026.07.08;3;7;18007;9.33;10;12;12;12;200;8.94;9;12;3600;0.01
2026.07.08;3;8;26458;9.19;10;12;12;12;103;8.75;9;12;3600;0.01
2026.07.08;3;9;21821;8.54;9;10;11;11;125;8.19;8;10;3600;0.01
2026.07.08;3;10;21123;8.44;9;11;11;11;110;8.13;8;11;3600;0.01
2026.07.08;3;11;61762;9.35;9;11;11;11;157;9.13;9;11;3600;0.01
2026.07.08;3;12;37963;8.26;8;9;11;11;85;8.09;8;11;3600;0.01
2026.07.08;3;13;25803;7.94;8;10;11;11;93;7.61;7;11;3600;0.01
2026.07.08;3;14;31605;8.27;9;10;10;10;93;7.72;8;10;3600;0.01
2026.07.08;3;15;39885;8.11;9;10;10;10;100;7.76;8;10;3600;0.01
2026.07.08;3;16;56888;7.87;8;10;10;10;93;7.57;8;10;3600;0.01
2026.07.08;3;17;56743;8.13;9;10;10;10;123;7.95;9;10;3600;0.01
2026.07.08;3;18;47274;7.70;8;10;10;10;130;7.46;7;10;3600;0.01
2026.07.08;3;19;35540;8.61;9;11;11;11;96;8.10;8;11;3600;0.01
2026.07.08;3;20;26648;8.42;9;11;11;11;92;7.98;8;11;3600;0.01
2026.07.08;3;21;33813;8.72;9;11;11;11;74;8.23;8;11;3600;0.01
2026.07.08;3;22;25401;8.27;8;11;11;11;59;7.89;8;11;3600;0.01
2026.07.08;3;23;17866;14.75;9;11;40;40;101;18.03;10;40;3540;0.01
2026.07.09;4;1;10639;9.37;10;12;12;12;118;8.55;9;12;3601;0.01
2026.07.09;4;2;7727;9.04;9;12;12;12;177;8.43;8;12;3599;0.01
2026.07.09;4;3;24843;9.48;10;12;12;12;110;8.94;9;12;3600;0.01
2026.07.09;4;4;32493;9.45;10;12;12;12;167;9.12;10;12;3600;0.01
2026.07.09;4;5;22109;9.23;10;12;12;12;200;8.97;9;12;3600;0.01
2026.07.09;4;6;19382;9.01;9;12;12;12;107;8.59;9;12;3600;0.01
2026.07.09;4;7;13622;9.30;10;12;12;12;200;8.73;9;12;3600;0.01
2026.07.09;4;8;23940;9.55;10;12;12;12;200;9.06;9;12;3600;0.01
2026.07.09;4;9;28507;8.62;9;10;11;11;88;8.18;8;11;3600;0.01
2026.07.09;4;10;19899;8.41;8;11;11;11;90;7.95;8;11;3600;0.01
2026.07.09;4;11;18878;8.78;9;11;11;11;175;8.29;8;11;3600;0.01
2026.07.09;4;12;14363;8.53;9;11;11;11;131;8.09;8;11;3600;0.01
2026.07.09;4;13;13392;9.32;10;11;11;11;117;8.46;9;11;3600;0.01
2026.07.09;4;14;15916;8.35;9;10;10;10;69;8.05;8;10;3600;0.01
2026.07.09;4;15;27355;8.46;9;10;10;10;87;7.99;9;10;3600;0.01
2026.07.09;4;16;39722;8.41;10;10;10;10;77;8.10;9;10;3600;0.01
2026.07.09;4;17;37869;7.86;8;10;10;10;200;7.64;8;10;3600;0.01
2026.07.09;4;18;24580;7.68;8;10;10;10;77;7.39;7;10;3600;0.01
2026.07.09;4;19;19711;8.49;9;11;11;11;127;8.11;8;11;3600;0.01
2026.07.09;4;20;17262;8.68;9;11;11;11;117;8.10;8;11;3600;0.01
2026.07.09;4;21;11936;8.37;9;11;11;11;125;7.89;8;11;3600;0.01
2026.07.09;4;22;10995;8.63;9;11;11;11;71;8.12;8;11;3600;0.01
2026.07.09;4;23;6615;17.96;11;40;40;40;68;17.98;10;40;3539;0.01
2026.07.10;5;1;7537;9.48;10;12;12;12;69;8.85;9;12;3600;0.01
2026.07.10;5;2;5174;9.16;9;12;12;12;82;8.58;8;12;3600;0.01
2026.07.10;5;3;16702;9.53;10;12;12;12;108;8.87;9;12;3600;0.01
2026.07.10;5;4;27567;9.39;10;12;12;12;200;8.90;9;12;3600;0.01
2026.07.10;5;5;17473;9.12;10;12;12;12;66;8.69;9;12;3600;0.01
2026.07.10;5;6;15315;9.18;10;12;12;12;84;8.64;9;12;3600;0.01
2026.07.10;5;7;10747;9.23;9;12;12;12;200;8.72;9;12;3600;0.01
2026.07.10;5;8;19406;9.30;10;12;12;12;177;8.84;9;12;3600;0.01
2026.07.10;5;9;17471;9.02;9;10;11;11;82;8.64;9;11;3600;0.01
2026.07.10;5;10;14992;8.51;9;11;11;11;102;8.05;8;11;3600;0.01
2026.07.10;5;11;17003;8.55;9;11;11;11;71;8.10;8;11;3600;0.01
2026.07.10;5;12;11881;8.16;8;11;11;11;69;7.63;7;11;3600;0.01
2026.07.10;5;13;10325;8.89;9;11;11;11;137;8.28;9;11;3600;0.01
2026.07.10;5;14;12617;8.26;8;10;10;10;145;7.93;8;10;3600;0.01
2026.07.10;5;15;22511;8.35;8;10;10;10;143;7.82;8;10;3600;0.01
2026.07.10;5;16;29174;8.56;9;10;10;10;166;8.04;8;10;3600;0.01
2026.07.10;5;17;42494;8.24;8;10;10;10;126;7.73;8;10;3600;0.01
2026.07.10;5;18;29826;7.91;8;10;10;10;70;7.70;8;10;3600;0.01
2026.07.10;5;19;18439;8.01;8;11;11;11;54;7.70;7;11;3600;0.01
2026.07.10;5;20;14979;7.92;8;10;11;11;46;7.57;7;11;3600;0.01
2026.07.10;5;21;11091;7.88;8;10;11;11;55;7.56;7;11;3600;0.01
2026.07.10;5;22;9437;8.63;9;11;11;11;50;8.18;8;11;3600;0.01
2026.07.10;5;23;7208;18.70;11;40;40;40;120;16.98;8;40;3420;0.01
2026.07.13;1;1;23215;9.91;10;12;12;12;164;9.09;10;12;3599;0.01
2026.07.13;1;2;17884;9.51;10;12;12;12;200;8.85;9;12;3600;0.01
2026.07.13;1;3;30380;9.40;10;12;12;12;125;8.93;9;12;3600;0.01
2026.07.13;1;4;42741;9.47;10;12;12;12;135;9.08;10;12;3600;0.01
2026.07.13;1;5;33349;8.98;9;12;12;12;85;8.67;9;12;3600;0.01
2026.07.13;1;6;23865;9.27;10;12;12;12;95;8.86;9;12;3600;0.01
2026.07.13;1;7;15736;9.13;10;12;12;12;84;8.73;9;12;3600;0.01
2026.07.13;1;8;31646;9.49;10;12;12;12;125;9.05;10;12;3600;0.01
2026.07.13;1;9;27920;8.55;9;10;11;11;145;8.29;8;11;3600;0.01
2026.07.13;1;10;19591;8.61;9;11;11;11;91;8.10;8;11;3600;0.01
2026.07.13;1;11;22553;8.87;9;11;11;11;56;8.32;8;11;3600;0.01
2026.07.13;1;12;14259;8.35;8;11;11;11;52;8.10;8;11;3600;0.01
2026.07.13;1;13;18620;8.79;9;11;11;11;137;8.07;8;11;3600;0.01
2026.07.13;1;14;21231;8.19;9;10;10;10;119;7.78;8;10;3600;0.01
2026.07.13;1;15;21864;7.90;8;10;10;10;126;7.61;8;10;3600;0.01
2026.07.13;1;16;42468;9.15;10;10;10;10;168;8.66;10;10;3600;0.01
2026.07.13;1;17;71127;8.19;9;10;10;10;200;7.60;8;10;3600;0.01
2026.07.13;1;18;25526;7.84;8;10;10;10;80;7.59;8;10;3600;0.01
2026.07.13;1;19;32769;9.27;10;11;11;11;127;8.73;9;11;3600;0.01
2026.07.13;1;20;27299;7.79;8;10;11;11;75;7.55;7;11;3600;0.01
2026.07.13;1;21;25602;8.30;9;11;11;11;68;7.96;8;11;3600;0.01
2026.07.13;1;22;21395;8.14;8;11;11;11;59;7.80;7;11;3600;0.01
2026.07.13;1;23;11858;14.80;9;11;40;40;91;17.51;8;40;3540;0.01
2026.07.14;2;1;9019;9.38;9;12;12;12;113;8.65;9;12;3599;0.01
2026.07.14;2;2;12942;8.98;9;12;12;12;66;8.66;9;12;3600;0.01
2026.07.14;2;3;44508;9.58;10;12;12;12;134;9.15;10;12;3600;0.01
2026.07.14;2;4;43188;9.39;10;12;12;12;159;9.01;10;12;3600;0.01
2026.07.14;2;5;26967;9.22;10;12;12;12;113;8.91;9;12;3600;0.01
2026.07.14;2;6;21423;9.16;10;12;12;12;185;8.83;9;12;3600;0.01
2026.07.14;2;7;15100;9.18;10;12;12;12;57;8.79;9;12;3600;0.01
2026.07.14;2;8;22025;9.54;10;12;12;12;162;9.00;9;12;3600;0.01
2026.07.14;2;9;20477;8.74;9;10;11;11;55;8.48;9;11;3600;0.01
2026.07.14;2;10;22256;8.48;9;11;11;11;76;8.12;8;11;3600;0.01
2026.07.14;2;11;21956;8.39;8;11;11;11;67;7.83;8;11;3600;0.01
2026.07.14;2;12;21148;8.68;9;11;11;11;81;8.34;9;11;3600;0.01
2026.07.14;2;13;17644;8.25;8;11;11;11;56;7.86;8;11;3600;0.01
2026.07.14;2;14;21364;7.84;8;10;10;10;82;7.57;8;10;3600;0.01
2026.07.14;2;15;59681;8.67;8;10;10;10;400;8.49;8;10;3600;0.01
2026.07.14;2;16;68190;8.21;9;10;10;10;174;7.88;8;10;3600;0.01
2026.07.14;2;17;64280;7.80;8;10;10;10;96;7.62;8;10;3600;0.01
2026.07.14;2;18;48922;8.45;9;10;10;10;122;8.11;8;10;3600;0.01
2026.07.14;2;19;29389;8.02;8;10;11;11;80;7.59;7;11;3600;0.01
2026.07.14;2;20;21438;8.03;8;11;11;11;76;7.62;7;11;3600;0.01
2026.07.14;2;21;19605;8.98;10;11;11;11;151;8.35;9;11;3600;0.01
2026.07.14;2;22;19094;8.30;8;11;11;11;69;7.71;7;11;3600;0.01
2026.07.14;2;23;7449;14.44;9;11;40;40;50;17.99;9;40;3539;0.01
2026.07.15;3;1;8649;9.35;10;12;12;12;57;8.74;9;12;3600;0.01
2026.07.15;3;2;9899;9.43;10;12;12;12;106;8.73;9;12;3600;0.01
2026.07.15;3;3;20989;9.13;10;12;12;12;200;8.72;9;12;3600;0.01
2026.07.15;3;4;33045;9.44;10;12;12;12;200;9.12;10;12;3600;0.01
2026.07.15;3;5;23146;9.11;10;12;12;12;93;8.74;9;12;3600;0.01
2026.07.15;3;6;17096;9.17;10;12;12;12;117;8.68;9;12;3600;0.01
2026.07.15;3;7;11160;9.17;10;12;12;12;158;8.61;9;12;3600;0.01
2026.07.15;3;8;22568;9.49;10;12;12;12;131;9.01;9;12;3600;0.01
2026.07.15;3;9;21793;8.33;9;11;11;11;122;7.92;8;11;3600;0.01
2026.07.15;3;10;20853;8.76;9;11;11;11;137;8.33;9;11;3600;0.01
2026.07.15;3;11;21027;8.18;8;11;11;11;76;7.78;8;11;3600;0.01
2026.07.15;3;12;15315;8.39;9;11;11;11;60;7.99;8;11;3600;0.01
2026.07.15;3;13;17340;8.45;8;11;11;11;68;8.04;8;11;3600;0.01
2026.07.15;3;14;17110;8.16;8;10;10;10;77;7.96;8;10;3600;0.01
2026.07.15;3;15;32309;8.31;8;10;10;10;239;8.00;8;10;3600;0.01
2026.07.15;3;16;40890;8.60;10;10;10;10;116;8.19;9;10;3600;0.01
2026.07.15;3;17;41718;7.73;8;10;10;10;71;7.58;8;10;3600;0.01
2026.07.15;3;18;40115;7.91;8;10;10;10;119;7.51;8;10;3600;0.01
2026.07.15;3;19;38754;8.78;9;11;11;11;100;8.40;9;11;3600;0.01
2026.07.15;3;20;30991;8.73;9;11;11;11;99;8.26;8;11;3600;0.01
2026.07.15;3;21;27928;8.20;8;11;11;11;156;7.82;8;11;3600;0.01
2026.07.15;3;22;24046;8.10;8;11;11;11;69;7.55;7;11;3600;0.01
2026.07.15;3;23;6773;12.46;9;11;40;40;94;17.94;9;40;3539;0.01
2026.07.16;4;1;8245;9.20;10;12;12;12;98;8.67;9;12;3600;0.01
2026.07.16;4;2;9245;9.38;10;12;12;12;96;8.67;9;12;3600;0.01
2026.07.16;4;3;19494;9.44;10;12;12;12;160;8.93;9;12;3600;0.01
2026.07.16;4;4;31460;9.29;10;12;12;12;127;8.97;9;12;3600;0.01
2026.07.16;4;5;23651;9.25;10;12;12;12;151;8.84;9;12;3600;0.01
2026.07.16;4;6;15927;9.13;10;12;12;12;68;8.79;9;12;3600;0.01
2026.07.16;4;7;10123;9.26;9;12;12;12;100;8.62;9;12;3600;0.01
2026.07.16;4;8;24525;9.34;10;12;12;12;73;8.92;9;12;3600;0.01
2026.07.16;4;9;27194;8.19;8;10;11;11;114;7.66;8;11;3600;0.01
2026.07.16;4;10;21345;9.10;10;11;11;11;71;8.76;9;11;3600;0.01
2026.07.16;4;11;19843;7.97;7;11;11;11;58;7.52;7;11;3600;0.01
2026.07.16;4;12;14974;8.74;9;11;11;11;57;8.31;9;11;3600;0.01
2026.07.16;4;13;13269;7.85;7;11;11;11;160;7.62;7;11;3600;0.01
2026.07.16;4;14;24317;8.59;10;10;10;10;108;8.07;9;10;3600;0.01
2026.07.16;4;15;47689;8.66;10;10;10;10;204;8.17;9;10;3600;0.01
2026.07.16;4;16;64717;8.41;9;10;10;10;200;8.00;8;10;3600;0.01
2026.07.16;4;17;45949;7.79;8;10;10;10;96;7.69;8;10;3600;0.01
2026.07.16;4;18;37982;8.05;8;10;10;10;92;7.73;8;10;3600;0.01
2026.07.16;4;19;34372;8.61;9;11;11;11;101;8.14;8;11;3600;0.01
2026.07.16;4;20;26204;8.55;9;11;11;11;80;8.12;9;11;3600;0.01
2026.07.16;4;21;24625;8.53;9;11;11;11;80;8.16;8;11;3600;0.01
2026.07.16;4;22;25103;8.61;9;11;11;11;80;8.27;8;11;3600;0.01
2026.07.16;4;23;8521;14.80;9;11;40;40;118;17.82;9;40;3539;0.01
2026.07.17;5;1;7695;9.05;9;12;12;12;121;8.55;9;12;3599;0.01
2026.07.17;5;2;11196;9.12;9;12;12;12;106;8.48;8;12;3600;0.01
2026.07.17;5;3;25601;9.22;10;12;12;12;97;8.89;9;12;3600;0.01
2026.07.17;5;4;36523;9.05;10;12;12;12;88;8.86;9;12;3600;0.01
2026.07.17;5;5;28505;9.18;10;12;12;12;107;8.81;9;12;3600;0.01
2026.07.17;5;6;26759;9.25;10;12;12;12;90;8.89;9;12;3600;0.01
2026.07.17;5;7;17314;9.02;9;12;12;12;91;8.73;9;12;3600;0.01
2026.07.17;5;8;30509;9.53;10;12;12;12;145;9.09;10;12;3600;0.01
2026.07.17;5;9;33972;8.31;9;11;11;11;90;8.07;8;11;3600;0.01
2026.07.17;5;10;23267;7.67;7;10;11;11;67;7.35;7;11;3600;0.01
2026.07.17;5;11;28015;9.02;10;11;11;11;78;8.67;9;11;3600;0.01
2026.07.17;5;12;20955;7.96;8;11;11;11;127;7.60;7;11;3600;0.01
2026.07.17;5;13;16319;8.39;9;11;11;11;64;8.17;8;11;3600;0.01
2026.07.17;5;14;17888;8.27;9;10;10;10;73;8.03;8;10;3600;0.01
2026.07.17;5;15;29601;8.41;10;10;10;10;106;8.04;9;10;3600;0.01
2026.07.17;5;16;68210;8.31;9;10;10;10;109;7.95;8;10;3600;0.01
2026.07.17;5;17;55545;7.89;8;10;10;10;132;7.70;8;10;3600;0.01
2026.07.17;5;18;47406;8.02;8;10;10;10;100;7.78;8;10;3600;0.01
2026.07.17;5;19;37361;8.47;8;10;11;11;103;8.16;8;11;3600;0.01
2026.07.17;5;20;22176;8.26;8;11;11;11;63;7.95;8;11;3600;0.01
2026.07.17;5;21;20127;7.78;8;11;11;11;62;7.53;7;11;3600;0.01
2026.07.17;5;22;20010;8.64;10;11;11;11;49;8.29;9;11;3600;0.01
2026.07.17;5;23;7738;15.39;9;11;40;40;121;16.94;9;40;3420;0.01
2026.07.20;1;1;16257;9.19;10;12;12;12;146;8.59;9;12;3599;0.01
2026.07.20;1;2;14006;9.29;10;12;12;12;112;8.69;9;12;3600;0.01
2026.07.20;1;3;30839;9.53;10;12;12;12;134;9.18;10;12;3600;0.01
2026.07.20;1;4;39903;9.31;10;12;12;12;161;9.02;9;12;3600;0.01
2026.07.20;1;5;30276;9.26;10;12;12;12;139;8.93;9;12;3600;0.01
2026.07.20;1;6;23720;9.05;9;12;12;12;101;8.81;9;12;3600;0.01
2026.07.20;1;7;13304;9.06;9;12;12;12;67;8.65;9;12;3600;0.01
2026.07.20;1;8;22711;9.32;10;12;12;12;97;8.92;9;12;3600;0.01
2026.07.20;1;9;21978;8.38;8;10;11;11;53;8.10;8;11;3600;0.01
2026.07.20;1;10;23285;8.90;9;11;11;11;88;8.30;9;11;3600;0.01
2026.07.20;1;11;19123;8.31;8;11;11;11;117;7.81;8;11;3600;0.01
2026.07.20;1;12;15167;8.32;9;11;11;11;85;7.93;8;11;3600;0.01
2026.07.20;1;13;13138;8.10;8;11;11;11;54;7.83;8;11;3600;0.01
2026.07.20;1;14;31509;8.06;8;10;10;10;200;7.30;7;10;3600;0.01
2026.07.20;1;15;32935;8.23;9;10;10;10;100;7.69;8;10;3600;0.01
2026.07.20;1;16;36397;8.56;10;10;10;10;80;8.27;9;10;3600;0.01
2026.07.20;1;17;38001;7.68;8;10;10;10;191;7.45;7;10;3600;0.01
2026.07.20;1;18;28417;7.89;8;10;10;10;86;7.54;8;10;3600;0.01
2026.07.20;1;19;21106;8.61;9;11;11;11;143;7.88;8;11;3600;0.01
2026.07.20;1;20;16409;8.71;9;11;11;11;63;8.30;8;11;3600;0.01
2026.07.20;1;21;16682;8.34;8;11;11;11;61;7.94;8;11;3600;0.01
2026.07.20;1;22;19128;8.19;8;11;11;11;53;7.65;7;11;3600;0.01
2026.07.20;1;23;8841;14.04;9;11;40;40;40;17.89;9;40;3538;0.01
2026.07.21;2;1;12376;9.71;10;12;12;12;133;8.93;9;12;3600;0.01
2026.07.21;2;2;13043;9.43;10;12;12;12;102;8.82;9;12;3600;0.01
2026.07.21;2;3;26892;9.27;10;12;12;12;126;8.86;9;12;3600;0.01
2026.07.21;2;4;31936;9.49;10;12;12;12;126;9.05;9;12;3600;0.01
2026.07.21;2;5;24659;9.50;10;12;12;12;95;9.02;9;12;3600;0.01
2026.07.21;2;6;19445;9.19;10;12;12;12;149;8.81;9;12;3600;0.01
2026.07.21;2;7;11797;8.99;9;12;12;12;45;8.57;8;12;3600;0.01
2026.07.21;2;8;20930;9.68;10;12;12;12;105;9.14;10;12;3600;0.01
2026.07.21;2;9;23347;8.74;9;11;11;11;102;8.20;9;11;3600;0.01
2026.07.21;2;10;16071;8.31;8;11;11;11;104;7.95;8;11;3600;0.01
2026.07.21;2;11;16000;8.55;9;11;11;11;71;8.14;8;11;3600;0.01
2026.07.21;2;12;13679;8.76;9;11;11;11;82;8.16;8;11;3600;0.01
2026.07.21;2;13;16961;8.50;8;11;11;11;85;8.03;8;11;3600;0.01
2026.07.21;2;14;13971;7.81;8;10;10;10;75;7.53;8;10;3600;0.01
2026.07.21;2;15;22947;8.49;10;10;10;10;80;8.31;9;10;3600;0.01
2026.07.21;2;16;37354;8.23;9;10;10;10;104;7.85;8;10;3600;0.01
2026.07.21;2;17;37371;8.15;9;10;10;10;99;7.88;8;10;3600;0.01
2026.07.21;2;18;25476;7.66;8;10;10;10;127;7.29;7;10;3600;0.01
2026.07.21;2;19;13955;8.27;8;11;11;11;66;7.89;8;11;3600;0.01
2026.07.21;2;20;11728;8.16;8;11;11;11;79;7.63;7;11;3600;0.01
2026.07.21;2;21;13764;8.81;9;11;11;11;79;8.25;8;11;3600;0.01
2026.07.21;2;22;12744;8.34;9;11;11;11;53;8.01;8;11;3600;0.01
2026.07.21;2;23;6856;17.34;11;40;40;40;110;18.04;11;40;3539;0.01
2026.07.22;3;1;9488;9.41;10;12;12;12;77;8.73;9;12;3600;0.01
2026.07.22;3;2;6956;9.33;10;12;12;12;79;8.60;9;12;3600;0.01
2026.07.22;3;3;26485;9.50;10;12;12;12;200;9.02;9;12;3600;0.01
2026.07.22;3;4;36719;9.61;11;12;12;12;112;9.16;10;12;3600;0.01
2026.07.22;3;5;23457;9.17;10;12;12;12;85;8.71;9;12;3600;0.01
2026.07.22;3;6;18564;8.97;9;12;12;12;84;8.38;8;12;3600;0.01
2026.07.22;3;7;11342;8.98;9;12;12;12;69;8.49;9;12;3600;0.01
2026.07.22;3;8;21333;9.48;10;12;12;12;74;9.23;10;12;3600;0.01
2026.07.22;3;9;25886;8.87;9;11;11;11;80;8.51;8;11;3600;0.01
2026.07.22;3;10;20264;8.38;9;11;11;11;74;7.96;8;11;3600;0.01
2026.07.22;3;11;19275;7.94;8;11;11;11;62;7.75;7;11;3600;0.01
2026.07.22;3;12;17169;8.34;9;11;11;11;105;7.97;8;11;3600;0.01
2026.07.22;3;13;14355;7.70;7;10;11;11;61;7.44;7;11;3600;0.01
2026.07.22;3;14;16770;8.14;8;10;10;10;102;7.56;7;10;3600;0.01
2026.07.22;3;15;23848;8.63;10;10;10;10;200;8.15;9;10;3600;0.01
2026.07.22;3;16;38563;8.36;9;10;10;10;153;7.91;8;10;3600;0.01
2026.07.22;3;17;40015;7.84;8;10;10;10;79;7.55;8;10;3600;0.01
2026.07.22;3;18;23790;7.90;8;10;10;10;116;7.67;8;10;3600;0.01
2026.07.22;3;19;19921;8.61;9;11;11;11;68;8.32;9;11;3600;0.01
2026.07.22;3;20;18518;7.77;7;11;11;11;64;7.48;7;11;3600;0.01
2026.07.22;3;21;16355;8.06;8;11;11;11;61;7.61;7;11;3600;0.01
2026.07.22;3;22;15002;8.60;9;11;11;11;81;8.31;9;11;3600;0.01
2026.07.22;3;23;15996;14.31;10;11;40;40;108;17.90;9;40;3539;0.01
2026.07.23;4;1;20711;9.91;10;11;12;12;195;9.72;10;12;3600;0.01
2026.07.23;4;2;13462;9.01;10;12;12;12;106;8.26;8;12;3600;0.01
2026.07.23;4;3;17608;8.93;9;12;12;12;128;8.34;8;12;3600;0.01
2026.07.23;4;4;38128;9.59;10;12;12;12;90;9.27;10;12;3600;0.01
2026.07.23;4;5;25851;8.55;9;12;12;12;82;8.22;8;12;3600;0.01
2026.07.23;4;6;16095;8.64;9;12;12;12;79;8.19;8;12;3600;0.01
2026.07.23;4;7;12370;9.08;10;12;12;12;54;8.71;9;12;3600;0.01
2026.07.23;4;8;19280;9.41;10;12;12;12;51;9.07;10;12;3600;0.01
2026.07.23;4;9;21708;8.53;9;11;11;11;71;8.15;8;11;3600;0.01
2026.07.23;4;10;28149;8.95;10;11;11;11;109;8.61;9;11;3600;0.01
2026.07.23;4;11;20983;8.01;8;11;11;11;91;7.67;7;11;3600;0.01
2026.07.23;4;12;18024;8.64;9;11;11;11;85;8.25;9;11;3600;0.01
2026.07.23;4;13;17659;7.98;8;11;11;11;66;7.64;7;11;3600;0.01
2026.07.23;4;14;24479;8.56;9;10;10;10;114;8.19;9;10;3600;0.01
2026.07.23;4;15;40972;8.00;9;10;10;10;189;7.75;8;10;3600;0.01
2026.07.23;4;16;71744;8.23;9;10;10;10;138;7.96;8;10;3600;0.01
2026.07.23;4;17;72407;7.54;8;10;10;10;57;7.47;7;10;3600;0.01
2026.07.23;4;18;50725;7.60;8;10;10;10;62;7.39;7;10;3600;0.01
2026.07.23;4;19;22984;8.01;8;10;11;11;40;7.81;8;11;3600;0.01
2026.07.23;4;20;24649;8.36;9;11;11;11;77;8.04;8;11;3600;0.01
2026.07.23;4;21;23246;8.36;9;11;11;11;38;7.98;8;11;3600;0.01
2026.07.23;4;22;20319;8.63;9;11;11;11;55;8.11;8;11;3600;0.01
2026.07.23;4;23;8137;13.57;9;11;40;40;111;17.78;9;40;3539;0.01
2026.07.24;5;1;6439;9.57;10;12;12;12;40;8.72;9;12;3600;0.01
2026.07.24;5;2;6101;9.75;11;12;12;12;64;8.99;10;12;3600;0.01
2026.07.24;5;3;19691;9.48;11;12;12;12;55;8.86;9;12;3600;0.01
2026.07.24;5;4;28970;9.49;10;12;12;12;93;8.98;9;12;3600;0.01
2026.07.24;5;5;25371;9.70;10;12;12;12;174;8.86;9;12;3600;0.01
2026.07.24;5;6;19753;8.76;9;11;12;12;103;8.40;8;12;3600;0.01
2026.07.24;5;7;8642;8.72;9;12;12;12;48;8.33;8;12;3600;0.01
2026.07.24;5;8;18191;9.49;10;12;12;12;63;9.03;10;12;3600;0.01
2026.07.24;5;9;22554;8.42;9;11;11;11;49;8.13;8;11;3600;0.01
2026.07.24;5;10;25020;8.45;9;11;11;11;55;8.04;8;11;3600;0.01
2026.07.24;5;11;22903;8.54;9;11;11;11;43;8.29;9;11;3600;0.01
2026.07.24;5;12;17961;8.04;8;11;11;11;79;7.64;7;11;3600;0.01
2026.07.24;5;13;14001;8.25;8;11;11;11;58;7.95;8;11;3600;0.01
2026.07.24;5;14;16080;8.47;9;10;10;10;68;7.75;8;10;3600;0.01
2026.07.24;5;15;22656;7.89;8;10;10;10;73;7.53;8;10;3600;0.01
2026.07.24;5;16;36159;8.81;10;10;10;10;98;8.48;9;10;3600;0.01
2026.07.24;5;17;52813;7.34;7;9;10;10;118;7.20;7;10;3600;0.01
2026.07.24;5;18;49453;7.91;8;10;10;10;123;7.33;7;10;3600;0.01
2026.07.24;5;19;27824;8.46;9;10;11;11;83;8.12;8;11;3600;0.01
2026.07.24;5;20;23414;8.46;9;11;11;11;89;7.97;8;11;3600;0.01
2026.07.24;5;21;20864;8.41;8;11;11;11;65;8.05;8;11;3600;0.01
2026.07.24;5;22;25578;8.29;8;11;11;11;63;7.87;8;11;3600;0.01
2026.07.24;5;23;4625;16.30;10;40;40;40;87;17.17;10;40;3420;0.01
2026.07.27;1;1;16421;9.20;9;11;12;12;200;8.70;9;12;3599;0.01
2026.07.27;1;2;13743;9.54;11;12;12;12;48;8.78;9;12;3600;0.01
2026.07.27;1;3;39854;8.96;9;12;12;12;102;8.60;8;12;3600;0.01
2026.07.27;1;4;44028;8.87;9;11;12;12;62;8.49;8;12;3600;0.01
2026.07.27;1;5;18283;8.75;9;12;12;12;46;8.27;8;12;3600;0.01
2026.07.27;1;6;14662;8.50;8;12;12;12;58;8.13;8;12;3600;0.01
2026.07.27;1;7;10108;8.59;9;12;12;12;50;8.15;8;12;3600;0.01
2026.07.27;1;8;19441;9.26;10;12;12;12;59;8.93;9;12;3600;0.01
2026.07.27;1;9;19719;8.01;8;11;11;11;76;7.66;7;11;3600;0.01
2026.07.27;1;10;23433;8.67;9;11;11;11;59;8.37;9;11;3600;0.01
2026.07.27;1;11;18812;8.38;9;11;11;11;59;7.83;8;11;3600;0.01
2026.07.27;1;12;14208;8.45;9;11;11;11;58;7.84;8;11;3600;0.01
2026.07.27;1;13;15066;8.65;9;11;11;11;60;7.99;8;11;3600;0.01
2026.07.27;1;14;18250;7.63;8;10;10;10;74;7.07;7;10;3600;0.01
2026.07.27;1;15;26119;8.80;10;10;10;10;210;8.30;9;10;3600;0.01
2026.07.27;1;16;47359;7.99;8;10;10;10;244;7.70;8;10;3600;0.01
2026.07.27;1;17;51283;7.92;8;10;10;10;112;7.76;8;10;3600;0.01
2026.07.27;1;18;28274;7.33;7;10;10;10;57;7.23;7;10;3600;0.01
2026.07.27;1;19;34005;8.52;8;10;11;11;52;8.15;8;11;3600;0.01
2026.07.27;1;20;25689;8.19;8;11;11;11;52;7.73;7;11;3600;0.01
2026.07.27;1;21;19969;8.35;8;11;11;11;55;7.98;7;11;3600;0.01
2026.07.27;1;22;15580;8.54;8;11;11;11;39;8.34;8;11;3600;0.01
2026.07.27;1;23;6573;13.63;9;11;40;40;46;17.94;10;40;3539;0.01
2026.07.28;2;1;7366;9.14;9;11;12;12;56;8.76;9;12;3599;0.01
2026.07.28;2;2;7680;9.28;10;12;12;12;58;8.67;9;12;3600;0.01
2026.07.28;2;3;27792;9.41;10;12;12;12;107;9.05;10;12;3600;0.01
2026.07.28;2;4;32879;9.41;10;12;12;12;73;8.84;9;12;3600;0.01
2026.07.28;2;5;19384;8.98;10;12;12;12;49;8.73;9;12;3600;0.01
2026.07.28;2;6;13936;8.76;9;12;12;12;57;8.33;8;12;3600;0.01
2026.07.28;2;7;13449;8.99;9;12;12;12;62;8.70;9;12;3600;0.01
2026.07.28;2;8;24789;9.31;10;12;12;12;95;8.63;9;12;3600;0.01
2026.07.28;2;9;21802;8.16;8;10;11;11;55;7.87;8;11;3600;0.01
2026.07.28;2;10;14761;8.29;9;11;11;11;47;7.93;8;11;3600;0.01
2026.07.28;2;11;24128;8.34;9;11;11;11;67;7.92;8;11;3600;0.01
2026.07.28;2;12;19203;8.93;9;11;11;11;147;8.06;8;11;3600;0.01
2026.07.28;2;13;23989;8.13;8;11;11;11;102;7.53;7;11;3600;0.01
2026.07.28;2;14;27766;7.71;8;10;10;10;50;7.41;7;10;3600;0.01
2026.07.28;2;15;26977;8.02;9;10;10;10;212;7.82;8;10;3600;0.01
2026.07.28;2;16;43702;8.39;9;10;10;10;187;8.07;9;10;3600;0.01
2026.07.28;2;17;49841;7.52;7;10;10;10;64;7.34;7;10;3600;0.01
2026.07.28;2;18;46243;7.79;8;10;10;10;86;7.49;7;10;3600;0.01
2026.07.28;2;19;27661;8.08;8;11;11;11;46;7.73;8;11;3600;0.01
2026.07.28;2;20;30121;8.38;8;11;11;11;87;7.96;8;11;3600;0.01
2026.07.28;2;21;28313;8.03;8;10;11;11;61;7.88;8;11;3600;0.01
2026.07.28;2;22;22354;8.38;9;11;11;11;56;8.05;8;11;3600;0.01
2026.07.28;2;23;9393;14.34;10;11;40;40;52;17.91;10;40;3536;0.01
2026.07.29;3;1;12340;9.49;10;12;12;12;152;8.97;9;12;3600;0.01
2026.07.29;3;2;18147;9.64;10;12;12;12;84;8.86;9;12;3600;0.01
2026.07.29;3;3;31613;8.99;9;12;12;12;99;8.54;9;12;3600;0.01
2026.07.29;3;4;44481;9.24;10;12;12;12;92;8.80;9;12;3600;0.01
2026.07.29;3;5;22904;8.83;9;12;12;12;69;8.24;8;12;3600;0.01
2026.07.29;3;6;17456;8.37;8;12;12;12;87;8.09;7;12;3600;0.01
2026.07.29;3;7;19446;9.16;10;12;12;12;50;8.87;10;12;3600;0.01
2026.07.29;3;8;19929;9.19;10;12;12;12;51;8.51;9;12;3600;0.01
2026.07.29;3;9;18778;8.04;8;11;11;11;99;7.67;7;11;3600;0.01
2026.07.29;3;10;14974;8.14;8;11;11;11;75;7.82;8;11;3600;0.01
2026.07.29;3;11;14679;8.60;10;11;11;11;53;8.14;9;11;3600;0.01
2026.07.29;3;12;14207;8.39;9;11;11;11;63;7.93;8;11;3600;0.01
2026.07.29;3;13;13063;8.23;8;11;11;11;82;7.77;8;11;3600;0.01
2026.07.29;3;14;12268;7.81;8;10;10;10;52;7.36;7;10;3600;0.01
2026.07.29;3;15;29060;8.28;9;10;10;10;141;7.67;8;10;3600;0.01
2026.07.29;3;16;47457;8.36;9;10;10;10;57;8.33;9;10;3600;0.01
2026.07.29;3;17;48858;7.72;8;10;10;10;53;7.58;8;10;3600;0.01
2026.07.29;3;18;30242;7.39;7;10;10;10;45;7.28;7;10;3600;0.01
2026.07.29;3;19;33701;8.80;9;11;11;11;97;8.13;8;11;3600;0.01
2026.07.29;3;20;43051;8.55;9;11;11;11;99;8.16;8;11;3600;0.01
2026.07.29;3;21;127648;8.77;9;10;11;11;328;8.45;8;11;3600;0.01
2026.07.29;3;22;119330;8.04;8;10;11;11;84;7.80;8;11;3600;0.01
2026.07.29;3;23;35282;11.01;6;11;40;40;105;17.52;8;40;3539;0.01
2026.07.30;4;1;14654;9.81;10;11;12;12;75;9.43;9;12;3599;0.01
2026.07.30;4;2;20677;9.16;10;12;12;12;53;8.52;9;12;3600;0.01
2026.07.30;4;3;45368;9.17;10;12;12;12;72;8.84;9;12;3600;0.01
2026.07.30;4;4;52851;9.13;10;12;12;12;93;8.73;9;12;3600;0.01
2026.07.30;4;5;28595;8.88;9;12;12;12;83;8.48;9;12;3600;0.01
2026.07.30;4;6;28581;8.90;9;12;12;12;77;8.54;9;12;3600;0.01
2026.07.30;4;7;21727;9.29;10;12;12;12;105;8.95;10;12;3600;0.01
2026.07.30;4;8;37419;9.57;11;12;12;12;117;8.98;10;12;3600;0.01
2026.07.30;4;9;33058;8.03;8;11;11;11;70;7.77;8;11;3600;0.01
2026.07.30;4;10;30649;8.25;8;11;11;11;82;7.83;7;11;3600;0.01
2026.07.30;4;11;39078;8.68;9;11;11;11;90;8.32;9;11;3600;0.01
2026.07.30;4;12;28017;8.19;8;11;11;11;87;7.84;8;11;3600;0.01
2026.07.30;4;13;28767;8.70;9;11;11;11;95;8.07;8;11;3600;0.01
2026.07.30;4;14;22116;8.09;8;10;10;10;66;7.92;8;10;3600;0.01
2026.07.30;4;15;37753;8.07;8;10;10;10;166;8.00;8;10;3600;0.01
2026.07.30;4;16;79883;8.48;10;10;10;10;136;8.20;9;10;3600;0.01
2026.07.30;4;17;77677;7.49;7;10;10;10;229;7.27;7;10;3600;0.01
2026.07.30;4;18;51212;7.82;8;10;10;10;67;7.71;8;10;3600;0.01
2026.07.30;4;19;30342;8.53;9;10;11;11;77;8.28;8;11;3600;0.01
2026.07.30;4;20;33863;8.26;8;11;11;11;49;7.63;7;11;3600;0.01
2026.07.30;4;21;23844;7.71;8;9;11;11;39;7.49;7;11;3600;0.01
2026.07.30;4;22;26314;8.72;9;11;11;11;61;8.50;9;11;3600;0.01
2026.07.30;4;23;17656;14.39;10;11;40;40;105;18.05;10;40;3540;0.01
2026.07.31;5;1;9809;9.15;10;11;12;12;61;8.79;9;12;3600;0.01
2026.07.31;5;2;8430;9.06;10;12;12;12;61;8.55;9;12;3600;0.01
2026.07.31;5;3;16548;9.66;11;12;12;12;73;9.29;10;12;3600;0.01
2026.07.31;5;4;25938;9.12;10;12;12;12;62;8.52;9;12;3600;0.01
2026.07.31;5;5;15160;8.90;9;12;12;12;49;8.44;8;12;3600;0.01
2026.07.31;5;6;15768;8.76;9;12;12;12;82;8.38;8;12;3600;0.01
2026.07.31;5;7;9554;9.07;10;12;12;12;54;8.64;9;12;3600;0.01
2026.07.31;5;8;12784;9.69;11;12;12;12;74;9.17;10;12;3600;0.01
2026.07.31;5;9;23201;7.95;8;11;11;11;93;7.73;8;11;3600;0.01
2026.07.31;5;10;20429;8.61;9;11;11;11;65;8.17;8;11;3600;0.01
2026.07.31;5;11;25307;8.60;9;11;11;11;102;8.03;8;11;3600;0.01
2026.07.31;5;12;22709;8.33;8;10;11;11;178;7.73;8;11;3600;0.01
2026.07.31;5;13;12661;8.54;9;11;11;24;82;8.05;8;11;3600;0.01
2026.07.31;5;14;16249;8.10;8;10;10;16;97;7.47;8;10;3600;0.01
2026.07.31;5;15;25096;8.61;10;10;10;10;199;8.32;9;10;3600;0.01
2026.07.31;5;16;66127;8.25;9;10;10;10;122;8.02;9;10;3600;0.01
2026.07.31;5;17;60297;7.82;8;10;10;10;70;7.72;8;10;3600;0.01
2026.07.31;5;18;33654;7.71;8;10;10;10;52;7.56;8;10;3600;0.01
2026.07.31;5;19;22280;8.28;8;11;11;11;46;8.08;8;11;3600;0.01
2026.07.31;5;20;24283;8.41;9;11;11;11;56;8.00;8;11;3600;0.01
2026.07.31;5;21;16686;8.36;9;11;11;11;41;8.03;8;11;3600;0.01
2026.07.31;5;22;19500;8.28;9;11;11;11;31;7.98;8;11;3600;0.01
2026.07.31;5;23;16627;17.53;10;40;40;40;150;17.43;10;40;3420;0.01
2026.08.03;1;1;21852;9.84;10;10;11;12;122;9.56;10;11;3599;0.01
2026.08.03;1;2;15573;9.23;9;12;12;12;80;8.59;8;12;3600;0.01
2026.08.03;1;3;40713;9.24;10;12;12;12;91;8.88;9;12;3600;0.01
2026.08.03;1;4;38362;9.39;10;12;12;12;99;8.95;9;12;3600;0.01
2026.08.03;1;5;19984;8.67;9;12;12;12;70;8.08;7;12;3600;0.01
2026.08.03;1;6;14385;9.17;10;12;12;12;77;8.52;9;12;3600;0.01
2026.08.03;1;7;10964;9.01;9;12;12;12;49;8.65;9;12;3600;0.01
2026.08.03;1;8;15643;9.68;11;12;12;12;53;9.16;10;12;3600;0.01
2026.08.03;1;9;22805;8.23;8;11;11;11;87;7.71;8;11;3600;0.01
2026.08.03;1;10;22200;8.41;9;11;11;11;59;7.82;8;11;3600;0.01
2026.08.03;1;11;17111;8.38;9;11;11;11;51;7.93;8;11;3600;0.01
2026.08.03;1;12;19076;8.33;8;11;11;11;100;7.96;8;11;3600;0.01
2026.08.03;1;13;16930;8.21;9;11;11;11;61;7.83;8;11;3600;0.01
2026.08.03;1;14;18963;8.41;9;10;10;10;62;8.27;9;10;3600;0.01
2026.08.03;1;15;21349;7.81;8;10;10;10;114;7.44;7;10;3600;0.01
2026.08.03;1;16;62712;8.27;9;10;10;10;97;7.96;9;10;3600;0.01
2026.08.03;1;17;41456;7.41;7;10;10;10;122;7.36;7;10;3600;0.01
2026.08.03;1;18;20727;7.87;8;10;10;10;45;7.46;7;10;3600;0.01
2026.08.03;1;19;13633;8.28;8;11;11;11;41;7.93;8;11;3600;0.01
2026.08.03;1;20;13464;8.29;8;11;11;11;36;7.95;8;11;3600;0.01
2026.08.03;1;21;12304;8.39;9;11;11;11;47;7.95;8;11;3600;0.01
2026.08.03;1;22;19810;8.40;9;11;11;11;59;8.09;8;11;3600;0.01
2026.08.03;1;23;7535;14.17;9;11;40;40;81;18.05;10;40;3540;0.01
2026.08.04;2;1;5607;9.11;9;11;12;12;42;8.47;9;12;3599;0.01
2026.08.04;2;2;7504;9.64;12;12;12;12;48;8.38;8;12;3600;0.01
2026.08.04;2;3;19419;9.72;11;12;12;12;76;9.13;10;12;3600;0.01
2026.08.04;2;4;23393;9.43;10;12;12;12;62;8.70;9;12;3600;0.01
2026.08.04;2;5;16108;8.82;9;12;12;12;48;8.66;9;12;3600;0.01
2026.08.04;2;6;11661;9.15;10;12;12;12;63;8.62;9;12;3600;0.01
2026.08.04;2;7;7684;9.41;11;12;12;12;56;8.60;9;12;3600;0.01
2026.08.04;2;8;13279;9.38;10;12;12;12;47;8.80;9;12;3600;0.01
2026.08.04;2;9;14942;8.35;8;11;11;11;182;7.87;8;11;3600;0.01
2026.08.04;2;10;15492;8.53;9;11;11;11;83;7.94;8;11;3600;0.01
2026.08.04;2;11;19580;8.62;9;11;11;11;138;8.02;8;11;3600;0.01
2026.08.04;2;12;14089;8.67;9;11;11;11;73;8.18;8;11;3600;0.01
2026.08.04;2;13;17072;8.96;9;11;11;11;68;7.91;8;11;3600;0.01
2026.08.04;2;14;31830;8.67;10;10;10;10;108;8.15;9;10;3600;0.01
2026.08.04;2;15;34774;7.59;7;10;10;10;72;7.37;7;10;3600;0.01
2026.08.04;2;16;53815;8.34;9;10;10;10;95;7.83;8;10;3600;0.01
2026.08.04;2;17;41543;8.13;8;10;10;10;55;7.88;8;10;3600;0.01
2026.08.04;2;18;32470;7.98;9;10;10;10;98;7.78;8;10;3600;0.01
2026.08.04;2;19;19976;8.27;8;11;11;11;52;7.94;8;11;3600;0.01
2026.08.04;2;20;25666;8.71;9;11;11;11;60;8.25;9;11;3600;0.01
2026.08.04;2;21;19953;8.31;9;11;11;11;51;7.98;8;11;3600;0.01
2026.08.04;2;22;16948;8.19;8;11;11;11;56;7.87;8;11;3600;0.01
2026.08.04;2;23;9215;14.06;9;11;40;40;97;18.14;10;40;3540;0.01
2026.08.05;3;1;8479;10.19;11;12;12;12;47;9.59;10;12;3600;0.01
2026.08.05;3;2;13005;9.47;10;12;12;12;121;8.49;8;12;3600;0.01
2026.08.05;3;3;12804;9.44;10;12;12;12;90;8.74;9;12;3600;0.01
2026.08.05;3;4;20444;9.65;11;12;12;12;105;8.92;9;12;3600;0.01
2026.08.05;3;5;37858;9.99;11;12;12;12;142;9.24;10;12;3600;0.01
2026.08.05;3;6;19359;8.61;9;10;12;12;65;8.23;8;12;3600;0.01
2026.08.05;3;7;12332;9.59;10;12;12;12;70;8.85;9;12;3600;0.01
2026.08.05;3;8;34508;10.26;12;12;12;12;161;9.47;11;12;3600;0.01
2026.08.05;3;9;30603;8.26;8;11;11;11;103;7.86;8;11;3600;0.01
2026.08.05;3;10;22641;8.39;9;11;11;11;53;7.93;8;11;3600;0.01
2026.08.05;3;11;23315;8.61;9;11;11;11;127;8.10;8;11;3600;0.01
2026.08.05;3;12;21289;8.57;9;11;11;11;74;8.18;8;11;3600;0.01
2026.08.05;3;13;15207;8.04;8;11;11;11;74;7.66;7;11;3600;0.01
2026.08.05;3;14;31899;8.29;9;10;10;10;90;8.03;9;10;3600;0.01
2026.08.05;3;15;43105;8.23;10;10;10;10;120;7.99;9;10;3600;0.01
2026.08.05;3;16;58861;8.15;9;10;10;10;96;7.87;8;10;3600;0.01
2026.08.05;3;17;87398;7.90;8;10;10;10;133;7.75;8;10;3600;0.01
2026.08.05;3;18;60071;8.24;9;10;10;10;107;7.98;9;10;3600;0.01
2026.08.05;3;19;41419;8.13;8;10;11;11;50;7.97;8;11;3600;0.01
2026.08.05;3;20;32387;8.08;8;11;11;11;93;7.66;7;11;3600;0.01
2026.08.05;3;21;25701;8.15;8;11;11;11;48;7.81;7;11;3600;0.01
2026.08.05;3;22;25280;8.28;9;11;11;11;53;8.11;8;11;3600;0.01
2026.08.05;3;23;8343;13.63;8;11;40;40;92;17.82;9;40;3539;0.01
2026.08.06;4;1;8470;8.87;9;11;12;12;84;8.42;8;12;3600;0.01
2026.08.06;4;2;18194;9.62;10;12;12;12;128;9.10;10;12;3600;0.01
2026.08.06;4;3;39781;9.36;10;12;12;12;68;9.02;10;12;3600;0.01
2026.08.06;4;4;55190;9.36;10;12;12;12;85;8.81;9;12;3600;0.01
2026.08.06;4;5;30782;9.03;9;12;12;12;58;8.35;8;12;3600;0.01
2026.08.06;4;6;26147;8.89;9;12;12;12;124;8.36;8;12;3600;0.01
2026.08.06;4;7;15477;9.02;10;12;12;12;111;8.22;8;12;3600;0.01
2026.08.06;4;8;23215;9.21;10;12;12;12;70;8.76;9;12;3600;0.01
2026.08.06;4;9;23302;7.91;8;10;11;11;70;7.58;8;11;3600;0.01
2026.08.06;4;10;16563;8.83;10;11;11;11;69;8.29;9;11;3600;0.01
2026.08.06;4;11;21244;8.28;9;11;11;11;59;7.89;8;11;3600;0.01
2026.08.06;4;12;19279;8.12;8;11;11;11;62;7.56;7;11;3600;0.01
2026.08.06;4;13;17023;8.43;9;11;11;11;60;8.00;8;11;3600;0.01
2026.08.06;4;14;24640;8.15;9;10;10;10;70;7.78;8;10;3600;0.01
2026.08.06;4;15;32536;8.17;9;10;10;10;103;7.78;8;10;3600;0.01
2026.08.06;4;16;57999;8.05;9;10;10;10;70;7.69;8;10;3600;0.01
2026.08.06;4;17;51208;7.59;7;10;10;10;114;7.31;7;10;3600;0.01
2026.08.06;4;18;41931;8.36;10;10;10;10;48;7.99;9;10;3600;0.01
2026.08.06;4;19;40757;8.05;8;11;11;11;96;7.57;7;11;3600;0.01
2026.08.06;4;20;19851;8.06;8;10;11;11;45;7.73;7;11;3600;0.01
2026.08.06;4;21;13704;7.65;7;10;11;11;44;7.42;7;11;3600;0.01
2026.08.06;4;22;23326;9.10;10;11;11;11;69;8.54;8;11;3600;0.01
2026.08.06;4;23;8147;16.82;8;40;40;40;75;17.53;8;40;3540;0.01
2026.08.07;5;1;5134;9.52;10;11;12;12;46;8.65;9;12;3599;0.01
2026.08.07;5;2;7853;9.96;11;12;12;12;60;9.13;10;12;3600;0.01
2026.08.07;5;3;23360;9.58;11;12;12;12;55;9.12;10;12;3600;0.01
2026.08.07;5;4;36242;9.07;9;12;12;12;67;8.58;9;12;3600;0.01
2026.08.07;5;5;19342;9.17;10;12;12;12;72;8.70;9;12;3600;0.01
2026.08.07;5;6;15948;8.71;9;12;12;12;68;8.01;7;12;3600;0.01
2026.08.07;5;7;13349;8.96;10;12;12;12;59;7.99;7;12;3600;0.01
2026.08.07;5;8;21902;9.74;11;12;12;12;73;9.27;10;12;3600;0.01
2026.08.07;5;9;30980;8.46;9;11;11;11;73;8.21;8;11;3600;0.01
2026.08.07;5;10;22158;7.87;8;10;11;11;64;7.59;7;11;3600;0.01
2026.08.07;5;11;28188;8.44;8;11;11;11;100;8.03;8;11;3600;0.01
2026.08.07;5;12;25652;8.87;9;11;11;11;77;8.65;9;11;3600;0.01
2026.08.07;5;13;21282;8.03;8;11;11;11;82;7.69;8;11;3600;0.01
2026.08.07;5;14;24484;8.28;9;10;10;10;106;8.02;9;10;3600;0.01
2026.08.07;5;15;68413;8.12;8;10;10;10;500;7.95;8;10;3600;0.01
2026.08.07;5;16;77627;8.10;9;10;10;10;124;7.79;8;10;3600;0.01
2026.08.07;5;17;85228;7.87;8;10;10;10;107;7.68;8;10;3600;0.01
2026.08.07;5;18;47251;8.06;9;10;10;10;108;7.78;8;10;3600;0.01
2026.08.07;5;19;50572;8.30;9;11;11;11;115;7.99;8;11;3600;0.01
2026.08.07;5;20;37302;7.96;8;11;11;11;71;7.68;7;11;3600;0.01
2026.08.07;5;21;22560;8.07;8;11;11;11;105;7.57;7;11;3600;0.01
2026.08.07;5;22;40081;8.50;8;11;11;11;143;8.11;8;11;3600;0.01
2026.08.07;5;23;9805;14.29;9;11;40;40;78;17.06;10;40;3420;0.01
2026.08.10;1;1;11471;9.03;9;10;11;12;67;8.55;9;11;3599;0.01
2026.08.10;1;2;10280;9.87;12;12;12;12;60;8.91;10;12;3600;0.01
2026.08.10;1;3;28241;9.38;10;12;12;12;61;9.03;9;12;3600;0.01
2026.08.10;1;4;47306;9.31;9;12;12;12;200;8.72;9;12;3600;0.01
2026.08.10;1;5;21895;8.70;9;12;12;12;84;8.31;8;12;3600;0.01
2026.08.10;1;6;12616;8.93;10;12;12;12;57;8.43;8;12;3600;0.01
2026.08.10;1;7;12008;9.97;11;12;12;12;43;9.48;11;12;3600;0.01
2026.08.10;1;8;18695;9.54;10;12;12;12;61;8.53;9;12;3600;0.01
2026.08.10;1;9;18959;8.38;8;10;11;11;45;8.13;8;11;3600;0.01
2026.08.10;1;10;17567;8.33;9;11;11;11;86;7.74;7;11;3600;0.01
2026.08.10;1;11;14828;8.92;9;11;11;11;55;8.52;9;11;3600;0.01
2026.08.10;1;12;13234;8.26;8;11;11;11;101;7.33;6;11;3600;0.01
2026.08.10;1;13;13748;8.66;9;11;11;11;60;8.28;9;11;3600;0.01
2026.08.10;1;14;16309;8.20;9;10;10;10;93;7.84;8;10;3600;0.01
2026.08.10;1;15;23315;8.10;9;10;10;10;68;7.83;8;10;3600;0.01
2026.08.10;1;16;46256;8.48;9;10;10;10;71;8.18;9;10;3600;0.01
2026.08.10;1;17;49275;7.79;8;10;10;10;79;7.47;7;10;3600;0.01
2026.08.10;1;18;37787;8.14;10;10;10;10;62;7.87;9;10;3600;0.01
2026.08.10;1;19;39972;8.16;8;10;11;11;95;7.79;7;11;3600;0.01
2026.08.10;1;20;32894;8.32;8;10;11;11;57;8.19;8;11;3600;0.01
2026.08.10;1;21;39856;8.15;8;11;11;11;130;7.94;8;11;3600;0.01
2026.08.10;1;22;53346;8.77;9;11;11;11;95;8.53;8;11;3600;0.01
2026.08.10;1;23;7542;14.58;8;11;40;40;110;17.59;9;40;3540;0.01
2026.08.11;2;1;8391;9.48;9;11;12;12;90;8.86;9;12;3600;0.01
2026.08.11;2;2;11613;9.78;11;12;12;12;93;8.88;9;12;3600;0.01
2026.08.11;2;3;24140;9.72;11;12;12;12;103;8.85;9;12;3600;0.01
2026.08.11;2;4;42880;9.63;10;12;12;12;80;9.02;9;12;3600;0.01
2026.08.11;2;5;23886;9.30;11;12;12;12;62;8.73;9;12;3600;0.01
2026.08.11;2;6;14098;8.62;9;11;12;12;78;8.22;8;12;3600;0.01
2026.08.11;2;7;15838;9.41;11;12;12;12;58;8.72;9;12;3600;0.01
2026.08.11;2;8;32596;9.76;10;12;12;12;102;9.22;9;12;3600;0.01
2026.08.11;2;9;34861;8.35;9;11;11;11;103;7.89;8;11;3600;0.01
2026.08.11;2;10;21851;8.15;8;11;11;11;69;7.72;8;11;3600;0.01
2026.08.11;2;11;19471;8.14;8;11;11;11;120;7.77;7;11;3600;0.01
2026.08.11;2;12;16437;8.41;9;11;11;11;86;7.89;8;11;3600;0.01
2026.08.11;2;13;19849;8.41;9;11;11;11;54;7.93;8;11;3600;0.01
2026.08.11;2;14;31334;7.91;8;10;10;10;68;7.56;7;10;3600;0.01
2026.08.11;2;15;31746;8.05;9;10;10;10;63;7.72;8;10;3600;0.01
2026.08.11;2;16;54872;8.54;10;10;10;10;60;8.31;10;10;3600;0.01
2026.08.11;2;17;43793;7.77;8;10;10;10;77;7.53;8;10;3600;0.01
2026.08.11;2;18;39506;8.13;9;10;10;10;91;7.78;8;10;3600;0.01
2026.08.11;2;19;21947;8.11;8;10;11;11;38;7.92;8;11;3600;0.01
2026.08.11;2;20;20426;8.80;10;11;11;11;44;8.37;9;11;3600;0.01
2026.08.11;2;21;30206;8.18;8;11;11;11;54;7.66;7;11;3600;0.01
2026.08.11;2;22;26099;8.45;9;11;11;11;66;8.11;8;11;3600;0.01
2026.08.11;2;23;6005;14.45;9;11;40;40;77;17.78;9;40;3538;0.01
2026.08.12;3;1;12126;10.12;11;12;12;12;70;9.46;10;12;3600;0.01
2026.08.12;3;2;11657;9.22;10;12;12;12;62;8.41;8;12;3600;0.01
2026.08.12;3;3;17306;9.31;10;12;12;12;61;8.74;9;12;3600;0.01
2026.08.12;3;4;27706;9.34;10;12;12;12;142;8.70;9;12;3600;0.01
2026.08.12;3;5;22938;9.49;10;12;12;12;66;8.86;9;12;3600;0.01
2026.08.12;3;6;19196;8.56;9;12;12;12;59;8.20;8;12;3600;0.01
2026.08.12;3;7;11090;9.36;10;12;12;12;124;8.63;9;12;3600;0.01
2026.08.12;3;8;17650;10.19;11;12;12;12;91;9.63;11;12;3600;0.01
2026.08.12;3;9;20914;8.47;9;10;11;11;67;8.23;8;11;3600;0.01
2026.08.12;3;10;13078;8.07;8;10;11;11;64;7.79;8;11;3600;0.01
2026.08.12;3;11;10937;7.94;8;11;11;11;60;7.46;7;11;3600;0.01
2026.08.12;3;12;21915;9.17;10;11;11;11;74;8.59;9;11;3600;0.01
2026.08.12;3;13;15664;8.24;8;11;11;11;96;7.58;7;11;3600;0.01
2026.08.12;3;14;11374;7.81;8;10;10;10;52;7.37;7;10;3600;0.01
2026.08.12;3;15;59955;8.25;8;10;10;10;500;8.22;8;10;3600;0.01
2026.08.12;3;16;84145;8.21;9;10;10;10;84;7.91;8;10;3600;0.01
2026.08.12;3;17;74431;7.87;8;10;10;10;111;7.60;8;10;3600;0.01
2026.08.12;3;18;48842;7.60;8;10;10;10;128;7.35;7;10;3600;0.01
2026.08.12;3;19;44576;8.65;9;11;11;11;74;8.31;9;11;3600;0.01
2026.08.12;3;20;36052;7.79;8;10;11;11;79;7.50;7;11;3600;0.01
2026.08.12;3;21;23212;8.17;8;11;11;11;102;7.77;7;11;3600;0.01
2026.08.12;3;22;25326;8.52;9;11;11;11;57;8.33;8;11;3600;0.01
2026.08.12;3;23;6060;14.41;9;11;40;40;55;17.98;10;40;3538;0.01
2026.08.13;4;1;6238;9.21;9;12;12;12;67;8.20;8;12;3600;0.01
2026.08.13;4;2;5033;9.70;11;12;12;12;56;8.74;9;12;3600;0.01
2026.08.13;4;3;29449;9.84;11;12;12;12;200;9.31;10;12;3600;0.01
2026.08.13;4;4;36909;9.36;10;12;12;12;88;8.86;9;12;3600;0.01
2026.08.13;4;5;24997;8.59;9;12;12;12;146;7.96;7;12;3600;0.01
2026.08.13;4;6;18827;9.40;10;12;12;12;46;9.01;10;12;3600;0.01
2026.08.13;4;7;19575;8.93;9;12;12;12;87;8.29;8;12;3600;0.01
2026.08.13;4;8;33936;9.74;11;12;12;12;93;9.27;10;12;3600;0.01
2026.08.13;4;9;29899;7.95;8;10;11;11;58;7.63;8;11;3600;0.01
2026.08.13;4;10;24109;8.51;9;11;11;11;77;8.18;8;11;3600;0.01
2026.08.13;4;11;23386;7.70;7;10;11;11;51;7.35;7;11;3600;0.01
2026.08.13;4;12;17191;8.51;9;11;11;11;62;8.12;8;11;3600;0.01
2026.08.13;4;13;11005;8.18;8;11;11;11;60;7.71;7;11;3600;0.01
2026.08.13;4;14;15569;8.11;9;10;10;10;43;7.80;8;10;3600;0.01
2026.08.13;4;15;33117;8.06;8;10;10;10;407;7.69;8;10;3600;0.01
2026.08.13;4;16;59555;8.62;10;10;10;10;79;8.40;9;10;3600;0.01
2026.08.13;4;17;73293;7.40;7;10;10;10;133;7.18;7;10;3600;0.01
2026.08.13;4;18;45051;8.38;9;10;10;10;82;8.12;9;10;3600;0.01
2026.08.13;4;19;34762;8.37;9;11;11;11;127;7.89;8;11;3600;0.01
2026.08.13;4;20;31096;8.45;9;11;11;11;60;8.07;8;11;3600;0.01
2026.08.13;4;21;27156;8.38;9;11;11;11;68;8.05;9;11;3600;0.01
2026.08.13;4;22;28879;8.52;9;11;11;11;126;8.09;8;11;3600;0.01
2026.08.13;4;23;7808;14.00;9;11;40;40;66;18.00;10;40;3540;0.01
2026.08.14;5;1;10769;10.08;10;12;12;12;76;9.59;10;12;3600;0.01
2026.08.14;5;2;13906;9.47;10;12;12;12;85;8.61;9;12;3600;0.01
2026.08.14;5;3;26477;9.41;10;12;12;12;100;9.02;9;12;3600;0.01
2026.08.14;5;4;34966;9.55;10;12;12;12;131;9.05;10;12;3600;0.01
2026.08.14;5;5;26783;9.36;10;12;12;12;65;8.78;9;12;3600;0.01
2026.08.14;5;6;12427;8.88;9;12;12;12;58;8.18;8;12;3600;0.01
2026.08.14;5;7;11302;8.89;10;12;12;12;44;8.42;8;12;3600;0.01
2026.08.14;5;8;26163;9.74;10;12;12;12;79;9.26;10;12;3600;0.01
2026.08.14;5;9;19755;8.03;8;10;11;11;83;7.66;7;11;3600;0.01
2026.08.14;5;10;17726;8.54;9;11;11;11;51;7.97;8;11;3600;0.01
2026.08.14;5;11;16949;8.16;8;11;11;11;53;7.64;7;11;3600;0.01
2026.08.14;5;12;14420;8.08;8;11;11;11;131;7.72;7;11;3600;0.01
2026.08.14;5;13;11256;8.35;8;11;11;11;51;7.81;8;11;3600;0.01
2026.08.14;5;14;15059;8.03;8;10;10;10;43;7.82;8;10;3600;0.01
2026.08.14;5;15;33145;8.15;9;10;10;10;95;7.84;8;10;3600;0.01
2026.08.14;5;16;50292;8.27;9;10;10;10;44;7.96;8;10;3600;0.01
2026.08.14;5;17;38589;7.70;8;10;10;10;72;7.46;7;10;3600;0.01
2026.08.14;5;18;29894;7.72;8;10;10;10;73;7.25;7;10;3600;0.01
2026.08.14;5;19;19423;8.54;9;10;11;11;98;7.98;8;11;3600;0.01
2026.08.14;5;20;14021;8.37;9;11;11;11;49;7.87;8;11;3600;0.01
2026.08.14;5;21;13112;8.75;9;11;11;11;79;8.21;8;11;3600;0.01
2026.08.14;5;22;16106;8.65;9;11;11;11;39;8.14;8;11;3600;0.01
2026.08.14;5;23;6715;14.28;9;11;40;40;86;17.13;9;40;3420;0.01
2026.08.17;1;1;10898;8.01;9;10;11;12;132;8.50;9;11;3599;0.01
2026.08.17;1;2;11531;9.71;10;12;12;12;52;8.93;9;12;3600;0.01
2026.08.17;1;3;24435;9.43;10;12;12;12;158;8.74;9;12;3600;0.01
2026.08.17;1;4;39188;9.41;10;12;12;12;100;8.83;9;12;3600;0.01
2026.08.17;1;5;21361;9.00;10;12;12;12;52;8.61;9;12;3600;0.01
2026.08.17;1;6;15158;8.76;9;12;12;12;54;8.30;8;12;3600;0.01
2026.08.17;1;7;12053;9.53;11;12;12;12;46;8.96;10;12;3600;0.01
2026.08.17;1;8;18400;9.59;11;12;12;12;161;9.00;9;12;3600;0.01
2026.08.17;1;9;22318;8.22;8;11;11;11;58;7.85;8;11;3600;0.01
2026.08.17;1;10;20252;8.37;9;11;11;11;47;7.92;8;11;3600;0.01
2026.08.17;1;11;14806;8.38;9;11;11;11;63;8.03;8;11;3600;0.01
2026.08.17;1;12;12893;8.51;9;11;11;11;91;7.95;8;11;3600;0.01
2026.08.17;1;13;15427;8.96;9;11;11;11;103;8.12;8;11;3600;0.01
2026.08.17;1;14;13469;8.24;9;10;10;10;82;7.75;8;10;3600;0.01
2026.08.17;1;15;26126;8.08;8;10;10;10;179;7.93;8;10;3600;0.01
2026.08.17;1;16;46616;8.85;10;10;10;10;67;8.33;9;10;3600;0.01
2026.08.17;1;17;60431;7.65;8;10;10;10;77;7.42;7;10;3600;0.01
2026.08.17;1;18;43499;7.82;9;10;10;10;67;7.68;8;10;3600;0.01
2026.08.17;1;19;26080;8.00;8;11;11;11;50;7.75;8;11;3600;0.01
2026.08.17;1;20;32682;8.57;9;11;11;11;48;8.19;9;11;3600;0.01
2026.08.17;1;21;28477;8.66;9;11;11;11;60;8.02;8;11;3600;0.01
2026.08.17;1;22;23657;8.00;8;10;11;11;73;7.65;7;11;3600;0.01
2026.08.17;1;23;5447;14.79;8;11;40;40;67;17.90;9;40;3540;0.01
2026.08.18;2;1;6328;9.61;10;12;12;12;76;8.99;9;12;3599;0.01
2026.08.18;2;2;8147;9.32;11;12;12;12;55;8.66;9;12;3600;0.01
2026.08.18;2;3;20221;9.54;10;12;12;12;129;9.05;9;12;3600;0.01
2026.08.18;2;4;31737;9.78;10;12;12;12;72;9.08;9;12;3600;0.01
2026.08.18;2;5;19910;9.14;10;12;12;12;53;8.56;9;12;3600;0.01
2026.08.18;2;6;17797;9.04;10;12;12;12;78;8.62;9;12;3600;0.01
2026.08.18;2;7;14512;8.56;9;12;12;12;45;8.22;8;12;3600;0.01
2026.08.18;2;8;17628;9.52;10;12;12;12;53;8.88;9;12;3600;0.01
2026.08.18;2;9;15202;8.21;9;10;11;11;45;7.90;8;11;3600;0.01
2026.08.18;2;10;13440;8.29;8;11;11;11;48;7.90;8;11;3600;0.01
2026.08.18;2;11;18898;8.55;9;11;11;11;70;8.14;9;11;3600;0.01
2026.08.18;2;12;13918;8.67;9;11;11;11;58;8.19;8;11;3600;0.01
2026.08.18;2;13;9602;7.93;8;10;11;11;48;7.66;7;11;3600;0.01
2026.08.18;2;14;11799;8.37;9;10;10;10;40;7.98;9;10;3600;0.01
2026.08.18;2;15;18503;8.45;9;10;10;10;44;8.08;9;10;3600;0.01
2026.08.18;2;16;62232;8.00;8;10;10;10;148;7.84;8;10;3600;0.01
2026.08.18;2;17;67702;8.04;9;10;10;10;81;7.88;8;10;3600;0.01
2026.08.18;2;18;71593;7.53;7;10;10;10;64;7.11;7;10;3600;0.01
2026.08.18;2;19;33260;8.10;8;11;11;11;74;7.88;8;11;3600;0.01
2026.08.18;2;20;31163;8.05;8;11;11;11;67;7.66;7;11;3600;0.01
2026.08.18;2;21;24002;8.29;9;11;11;11;76;7.93;8;11;3600;0.01
2026.08.18;2;22;29048;9.23;10;11;11;11;60;8.56;10;11;3600;0.01
2026.08.18;2;23;10703;17.76;9;40;40;40;138;17.52;8;40;3540;0.01
2026.08.19;3;1;12278;9.84;10;12;12;12;182;8.84;9;12;3599;0.01
2026.08.19;3;2;15198;9.31;10;12;12;12;81;8.69;9;12;3600;0.01
2026.08.19;3;3;27591;9.63;11;12;12;12;84;9.26;10;12;3600;0.01
2026.08.19;3;4;42375;9.26;9;12;12;12;101;8.70;9;12;3600;0.01
2026.08.19;3;5;21750;8.96;9;12;12;12;54;8.39;8;12;3600;0.01
2026.08.19;3;6;12545;8.41;8;12;12;12;51;7.71;6;12;3600;0.01
2026.08.19;3;7;9605;9.76;11;12;12;12;97;9.09;10;12;3600;0.01
2026.08.19;3;8;20345;9.52;10;12;12;12;46;8.96;10;12;3600;0.01
2026.08.19;3;9;25242;8.17;8;10;11;11;95;7.82;8;11;3600;0.01
2026.08.19;3;10;16780;8.40;9;11;11;11;52;7.80;8;11;3600;0.01
2026.08.19;3;11;22499;8.54;9;11;11;11;46;8.11;8;11;3600;0.01
2026.08.19;3;12;18400;8.24;9;11;11;11;58;7.95;8;11;3600;0.01
2026.08.19;3;13;11486;8.25;8;11;11;11;58;7.62;7;11;3600;0.01
2026.08.19;3;14;13942;8.10;8;10;10;10;58;7.74;8;10;3600;0.01
2026.08.19;3;15;63538;9.05;10;10;10;10;200;8.77;10;10;3600;0.01
2026.08.19;3;16;99110;7.86;8;10;10;10;200;7.57;7;10;3600;0.01
2026.08.19;3;17;93665;7.66;8;10;10;10;79;7.56;8;10;3600;0.01
2026.08.19;3;18;56166;7.68;8;10;10;10;50;7.54;8;10;3600;0.01
2026.08.19;3;19;45618;7.97;8;11;11;11;46;7.81;8;11;3600;0.01
2026.08.19;3;20;37336;8.20;9;11;11;11;52;7.74;7;11;3600;0.01
2026.08.19;3;21;47679;8.57;9;11;11;11;70;8.11;8;11;3600;0.01
2026.08.19;3;22;55308;8.28;9;11;11;11;84;8.08;8;11;3600;0.01
2026.08.19;3;23;14367;14.70;10;11;40;40;137;18.07;10;40;3539;0.01
2026.08.20;4;1;12982;9.42;10;12;12;12;135;8.69;9;12;3600;0.01
2026.08.20;4;2;12098;9.27;10;12;12;12;61;8.50;8;12;3600;0.01
2026.08.20;4;3;24801;9.52;10;12;12;12;58;9.01;10;12;3600;0.01
2026.08.20;4;4;45664;9.37;10;12;12;12;105;8.94;9;12;3600;0.01
2026.08.20;4;5;25850;8.73;9;12;12;12;68;8.34;8;12;3600;0.01
2026.08.20;4;6;20026;9.24;10;12;12;12;68;8.75;9;12;3600;0.01
2026.08.20;4;7;13567;9.38;11;12;12;12;56;8.90;10;12;3600;0.01
2026.08.20;4;8;16163;9.25;10;12;12;12;82;8.66;9;12;3600;0.01
2026.08.20;4;9;17867;8.49;9;11;11;11;94;8.15;8;11;3600;0.01
2026.08.20;4;10;22792;8.55;9;11;11;11;59;8.24;8;11;3600;0.01
2026.08.20;4;11;22589;8.51;9;11;11;11;76;8.07;8;11;3600;0.01
2026.08.20;4;12;17098;8.48;9;11;11;11;70;8.02;8;11;3600;0.01
2026.08.20;4;13;13823;8.15;8;11;11;11;53;7.72;7;11;3600;0.01
2026.08.20;4;14;25171;8.62;9;10;10;10;62;8.21;9;10;3600;0.01
2026.08.20;4;15;51564;8.22;9;10;10;10;66;7.88;8;10;3600;0.01
2026.08.20;4;16;62929;8.00;8;10;10;10;70;7.90;8;10;3600;0.01
2026.08.20;4;17;56235;8.04;9;10;10;10;53;7.89;8;10;3600;0.01
2026.08.20;4;18;92977;7.72;8;10;10;10;115;7.50;7;10;3600;0.01
2026.08.20;4;19;49548;8.07;8;10;11;11;78;7.77;8;11;3600;0.01
2026.08.20;4;20;28239;8.14;8;11;11;11;44;7.71;8;11;3600;0.01
2026.08.20;4;21;26324;8.54;9;11;11;11;51;8.26;9;11;3600;0.01
2026.08.20;4;22;33803;8.78;10;11;11;11;75;8.47;9;11;3600;0.01
2026.08.20;4;23;10482;13.85;8;11;40;40;104;17.70;9;40;3540;0.01
2026.08.21;5;1;8210;9.03;9;11;12;12;68;8.61;9;12;3599;0.01
2026.08.21;5;2;13461;9.43;10;12;12;12;71;8.88;9;12;3600;0.01
2026.08.21;5;3;25877;9.24;10;12;12;12;99;8.94;9;12;3600;0.01
2026.08.21;5;4;40776;9.42;10;12;12;12;162;8.80;9;12;3600;0.01
2026.08.21;5;5;23099;9.16;10;12;12;12;61;8.62;9;12;3600;0.01
2026.08.21;5;6;14594;8.60;9;12;12;12;50;7.95;7;12;3600;0.01
2026.08.21;5;7;15593;9.23;9;12;12;26;140;8.65;9;12;3600;0.01
2026.08.21;5;8;19680;9.78;11;12;12;25;89;9.16;10;12;3600;0.01
2026.08.21;5;9;26144;8.39;8;10;11;11;77;8.11;8;11;3600;0.01
2026.08.21;5;10;20136;8.51;9;11;11;11;64;8.14;9;11;3600;0.01
2026.08.21;5;11;24730;8.08;8;11;11;11;82;7.67;7;11;3600;0.01
2026.08.21;5;12;24912;8.77;9;11;11;11;96;8.12;8;11;3600;0.01
2026.08.21;5;13;17889;8.19;8;11;11;11;73;7.71;7;11;3600;0.01
2026.08.21;5;14;25865;8.06;9;10;10;10;58;7.68;8;10;3600;0.01
2026.08.21;5;15;35306;8.36;9;10;10;10;84;8.00;9;10;3600;0.01
2026.08.21;5;16;56106;8.39;9;10;10;10;61;8.08;9;10;3600;0.01
2026.08.21;5;17;75789;8.15;9;10;10;10;53;7.82;8;10;3600;0.01
2026.08.21;5;18;61480;7.81;8;10;10;10;106;7.66;8;10;3600;0.01
2026.08.21;5;19;47545;8.01;8;10;11;11;77;7.64;7;11;3600;0.01
2026.08.21;5;20;50050;8.95;10;11;11;11;91;8.46;9;11;3600;0.01
2026.08.21;5;21;25090;7.68;7;10;11;11;70;7.41;7;11;3600;0.01
2026.08.21;5;22;25113;8.57;9;11;11;11;42;8.30;9;11;3600;0.01
2026.08.21;5;23;10082;18.56;11;40;40;40;120;17.14;10;40;3420;0.01
2026.08.24;1;1;16894;9.05;9;10;12;12;94;8.61;9;12;3600;0.01
2026.08.24;1;2;14608;9.79;11;12;12;12;58;9.14;10;12;3600;0.01
2026.08.24;1;3;50468;9.28;10;12;12;12;136;8.72;9;12;3600;0.01
2026.08.24;1;4;57878;9.51;10;12;12;12;82;9.10;9;12;3600;0.01
2026.08.24;1;5;40485;8.95;10;12;12;12;92;8.46;8;12;3600;0.01
2026.08.24;1;6;25393;8.73;9;12;12;12;99;8.36;8;12;3600;0.01
2026.08.24;1;7;22759;8.14;7;12;12;12;108;7.85;7;12;3600;0.01
2026.08.24;1;8;35131;9.37;10;12;12;12;116;9.08;10;12;3600;0.01
2026.08.24;1;9;36782;8.28;9;11;11;11;116;8.04;8;11;3600;0.01
2026.08.24;1;10;33796;8.52;9;11;11;11;94;8.08;8;11;3600;0.01
2026.08.24;1;11;30351;8.23;8;11;11;11;71;7.79;8;11;3600;0.01
2026.08.24;1;12;21649;8.14;8;11;11;11;59;7.73;7;11;3600;0.01
2026.08.24;1;13;21840;8.28;9;11;11;11;89;8.16;9;11;3600;0.01
2026.08.24;1;14;39990;8.06;8;10;10;10;104;7.53;7;10;3600;0.01
2026.08.24;1;15;42700;7.80;8;10;10;10;138;7.46;7;10;3600;0.01
2026.08.24;1;16;84444;8.65;10;10;10;10;123;8.41;9;10;3600;0.01
2026.08.24;1;17;80787;7.74;8;10;10;10;129;7.51;7;10;3600;0.01
2026.08.24;1;18;64021;8.28;10;10;10;10;142;7.94;9;10;3600;0.01
2026.08.24;1;19;39879;8.73;9;10;11;11;82;8.55;8;11;3600;0.01
2026.08.24;1;20;57330;8.86;9;11;11;11;118;8.36;8;11;3600;0.01
2026.08.24;1;21;41722;8.19;8;11;11;11;143;7.81;7;11;3600;0.01
2026.08.24;1;22;38810;8.17;8;11;11;11;114;8.03;8;11;3600;0.01
2026.08.24;1;23;8497;15.50;8;40;40;40;90;17.35;8;40;3540;0.01
2026.08.25;2;1;8045;9.52;9;10;12;12;143;9.13;9;12;3600;0.01
2026.08.25;2;2;14388;9.54;10;12;12;12;200;8.81;9;12;3600;0.01
2026.08.25;2;3;42229;9.45;10;12;12;12;195;8.91;10;12;3600;0.01
2026.08.25;2;4;50873;9.08;9;12;12;12;123;8.68;9;12;3600;0.01
2026.08.25;2;5;53721;9.92;11;12;12;12;138;9.42;10;12;3600;0.01
2026.08.25;2;6;29700;8.37;8;10;12;12;177;8.18;8;12;3600;0.01
2026.08.25;2;7;18977;8.82;9;12;12;12;124;8.42;8;12;3600;0.01
2026.08.25;2;8;28136;9.58;10;12;12;12;184;9.16;10;12;3600;0.01
2026.08.25;2;9;24601;8.29;8;11;11;11;143;7.94;8;11;3600;0.01
2026.08.25;2;10;21798;8.78;9;11;11;11;106;8.34;9;11;3600;0.01
2026.08.25;2;11;34184;8.73;8;11;11;11;150;8.17;8;11;3600;0.01
2026.08.25;2;12;29775;8.82;9;11;11;11;159;8.27;8;11;3600;0.01
2026.08.25;2;13;18979;7.82;8;10;11;11;86;7.55;7;11;3600;0.01
2026.08.25;2;14;19871;7.98;8;10;10;10;63;7.70;8;10;3600;0.01
2026.08.25;2;15;27956;8.16;9;10;10;10;110;7.86;9;10;3600;0.01
2026.08.25;2;16;68167;8.55;10;10;10;10;180;8.38;10;10;3600;0.01
2026.08.25;2;17;59248;7.70;8;10;10;10;125;7.51;7;10;3600;0.01
2026.08.25;2;18;54287;8.17;9;10;10;10;102;7.85;8;10;3600;0.01
2026.08.25;2;19;33324;8.39;8;11;11;11;124;8.01;8;11;3600;0.01
2026.08.25;2;20;28383;8.03;8;11;11;11;116;7.58;7;11;3600;0.01
2026.08.25;2;21;20991;7.80;7;11;11;11;63;7.52;7;11;3600;0.01
2026.08.25;2;22;29643;9.08;10;11;11;11;133;8.70;9;11;3600;0.01
2026.08.25;2;23;13539;13.81;7;11;40;40;116;17.40;8;40;3540;0.01
2026.08.26;3;1;8247;9.24;9;11;12;12;88;8.81;9;12;3599;0.01
2026.08.26;3;2;12371;9.88;11;12;12;12;108;9.08;10;12;3600;0.01
2026.08.26;3;3;26143;9.34;10;12;12;12;127;9.07;9;12;3600;0.01
2026.08.26;3;4;40641;9.39;9;12;12;12;117;8.86;9;12;3600;0.01
2026.08.26;3;5;27064;8.62;8;12;12;12;149;8.20;8;12;3600;0.01
2026.08.26;3;6;19652;8.59;8;12;12;12;80;8.07;7;12;3600;0.01
2026.08.26;3;7;10669;8.92;9;12;12;12;106;8.51;9;12;3600;0.01
2026.08.26;3;8;22060;9.52;10;12;12;12;116;9.12;10;12;3600;0.01
2026.08.26;3;9;25142;8.41;9;11;11;11;185;7.98;8;11;3600;0.01
2026.08.26;3;10;18340;8.40;9;11;11;11;98;8.04;8;11;3600;0.01
2026.08.26;3;11;21940;8.22;8;11;11;11;122;7.68;7;11;3600;0.01
2026.08.26;3;12;18678;8.48;9;11;11;11;159;7.86;8;11;3600;0.01
2026.08.26;3;13;15539;8.71;9;11;11;11;130;8.18;8;11;3600;0.01
2026.08.26;3;14;17731;7.99;9;10;10;10;83;7.73;8;10;3600;0.01
2026.08.26;3;15;42634;8.67;9;10;10;10;271;8.29;9;10;3600;0.01
2026.08.26;3;16;70547;7.92;8;10;10;10;200;7.62;8;10;3600;0.01
2026.08.26;3;17;54800;7.90;8;10;10;10;172;7.68;8;10;3600;0.01
2026.08.26;3;18;52031;7.87;8;10;10;10;200;7.51;7;10;3600;0.01
2026.08.26;3;19;42483;8.42;9;11;11;11;74;8.20;8;11;3600;0.01
2026.08.26;3;20;30162;8.02;8;10;11;11;65;7.72;8;11;3600;0.01
2026.08.26;3;21;25311;8.22;9;11;11;11;78;7.88;8;11;3600;0.01
2026.08.26;3;22;24877;8.28;9;11;11;11;68;8.10;9;11;3600;0.01
2026.08.26;3;23;14124;14.43;10;11;40;40;73;17.69;9;40;3533;0.01
2026.08.27;4;1;14200;9.51;10;12;12;12;280;8.86;9;12;3600;0.01
2026.08.27;4;2;14181;9.21;10;12;12;12;127;8.49;9;12;3600;0.01
2026.08.27;4;3;27085;9.28;10;12;12;12;137;8.90;9;12;3600;0.01
2026.08.27;4;4;38438;9.05;9;12;12;12;148;8.57;8;12;3600;0.01
2026.08.27;4;5;23855;8.95;9;12;12;12;109;8.47;9;12;3600;0.01
2026.08.27;4;6;17666;8.37;8;12;12;12;133;8.07;8;12;3600;0.01
2026.08.27;4;7;13561;9.03;10;12;12;12;95;8.63;9;12;3600;0.01
2026.08.27;4;8;25197;9.67;10;12;12;12;131;9.10;9;12;3600;0.01
2026.08.27;4;9;25324;8.56;9;11;11;11;169;8.21;9;11;3600;0.01
2026.08.27;4;10;21902;8.06;8;11;11;11;112;7.61;7;11;3600;0.01
2026.08.27;4;11;18181;8.06;8;11;11;11;100;7.96;8;11;3600;0.01
2026.08.27;4;12;23740;8.82;9;11;11;11;115;8.22;8;11;3600;0.01
2026.08.27;4;13;21185;8.40;8;10;11;11;264;7.87;8;11;3600;0.01
2026.08.27;4;14;20005;7.99;8;10;10;10;96;7.75;8;10;3600;0.01
2026.08.27;4;15;26111;8.06;9;10;10;10;85;7.87;8;10;3600;0.01
2026.08.27;4;16;67405;8.37;9;10;10;10;108;8.10;9;10;3600;0.01
2026.08.27;4;17;64270;7.52;7;10;10;10;131;7.34;7;10;3600;0.01
2026.08.27;4;18;47882;7.72;8;10;10;10;97;7.56;7;10;3600;0.01
2026.08.27;4;19;34554;8.21;8;11;11;11;66;7.99;8;11;3600;0.01
2026.08.27;4;20;35236;8.28;9;11;11;11;60;7.83;8;11;3600;0.01
2026.08.27;4;21;29338;8.32;9;11;11;11;67;7.96;8;11;3600;0.01
2026.08.27;4;22;30198;8.41;9;11;11;11;79;8.03;8;11;3600;0.01
2026.08.27;4;23;8887;17.09;9;40;40;40;83;17.65;9;40;3540;0.01
2026.08.28;5;1;8088;9.28;9;10;12;12;112;8.70;9;12;3600;0.01
2026.08.28;5;2;8764;8.78;9;12;12;12;91;8.14;8;12;3600;0.01
2026.08.28;5;3;21342;8.93;10;12;12;12;108;8.47;9;12;3600;0.01
2026.08.28;5;4;39865;9.29;10;12;12;12;140;8.79;9;12;3600;0.01
2026.08.28;5;5;21544;9.11;10;12;12;12;122;8.62;9;12;3600;0.01
2026.08.28;5;6;17661;8.81;9;12;12;12;92;8.27;8;12;3600;0.01
2026.08.28;5;7;11132;8.73;9;12;12;12;122;8.32;8;12;3600;0.01
2026.08.28;5;8;22619;9.48;10;12;12;12;200;8.98;9;12;3600;0.01
2026.08.28;5;9;32155;9.10;9;11;11;11;128;8.69;9;11;3600;0.01
2026.08.28;5;10;24794;8.03;8;10;11;11;107;7.80;8;11;3600;0.01
2026.08.28;5;11;19060;7.90;8;10;11;11;86;7.71;7;11;3600;0.01
2026.08.28;5;12;17716;7.96;8;11;11;11;118;7.53;7;11;3600;0.01
2026.08.28;5;13;14595;8.89;9;11;11;11;99;8.41;9;11;3600;0.01
2026.08.28;5;14;21006;7.87;8;10;10;10;165;7.61;8;10;3600;0.01
2026.08.28;5;15;28966;8.27;9;10;10;10;76;8.02;9;10;3600;0.01
2026.08.28;5;16;53144;8.35;10;10;10;10;257;8.12;9;10;3600;0.01
2026.08.28;5;17;169285;8.03;8;10;10;10;500;7.81;8;10;3600;0.01
2026.08.28;5;18;111492;8.43;10;10;10;10;120;8.28;10;10;3600;0.01
2026.08.28;5;19;122481;8.42;9;11;11;11;103;8.11;8;11;3600;0.01
2026.08.28;5;20;73562;8.20;8;11;11;11;101;7.85;8;11;3600;0.01
2026.08.28;5;21;68094;7.89;7;11;11;11;134;7.58;7;11;3600;0.01
2026.08.28;5;22;47545;8.33;9;11;11;11;99;7.91;8;11;3600;0.01
2026.08.28;5;23;12706;14.99;9;11;40;40;154;17.03;9;40;3418;0.01
2026.08.31;1;1;17497;9.08;9;10;12;12;150;8.56;9;11;3599;0.01
2026.08.31;1;2;22751;9.85;11;12;12;12;138;9.36;10;12;3600;0.01
2026.08.31;1;3;32672;8.93;10;12;12;12;101;8.47;9;12;3600;0.01
2026.08.31;1;4;66056;9.40;10;12;12;12;136;8.98;10;12;3600;0.01
2026.08.31;1;5;51204;8.81;9;12;12;12;176;8.37;8;12;3600;0.01
2026.08.31;1;6;22960;8.81;9;11;12;12;145;8.29;8;12;3600;0.01
2026.08.31;1;7;17192;8.86;9;12;12;12;145;8.66;9;12;3600;0.01
2026.08.31;1;8;29229;9.34;10;12;12;12;76;8.97;9;12;3600;0.01
2026.08.31;1;9;28456;8.41;8;11;11;11;115;7.94;8;11;3600;0.01
2026.08.31;1;10;23261;8.17;8;11;11;11;63;7.89;8;11;3600;0.01
2026.08.31;1;11;23953;8.16;8;11;11;11;108;7.76;8;11;3600;0.01
2026.08.31;1;12;17582;8.30;8;11;11;11;83;7.96;8;11;3600;0.01
2026.08.31;1;13;21151;8.24;8;11;11;11;90;7.89;8;11;3600;0.01
2026.08.31;1;14;19365;8.47;9;10;10;10;57;8.20;9;10;3600;0.01
2026.08.31;1;15;34981;7.97;8;10;10;10;92;7.52;7;10;3600;0.01
2026.08.31;1;16;63644;8.41;9;10;10;10;165;8.09;9;10;3600;0.01
2026.08.31;1;17;68141;7.68;8;10;10;10;128;7.51;7;10;3600;0.01
2026.08.31;1;18;51629;7.68;8;10;10;10;114;7.46;7;10;3600;0.01
2026.08.31;1;19;42954;8.25;8;10;11;11;115;7.91;8;11;3600;0.01
2026.08.31;1;20;36366;8.25;8;11;11;11;87;7.86;8;11;3600;0.01
2026.08.31;1;21;28283;7.99;8;10;11;11;104;7.53;7;11;3600;0.01
2026.08.31;1;22;34466;8.73;9;11;11;11;108;8.21;8;11;3600;0.01
2026.08.31;1;23;11564;14.08;8;11;40;40;88;17.76;9;40;3539;0.01
2026.09.01;2;1;8099;9.12;9;10;12;12;107;8.52;9;12;3599;0.01
2026.09.01;2;2;9792;9.77;11;12;12;12;101;8.99;10;12;3600;0.01
2026.09.01;2;3;27057;9.12;9;12;12;12;89;8.75;9;12;3600;0.01
2026.09.01;2;4;38120;9.13;10;12;12;12;105;8.68;9;12;3600;0.01
2026.09.01;2;5;28056;9.37;10;12;12;12;86;8.72;9;12;3600;0.01
2026.09.01;2;6;16894;8.54;8;12;12;12;94;7.84;7;12;3600;0.01
2026.09.01;2;7;14655;9.36;10;12;12;12;121;8.78;9;12;3600;0.01
2026.09.01;2;8;25365;9.37;10;12;12;12;120;8.77;9;12;3600;0.01
2026.09.01;2;9;22632;8.14;8;11;11;11;82;7.86;8;11;3600;0.01
2026.09.01;2;10;33256;8.39;9;11;11;11;136;8.07;8;11;3600;0.01
2026.09.01;2;11;61830;8.51;9;11;11;11;147;8.13;8;11;3600;0.01
2026.09.01;2;12;38256;8.19;8;11;11;11;118;7.89;8;11;3600;0.01
2026.09.01;2;13;27660;8.34;8;11;11;11;86;8.01;8;11;3600;0.01
2026.09.01;2;14;27302;7.91;8;10;10;10;90;7.61;8;10;3600;0.01
2026.09.01;2;15;50639;8.19;9;10;10;10;115;8.01;8;10;3600;0.01
2026.09.01;2;16;88106;8.11;9;10;10;10;143;7.73;8;10;3600;0.01
2026.09.01;2;17;71879;7.55;8;10;10;10;69;7.43;7;10;3600;0.01
2026.09.01;2;18;45973;7.71;8;10;10;10;66;7.45;7;10;3600;0.01
2026.09.01;2;19;55232;8.76;9;11;11;11;92;8.52;9;11;3600;0.01
2026.09.01;2;20;45542;8.11;8;10;11;11;104;7.82;8;11;3600;0.01
2026.09.01;2;21;37815;8.70;9;11;11;11;84;8.47;9;11;3600;0.01
2026.09.01;2;22;37780;8.10;8;10;11;11;108;7.79;8;11;3600;0.01
2026.09.01;2;23;11963;15.22;10;11;40;40;72;17.80;10;40;3540;0.01
2026.09.02;3;1;8751;9.35;10;10;12;12;125;8.92;9;12;3599;0.01
2026.09.02;3;2;11846;9.88;12;12;12;12;90;9.09;11;12;3600;0.01
2026.09.02;3;3;40454;9.36;10;12;12;12;167;8.87;9;12;3600;0.01
2026.09.02;3;4;60352;9.25;10;12;12;12;200;8.71;9;12;3600;0.01
2026.09.02;3;5;34319;8.82;9;12;12;12;90;8.37;8;12;3600;0.01
2026.09.02;3;6;27943;9.13;10;12;12;12;108;8.56;9;12;3600;0.01
2026.09.02;3;7;16110;8.75;9;12;12;12;72;8.21;8;12;3600;0.01
2026.09.02;3;8;27246;9.65;10;12;12;12;83;9.31;10;12;3600;0.01
2026.09.02;3;9;36177;8.13;8;11;11;11;80;7.99;8;11;3600;0.01
2026.09.02;3;10;31560;7.98;8;11;11;11;83;7.82;8;11;3600;0.01
2026.09.02;3;11;31774;8.22;8;11;11;11;91;7.92;8;11;3600;0.01
2026.09.02;3;12;30330;8.20;8;11;11;11;80;8.00;8;11;3600;0.01
2026.09.02;3;13;25181;8.20;8;11;11;11;106;7.95;8;11;3600;0.01
2026.09.02;3;14;36404;7.98;9;10;10;10;97;7.58;8;10;3600;0.01
2026.09.02;3;15;48795;8.29;9;10;10;10;107;8.03;8;10;3600;0.01
2026.09.02;3;16;76540;8.14;9;10;10;10;84;7.77;8;10;3600;0.01
2026.09.02;3;17;78457;7.53;7;10;10;10;114;7.24;7;10;3600;0.01
2026.09.02;3;18;54924;7.55;7;10;10;10;109;7.35;7;10;3600;0.01
2026.09.02;3;19;36777;8.17;8;11;11;11;72;7.87;8;11;3600;0.01
2026.09.02;3;20;33635;8.29;9;11;11;11;84;7.75;7;11;3600;0.01
2026.09.02;3;21;32716;8.17;8;10;11;11;76;7.79;8;11;3600;0.01
2026.09.02;3;22;30437;8.57;9;11;11;11;81;8.28;9;11;3600;0.01
2026.09.02;3;23;13185;13.26;7;11;40;40;99;17.33;7;40;3540;0.01
2026.09.03;4;1;7368;9.07;9;11;12;12;57;8.37;9;12;3600;0.01
2026.09.03;4;2;8994;9.12;9;12;12;12;63;8.54;8;12;3600;0.01
2026.09.03;4;3;19916;9.35;11;12;12;12;60;9.09;10;12;3600;0.01
2026.09.03;4;4;41523;9.16;9;12;12;12;52;8.70;9;12;3600;0.01
2026.09.03;4;5;31352;8.87;9;12;12;12;57;8.41;9;12;3600;0.01
2026.09.03;4;6;22081;9.28;10;12;12;12;57;8.80;9;12;3600;0.01
2026.09.03;4;7;14561;8.91;9;12;12;12;80;8.36;8;12;3600;0.01
2026.09.03;4;8;33901;9.62;11;12;12;12;62;9.49;10;12;3600;0.01
2026.09.03;4;9;33691;8.29;8;11;11;11;113;8.01;8;11;3600;0.01
2026.09.03;4;10;33262;8.36;9;11;11;11;105;8.05;8;11;3600;0.01
2026.09.03;4;11;39300;8.43;9;11;11;11;115;8.05;8;11;3600;0.01
2026.09.03;4;12;26367;8.37;9;11;11;11;121;8.04;8;11;3600;0.01
2026.09.03;4;13;23348;8.17;8;11;11;11;137;7.86;8;11;3600;0.01
2026.09.03;4;14;27888;8.24;9;10;10;10;168;7.91;8;10;3600;0.01
2026.09.03;4;15;58802;8.22;8;10;10;10;500;7.86;8;10;3600;0.01
2026.09.03;4;16;76237;7.97;8;10;10;10;117;7.77;8;10;3600;0.01
2026.09.03;4;17;78237;7.90;8;10;10;10;254;7.79;8;10;3600;0.01
2026.09.03;4;18;64140;7.97;8;10;10;10;158;7.75;8;10;3600;0.01
2026.09.03;4;19;34499;8.46;9;10;11;11;100;8.15;9;11;3600;0.01
2026.09.03;4;20;26736;7.59;6;11;11;11;98;7.15;6;11;3600;0.01
2026.09.03;4;21;27567;8.88;10;11;11;11;140;8.50;10;11;3600;0.01
2026.09.03;4;22;26320;8.50;9;11;11;11;85;8.17;8;11;3600;0.01
2026.09.03;4;23;9769;12.61;5;11;40;40;103;17.20;7;40;3539;0.01
2026.09.04;5;1;9413;9.79;10;12;12;12;125;9.21;9;12;3480;0.01
2026.09.04;5;2;9174;9.17;10;12;12;12;105;8.35;8;12;3600;0.01
2026.09.04;5;3;18873;9.61;11;12;12;12;102;9.15;10;12;3600;0.01
2026.09.04;5;4;35384;9.11;10;12;12;12;102;8.63;9;12;3600;0.01
2026.09.04;5;5;22308;8.94;9;12;12;12;128;8.37;8;12;3600;0.01
2026.09.04;5;6;14690;8.57;9;12;12;12;124;8.03;7;12;3600;0.01
2026.09.04;5;7;11573;9.00;10;12;12;12;91;8.32;8;12;3600;0.01
2026.09.04;5;8;20429;9.24;10;12;12;12;102;8.83;9;12;3600;0.01
2026.09.04;5;9;24971;8.30;8;10;11;11;120;8.11;8;11;3600;0.01
2026.09.04;5;10;23969;8.98;10;11;11;11;75;8.65;9;11;3600;0.01
2026.09.04;5;11;21357;7.34;7;9;10;11;74;7.08;7;10;3600;0.01
2026.09.04;5;12;20760;9.10;10;11;11;11;83;8.62;9;11;3600;0.01
2026.09.04;5;13;16257;7.19;6;9;11;11;62;6.72;6;10;3600;0.01
2026.09.04;5;14;15900;8.01;8;10;10;10;48;7.73;8;10;3600;0.01
2026.09.04;5;15;85290;8.10;8;10;10;10;500;8.35;9;10;3600;0.01
2026.09.04;5;16;99137;7.85;8;10;10;10;165;7.59;7;10;3600;0.01
2026.09.04;5;17;81989;7.45;7;10;10;10;121;7.33;7;10;3600;0.01
2026.09.04;5;18;48677;7.79;8;10;10;10;141;7.48;7;10;3600;0.01
2026.09.04;5;19;34068;7.99;8;10;11;11;127;7.74;8;11;3600;0.01
2026.09.04;5;20;34852;8.22;8;11;11;11;130;7.71;7;11;3600;0.01
2026.09.04;5;21;26055;8.17;8;11;11;11;84;7.64;7;11;3600;0.01
2026.09.04;5;22;23758;8.00;8;11;11;11;94;7.66;7;11;3600;0.01
2026.09.04;5;23;6461;14.44;8;11;40;40;54;16.92;8;40;3419;0.01
2026.09.07;1;1;7080;9.51;9;11;12;12;112;9.16;9;12;3480;0.01
2026.09.07;1;2;10300;9.48;10;12;12;12;76;8.84;9;12;3600;0.01
2026.09.07;1;3;23254;9.32;11;12;12;12;129;8.72;9;12;3600;0.01
2026.09.07;1;4;42944;9.06;9;11;12;12;117;8.57;9;12;3600;0.01
2026.09.07;1;5;23109;8.81;9;12;12;12;65;8.38;8;12;3600;0.01
2026.09.07;1;6;16071;8.54;9;12;12;12;44;8.06;8;12;3600;0.01
2026.09.07;1;7;11345;8.85;9;12;12;12;52;8.25;8;12;3600;0.01
2026.09.07;1;8;21945;9.92;11;12;12;12;62;9.34;10;12;3600;0.01
2026.09.07;1;9;25184;8.28;9;9;11;11;83;7.99;8;10;3600;0.01
2026.09.07;1;10;26502;9.42;11;11;11;11;76;8.88;10;11;3600;0.01
2026.09.07;1;11;27523;8.56;9;11;11;18;122;7.63;7;11;3600;0.01
2026.09.07;1;12;13386;8.37;8;10;11;11;153;7.85;8;11;3600;0.01
2026.09.07;1;13;15333;10.31;11;11;11;32;111;9.51;10;11;3600;0.01
2026.09.07;1;14;17690;8.13;8;10;10;10;148;7.42;7;10;3600;0.01
2026.09.07;1;15;15074;8.05;9;10;10;10;81;7.55;8;10;3600;0.01
2026.09.07;1;16;20292;8.06;9;10;10;10;87;7.55;7;10;3600;0.01
2026.09.07;1;17;20671;8.30;9;10;10;10;67;7.85;8;10;3600;0.01
2026.09.07;1;18;14883;7.20;7;9;10;10;70;7.00;6;10;3600;0.01
2026.09.07;1;19;6674;8.49;9;11;11;11;56;7.83;8;11;3600;0.01
2026.09.07;1;20;3700;8.39;8;11;11;11;89;7.61;7;11;3600;0.01
2026.09.07;1;21;3406;10.03;11;11;11;11;80;9.38;10;11;1800;0.01
2026.09.08;2;1;6109;9.46;9;11;12;12;121;8.94;9;12;3480;0.01
2026.09.08;2;2;16240;10.18;12;12;12;12;200;9.48;11;12;3600;0.01
2026.09.08;2;3;37037;9.52;11;12;12;12;69;9.07;10;12;3600;0.01
2026.09.08;2;4;39868;8.74;9;12;12;12;61;8.32;8;12;3600;0.01
2026.09.08;2;5;26621;8.94;10;12;12;12;69;8.56;9;12;3600;0.01
2026.09.08;2;6;19396;9.07;9;12;12;12;55;8.54;9;12;3600;0.01
2026.09.08;2;7;15000;9.27;10;12;12;12;120;8.76;9;12;3600;0.01
2026.09.08;2;8;27568;9.72;11;12;12;12;69;9.29;10;12;3600;0.01
2026.09.08;2;9;36194;8.25;8;11;11;11;121;7.94;8;11;3600;0.01
2026.09.08;2;10;27187;8.31;8;11;11;11;101;7.95;8;11;3600;0.01
2026.09.08;2;11;33865;8.25;8;11;11;11;81;7.98;8;11;3600;0.01
2026.09.08;2;12;24466;8.19;8;11;11;11;112;7.85;8;11;3600;0.01
2026.09.08;2;13;21483;8.44;8;11;11;11;123;7.90;8;11;3600;0.01
2026.09.08;2;14;22564;7.92;8;10;10;10;117;7.55;8;10;3600;0.01
2026.09.08;2;15;38941;7.87;8;10;10;10;120;7.60;8;10;3600;0.01
2026.09.08;2;16;60583;7.86;8;10;10;10;89;7.65;8;10;3600;0.01
2026.09.08;2;17;54183;7.73;8;10;10;10;113;7.58;8;10;3600;0.01
2026.09.08;2;18;37022;7.88;8;10;10;10;114;7.64;8;10;3600;0.01
2026.09.08;2;19;30643;8.44;8;11;11;11;200;7.71;7;11;3600;0.01
2026.09.08;2;20;23457;7.95;8;10;11;11;112;7.62;7;11;3600;0.01
2026.09.08;2;21;40214;9.19;10;11;11;11;145;8.23;8;11;3600;0.01
2026.09.08;2;22;40953;8.62;8;9;11;11;71;8.51;8;11;3600;0.01
2026.09.08;2;23;12079;15.53;8;21;40;40;133;17.50;8;40;3540;0.01
2026.09.09;3;1;7851;9.36;9;11;12;12;66;8.95;9;12;3480;0.01
2026.09.09;3;2;9961;9.49;11;12;12;12;59;9.00;10;12;3600;0.01
2026.09.09;3;3;25798;9.11;10;12;12;12;52;8.77;10;12;3600;0.01
2026.09.09;3;4;31248;9.05;9;12;12;12;88;8.65;9;12;3600;0.01
2026.09.09;3;5;21295;9.06;10;12;12;12;53;8.63;9;12;3600;0.01
2026.09.09;3;6;15197;8.01;7;11;12;12;74;7.81;7;12;3600;0.01
2026.09.09;3;7;12679;8.94;9;12;12;12;51;8.52;9;12;3600;0.01
2026.09.09;3;8;19786;9.50;10;12;12;12;95;9.04;9;12;3600;0.01
2026.09.09;3;9;20580;8.43;9;10;11;11;65;7.99;8;11;3600;0.01
2026.09.09;3;10;17928;8.92;10;11;11;11;70;8.58;9;11;3600;0.01
2026.09.09;3;11;18574;7.91;8;11;11;11;96;7.63;7;11;3600;0.01
2026.09.09;3;12;16445;8.71;9;11;11;11;69;8.33;9;11;3600;0.01
2026.09.09;3;13;21604;9.16;11;11;11;11;164;8.66;10;11;3600;0.01
2026.09.09;3;14;22965;8.04;8;10;10;10;92;7.55;8;10;3600;0.01
2026.09.09;3;15;26812;7.68;8;10;10;10;61;7.47;7;10;3600;0.01
2026.09.09;3;16;52630;7.97;8;10;10;10;82;7.76;8;10;3600;0.01
2026.09.09;3;17;49525;7.77;8;10;10;10;116;7.59;8;10;3600;0.01
2026.09.09;3;18;93938;7.92;8;10;10;10;150;7.72;8;10;3600;0.01
2026.09.09;3;19;33468;7.96;7;10;11;11;106;7.45;7;11;3600;0.01
2026.09.09;3;20;25110;8.36;9;11;11;11;100;7.46;7;11;3600;0.01
2026.09.09;3;21;20742;9.03;10;11;11;11;106;8.95;10;11;3600;0.01
2026.09.09;3;22;26190;8.71;9;11;11;11;76;8.15;9;11;3600;0.01
2026.09.09;3;23;6141;15.57;10;11;40;40;80;17.73;9;40;3540;0.01
2026.09.10;4;1;8203;9.20;9;12;12;12;129;8.46;9;12;3480;0.01
2026.09.10;4;2;10689;9.26;10;12;12;12;66;8.22;8;12;3600;0.01
2026.09.10;4;3;20280;9.59;11;12;12;12;69;9.30;10;12;3600;0.01
2026.09.10;4;4;42192;9.36;10;12;12;12;132;9.01;9;12;3600;0.01
2026.09.10;4;5;26710;8.80;9;12;12;12;62;8.33;8;12;3600;0.01
2026.09.10;4;6;17587;8.92;9;12;12;12;64;8.49;9;12;3600;0.01
2026.09.10;4;7;10320;9.04;10;12;12;12;36;8.55;9;12;3600;0.01
2026.09.10;4;8;23345;9.67;10;12;12;12;100;9.25;10;12;3600;0.01
2026.09.10;4;9;27662;9.30;9;9;11;11;122;9.11;9;10;3600;0.01
2026.09.10;4;10;22730;8.19;8;10;11;11;87;7.69;7;11;3600;0.01
2026.09.10;4;11;25657;9.12;10;11;11;11;126;8.67;9;11;3600;0.01
2026.09.10;4;12;20396;7.82;8;10;11;11;81;7.32;6;11;3600;0.01
2026.09.10;4;13;33617;9.96;11;11;11;11;86;9.41;11;11;3600;0.01
2026.09.10;4;14;33258;7.82;8;10;10;10;109;7.61;8;10;3600;0.01
2026.09.10;4;15;79384;8.22;9;10;10;10;157;7.98;8;10;3600;0.01
2026.09.10;4;16;90134;7.91;8;10;10;10;93;7.77;8;10;3600;0.01
2026.09.10;4;17;81053;7.87;8;10;10;10;116;7.73;8;10;3600;0.01
2026.09.10;4;18;50171;7.74;8;10;10;10;53;7.59;8;10;3600;0.01
2026.09.10;4;19;43465;8.71;9;10;11;11;75;8.29;9;11;3600;0.01
2026.09.10;4;20;37435;7.84;7;11;11;11;72;7.46;7;11;3600;0.01
2026.09.10;4;21;52331;9.25;11;11;11;11;110;8.81;10;11;3600;0.01
2026.09.10;4;22;49215;7.84;7;10;11;11;137;7.39;7;11;3600;0.01
2026.09.10;4;23;12498;16.15;9;40;40;40;97;18.05;9;40;3540;0.01
2026.09.11;5;1;9066;9.23;9;11;12;12;122;8.63;9;12;3480;0.01
2026.09.11;5;2;11115;9.58;11;12;12;12;93;8.87;10;12;3600;0.01
2026.09.11;5;3;31980;9.17;10;12;12;12;101;8.93;9;12;3600;0.01
2026.09.11;5;4;47476;9.06;10;12;12;12;90;8.66;9;12;3600;0.01
2026.09.11;5;5;32958;8.99;9;12;12;12;50;8.63;9;12;3600;0.01
2026.09.11;5;6;35519;9.08;10;12;12;12;61;8.81;9;12;3600;0.01
2026.09.11;5;7;29628;9.05;10;12;12;12;85;8.76;9;12;3600;0.01
2026.09.11;5;8;36077;9.04;10;12;12;12;61;8.67;9;12;3600;0.01
2026.09.11;5;9;37363;8.51;8;9;10;11;127;8.30;8;10;3600;0.01
2026.09.11;5;10;27012;8.23;8;10;11;11;98;7.96;8;11;3600;0.01
2026.09.11;5;11;32972;8.75;9;11;11;11;126;8.27;8;11;3600;0.01
2026.09.11;5;12;22933;7.98;8;9;11;11;93;7.75;8;10;3600;0.01
2026.09.11;5;13;23862;8.23;8;11;11;11;108;7.82;8;11;3600;0.01
2026.09.11;5;14;24339;8.06;8;10;10;10;97;7.85;8;10;3600;0.01
2026.09.11;5;15;89471;8.31;8;10;10;10;700;8.64;8;10;3600;0.01
2026.09.11;5;16;95963;7.48;7;9;10;10;124;7.20;7;10;3600;0.01
2026.09.11;5;17;77023;7.65;8;10;10;10;118;7.45;7;10;3600;0.01
2026.09.11;5;18;49515;7.50;7;9;10;10;112;7.30;7;10;3600;0.01
2026.09.11;5;19;46626;8.76;9;11;11;11;103;8.30;9;11;3600;0.01
2026.09.11;5;20;33465;7.75;8;10;11;11;89;7.52;7;11;3600;0.01
2026.09.11;5;21;32660;8.50;9;11;11;11;93;8.04;8;11;3600;0.01
2026.09.11;5;22;28584;8.65;9;10;11;11;70;8.49;9;11;3600;0.01
2026.09.11;5;23;9085;14.75;8;11;40;40;109;16.53;8;40;3418;0.01
2026.09.14;1;1;20025;9.63;10;10;12;12;152;9.34;10;12;3480;0.01
2026.09.14;1;2;13587;9.97;11;12;12;12;125;9.24;10;12;3600;0.01
2026.09.14;1;3;32938;9.58;10;12;12;12;108;9.15;10;12;3600;0.01
2026.09.14;1;4;54543;9.24;9;12;12;12;130;8.73;9;12;3600;0.01
2026.09.14;1;5;27170;9.56;11;12;12;12;119;9.03;10;12;3600;0.01
2026.09.14;1;6;20183;8.79;9;12;12;12;105;8.48;9;12;3600;0.01
2026.09.14;1;7;14708;9.06;9;12;12;12;98;8.70;9;12;3600;0.01
2026.09.14;1;8;25699;9.28;10;12;12;12;146;8.69;9;12;3600;0.01
2026.09.14;1;9;26955;8.98;9;9;11;11;91;8.76;9;11;3600;0.01
2026.09.14;1;10;27802;8.91;10;11;11;11;149;8.60;9;11;3600;0.01
2026.09.14;1;11;25728;7.54;7;10;11;11;119;7.24;6;11;3600;0.01
2026.09.14;1;12;38415;8.96;9;11;11;11;120;8.55;9;11;3600;0.01
2026.09.14;1;13;22922;7.64;7;9;9;11;134;7.45;7;9;3600;0.01
2026.09.14;1;14;20228;7.85;8;10;10;10;146;7.60;8;10;3600;0.01
2026.09.14;1;15;47201;8.13;8;10;10;10;151;7.81;8;10;3600;0.01
2026.09.14;1;16;71376;7.88;8;10;10;10;99;7.66;8;10;3600;0.01
2026.09.14;1;17;56866;7.72;8;10;10;10;143;7.59;8;10;3600;0.01
2026.09.14;1;18;55704;8.11;8;10;10;10;119;7.77;8;10;3600;0.01
2026.09.14;1;19;43657;9.28;10;11;11;11;106;8.86;10;11;3600;0.01
2026.09.14;1;20;36228;6.94;7;8;9;11;72;6.92;7;9;3600;0.01
2026.09.14;1;21;27235;8.06;8;11;11;11;85;7.89;8;11;3600;0.01
2026.09.14;1;22;26990;9.46;11;11;11;11;75;9.16;11;11;3600;0.01
2026.09.14;1;23;11932;14.26;9;11;40;40;78;17.75;9;40;3539;0.01
2026.09.15;2;1;11299;10.26;11;12;12;12;98;9.52;10;12;3480;0.01
2026.09.15;2;2;12151;8.74;9;12;12;12;101;8.21;8;12;3600;0.01
2026.09.15;2;3;21199;9.72;11;12;12;12;137;9.23;10;12;3600;0.01
2026.09.15;2;4;36466;9.27;9;12;12;12;102;8.74;9;12;3600;0.01
2026.09.15;2;5;27085;9.30;10;12;12;12;105;8.81;9;12;3600;0.01
2026.09.15;2;6;18395;8.55;9;12;12;12;84;8.30;8;12;3600;0.01
2026.09.15;2;7;15681;9.49;10;12;12;12;72;9.05;10;12;3600;0.01
2026.09.15;2;8;26766;9.13;9;12;12;12;200;8.59;9;12;3600;0.01
2026.09.15;2;9;28649;8.72;9;9;9;11;154;8.50;9;9;3600;0.01
2026.09.15;2;10;34197;9.19;9;11;11;11;121;8.94;9;11;3600;0.01
2026.09.15;2;11;36115;8.32;9;11;11;11;95;7.63;7;11;3600;0.01
2026.09.15;2;12;26846;8.51;9;11;11;11;90;7.94;8;11;3600;0.01
2026.09.15;2;13;22342;8.30;9;10;11;11;98;7.96;8;11;3600;0.01
2026.09.15;2;14;20608;7.83;8;10;10;10;94;7.54;8;10;3600;0.01
2026.09.15;2;15;41375;8.06;8;10;10;10;119;7.77;8;10;3600;0.01
2026.09.15;2;16;58465;7.97;8;10;10;10;107;7.77;8;10;3600;0.01
2026.09.15;2;17;58566;7.83;8;10;10;10;106;7.63;8;10;3600;0.01
2026.09.15;2;18;39417;8.09;8;10;10;10;159;7.76;8;10;3600;0.01
2026.09.15;2;19;26974;8.05;8;10;11;11;80;7.70;8;11;3600;0.01
2026.09.15;2;20;25454;8.64;9;11;11;11;71;8.22;9;11;3600;0.01
2026.09.15;2;21;31924;8.74;10;11;11;11;125;8.33;9;11;3600;0.01
2026.09.15;2;22;27374;7.77;8;10;11;11;82;7.60;7;11;3600;0.01
2026.09.15;2;23;9859;14.76;9;11;40;40;66;17.89;9;40;3539;0.01
2026.09.16;3;1;9095;9.82;10;12;12;12;75;9.09;9;12;3479;0.01
2026.09.16;3;2;11527;9.92;12;12;12;12;92;9.02;10;12;3600;0.01
2026.09.16;3;3;16193;9.33;10;12;12;12;91;8.85;10;12;3600;0.01
2026.09.16;3;4;29287;9.27;10;12;12;12;98;8.78;9;12;3600;0.01
2026.09.16;3;5;35669;10.07;12;12;12;12;118;9.44;11;12;3600;0.01
2026.09.16;3;6;30907;8.93;9;12;12;12;109;8.62;9;12;3600;0.01
2026.09.16;3;7;13672;8.69;9;12;12;12;78;8.32;8;12;3600;0.01
2026.09.16;3;8;22836;8.92;9;12;12;12;70;8.61;9;12;3600;0.01
2026.09.16;3;9;26413;8.09;8;11;11;11;71;7.84;8;11;3600;0.01
2026.09.16;3;10;25383;8.10;8;11;11;11;126;7.79;8;11;3600;0.01
2026.09.16;3;11;28282;8.35;8;11;11;11;110;7.93;8;11;3600;0.01
2026.09.16;3;12;24648;8.27;8;10;11;11;101;7.85;8;11;3600;0.01
2026.09.16;3;13;23010;8.33;8;11;11;11;118;7.91;8;11;3600;0.01
2026.09.16;3;14;25149;7.94;8;10;10;10;128;7.55;8;10;3600;0.01
2026.09.16;3;15;26981;7.94;8;10;10;10;508;7.58;8;10;3600;0.01
2026.09.16;3;16;52161;7.78;8;10;10;10;115;7.57;8;10;3600;0.01
2026.09.16;3;17;49693;7.74;8;10;10;10;191;7.59;8;10;3600;0.01
2026.09.16;3;18;43418;8.01;8;10;10;10;159;7.63;8;10;3600;0.01
2026.09.16;3;19;25160;8.27;9;10;11;11;79;7.99;8;11;3600;0.01
2026.09.16;3;20;25054;9.55;11;11;11;11;154;9.20;11;11;3600;0.01
2026.09.16;3;21;184192;9.60;9;11;11;11;362;9.47;9;11;3600;0.01
2026.09.16;3;22;148759;7.34;6;9;11;11;143;7.00;6;11;3600;0.01
2026.09.16;3;23;22083;12.68;8;11;40;40;97;18.03;8;40;3540;0.01
2026.09.17;4;1;14346;9.11;9;12;12;12;55;8.66;9;12;3480;0.01
2026.09.17;4;2;21165;9.17;10;12;12;12;104;8.57;9;12;3600;0.01
2026.09.17;4;3;35840;9.00;10;12;12;12;47;8.67;9;12;3600;0.01
2026.09.17;4;4;47476;8.99;9;12;12;12;127;8.68;9;12;3600;0.01
2026.09.17;4;5;39776;9.08;10;12;12;12;116;8.74;9;12;3600;0.01
2026.09.17;4;6;24073;8.74;9;12;12;12;61;8.45;9;12;3600;0.01
2026.09.17;4;7;16709;8.86;9;12;12;12;62;8.59;9;12;3600;0.01
2026.09.17;4;8;25007;8.95;9;12;12;12;49;8.56;9;12;3600;0.01
2026.09.17;4;9;31181;8.21;8;10;11;11;78;8.07;8;11;3600;0.01
2026.09.17;4;10;30663;8.68;10;11;11;11;65;8.30;9;11;3600;0.01
2026.09.17;4;11;25864;7.58;8;9;11;11;54;7.42;7;11;3600;0.01
2026.09.17;4;12;21422;8.31;9;11;11;11;39;8.10;8;11;3600;0.01
2026.09.17;4;13;20607;8.46;9;11;11;11;66;8.19;9;11;3600;0.01
2026.09.17;4;14;34266;7.87;8;10;10;10;108;7.56;8;10;3600;0.01
2026.09.17;4;15;64311;7.94;8;10;10;10;123;7.75;8;10;3600;0.01
2026.09.17;4;16;69069;7.71;8;10;10;10;93;7.57;8;10;3600;0.01
2026.09.17;4;17;63066;7.64;8;10;10;10;76;7.53;8;10;3600;0.01
2026.09.17;4;18;51514;7.74;8;10;10;10;96;7.59;8;10;3600;0.01
2026.09.17;4;19;35927;8.80;9;11;11;11;90;8.52;9;11;3600;0.01
2026.09.17;4;20;22438;7.40;7;10;11;11;78;6.88;6;11;3600;0.01
2026.09.17;4;21;24610;8.81;9;11;11;11;85;8.61;9;11;3600;0.01
2026.09.17;4;22;25511;8.91;10;11;11;11;84;8.78;9;11;3600;0.01
2026.09.17;4;23;8023;15.36;8;32;40;40;74;17.41;8;40;3536;0.01
2026.09.18;5;1;10389;9.09;10;12;12;12;58;8.74;9;12;3480;0.01
2026.09.18;5;2;10897;9.21;10;12;12;12;138;8.65;9;12;3600;0.01
2026.09.18;5;3;19581;9.12;9;12;12;12;84;8.60;9;12;3600;0.01
2026.09.18;5;4;28823;9.16;10;12;12;12;125;8.65;9;12;3600;0.01
2026.09.18;5;5;22666;9.25;10;12;12;12;71;8.82;9;12;3600;0.01
2026.09.18;5;6;24634;8.98;9;12;12;12;82;8.61;9;12;3600;0.01
2026.09.18;5;7;17010;8.97;9;12;12;12;77;8.48;8;12;3600;0.01
2026.09.18;5;8;30675;9.19;10;12;12;12;108;8.72;9;12;3600;0.01
2026.09.18;5;9;30492;8.32;8;9;9;11;166;8.12;8;9;3600;0.01
2026.09.18;5;10;23237;8.46;9;10;11;11;109;8.20;8;11;3600;0.01
2026.09.18;5;11;22070;8.22;8;11;11;11;84;7.87;8;11;3600;0.01
2026.09.18;5;12;21990;9.20;10;11;11;11;124;8.75;9;11;3600;0.01
2026.09.18;5;13;19693;7.11;7;8;9;11;75;6.92;7;9;3600;0.01
2026.09.18;5;14;31966;8.01;8;10;10;10;93;7.68;8;10;3600;0.01
2026.09.18;5;15;45359;7.91;8;10;10;10;84;7.65;8;10;3600;0.01
2026.09.18;5;16;54393;7.88;8;10;10;10;103;7.71;8;10;3600;0.01
2026.09.18;5;17;56009;7.71;8;10;10;10;87;7.59;8;10;3600;0.01
2026.09.18;5;18;37904;7.64;8;10;10;10;88;7.52;8;10;3600;0.01
2026.09.18;5;19;40169;9.37;10;11;11;11;107;8.96;9;11;3600;0.01
2026.09.18;5;20;30648;8.38;9;11;11;11;61;8.05;8;11;3600;0.01
2026.09.18;5;21;21702;7.78;7;10;11;11;59;7.54;7;11;3600;0.01
2026.09.18;5;22;24410;9.32;11;11;11;11;99;8.82;10;11;3600;0.01
2026.09.18;5;23;11200;13.83;10;11;40;40;67;17.08;10;40;3420;0.01
2026.09.21;1;1;13183;8.95;9;12;12;12;91;8.47;9;12;3480;0.01
2026.09.21;1;2;12067;9.03;9;12;12;12;125;8.45;8;12;3600;0.01
2026.09.21;1;3;26186;9.13;9;12;12;12;141;8.65;9;12;3600;0.01
2026.09.21;1;4;36156;9.07;10;12;12;12;138;8.69;9;12;3600;0.01
2026.09.21;1;5;26212;9.00;9;12;12;12;97;8.67;9;12;3600;0.01
2026.09.21;1;6;19191;8.68;9;12;12;12;77;8.24;8;12;3600;0.01
2026.09.21;1;7;14543;8.92;9;12;12;12;72;8.48;9;12;3600;0.01
2026.09.21;1;8;23279;9.27;10;12;12;12;110;8.85;9;12;3600;0.01
2026.09.21;1;9;28697;7.89;8;9;10;11;62;7.68;8;10;3600;0.01
2026.09.21;1;10;29135;8.71;10;11;11;11;59;8.17;8;11;3600;0.01
2026.09.21;1;11;23971;7.78;8;10;11;11;56;7.47;7;11;3600;0.01
2026.09.21;1;12;21246;8.44;8;11;11;11;74;7.96;8;11;3600;0.01
2026.09.21;1;13;15813;7.18;7;8;10;11;71;6.91;7;9;3600;0.01
2026.09.21;1;14;21823;7.91;8;10;10;10;110;7.49;8;10;3600;0.01
2026.09.21;1;15;38002;8.06;8;10;10;10;112;7.73;8;10;3600;0.01
2026.09.21;1;16;46508;7.88;8;10;10;10;66;7.66;8;10;3600;0.01
2026.09.21;1;17;64993;7.94;8;10;10;10;117;7.68;8;10;3600;0.01
2026.09.21;1;18;34433;7.76;8;10;10;10;108;7.58;8;10;3600;0.01
2026.09.21;1;19;29290;8.05;8;10;11;11;40;7.51;8;10;3600;0.01
2026.09.21;1;20;27230;9.55;10;11;11;11;42;9.27;10;11;3600;0.01
2026.09.21;1;21;21239;6.91;6;9;10;11;33;6.73;5;10;3600;0.01
2026.09.21;1;22;21544;9.77;11;11;11;11;38;9.72;11;11;3600;0.01
2026.09.21;1;23;7232;14.14;7;11;40;40;72;17.35;8;40;3536;0.01
2026.09.22;2;1;8738;9.91;10;12;12;12;179;9.10;9;12;3479;0.01
2026.09.22;2;2;17616;10.14;12;12;12;12;90;9.40;11;12;3600;0.01
2026.09.22;2;3;27203;9.41;10;12;12;12;114;8.75;9;12;3600;0.01
2026.09.22;2;4;43430;9.60;10;12;12;12;144;9.17;10;12;3600;0.01
2026.09.22;2;5;26413;8.82;9;12;12;12;128;8.28;8;12;3600;0.01
2026.09.22;2;6;18743;8.56;9;12;12;12;137;8.16;8;12;3600;0.01
2026.09.22;2;7;14605;9.32;10;12;12;12;89;8.54;9;12;3600;0.01
2026.09.22;2;8;37503;9.49;10;12;12;12;197;8.97;9;12;3600;0.01
2026.09.22;2;9;33281;7.88;8;9;10;11;84;7.63;8;10;3600;0.01
2026.09.22;2;10;33660;8.97;11;11;11;11;106;8.60;10;11;3600;0.01
2026.09.22;2;11;55390;10.00;11;11;11;11;130;9.59;10;11;3600;0.01
2026.09.22;2;12;48218;8.30;8;11;11;11;87;7.52;7;11;3600;0.01
2026.09.22;2;13;30038;7.25;7;8;9;11;125;6.94;7;9;3600;0.01
2026.09.22;2;14;35535;7.96;8;10;10;10;70;7.65;8;10;3600;0.01
2026.09.22;2;15;41931;7.93;8;10;10;10;150;7.68;8;10;3600;0.01
2026.09.22;2;16;66679;7.85;8;10;10;10;113;7.69;8;10;3600;0.01
2026.09.22;2;17;58653;7.88;8;10;10;10;101;7.70;8;10;3600;0.01
2026.09.22;2;18;42917;7.95;8;10;10;10;112;7.75;8;10;3600;0.01
2026.09.22;2;19;29191;9.08;10;11;11;11;105;8.50;9;11;3600;0.01
2026.09.22;2;20;31690;8.52;9;11;11;11;113;7.45;7;11;3600;0.01
2026.09.22;2;21;40959;8.30;8;11;11;11;105;7.58;7;11;3600;0.01
2026.09.22;2;22;34704;9.20;10;11;11;11;96;8.58;9;11;3600;0.01
2026.09.22;2;23;9247;12.83;5;9;40;40;46;16.89;7;40;3540;0.01
2026.09.23;3;1;8179;9.26;9;11;12;12;113;8.70;9;12;3480;0.01
2026.09.23;3;2;9753;9.62;11;12;12;12;75;8.69;9;12;3600;0.01
2026.09.23;3;3;22462;8.94;9;12;12;12;83;8.55;9;12;3600;0.01
2026.09.23;3;4;28853;9.35;10;12;12;12;74;8.96;9;12;3600;0.01
2026.09.23;3;5;20395;8.47;8;12;12;12;91;8.20;8;12;3600;0.01
2026.09.23;3;6;14213;8.91;10;12;12;12;65;8.65;9;12;3600;0.01
2026.09.23;3;7;10280;8.98;9;12;12;12;78;8.70;9;12;3600;0.01
2026.09.23;3;8;15454;9.47;10;12;12;12;86;8.87;9;12;3600;0.01
2026.09.23;3;9;21480;8.11;8;9;10;11;55;8.00;8;9;3600;0.01
2026.09.23;3;10;23761;9.01;11;11;11;11;74;8.54;9;11;3600;0.01
2026.09.23;3;11;22178;7.42;7;10;11;11;76;7.17;6;11;3600;0.01
2026.09.23;3;12;17233;8.73;10;11;11;11;83;8.24;9;11;3600;0.01
2026.09.23;3;13;16926;7.57;7;11;11;11;56;7.49;7;11;3600;0.01
2026.09.23;3;14;27954;7.97;8;10;10;10;104;7.69;8;10;3600;0.01
2026.09.23;3;15;28272;7.80;8;10;10;10;78;7.63;8;10;3600;0.01
2026.09.23;3;16;67608;7.97;8;10;10;10;128;7.78;8;10;3600;0.01
2026.09.23;3;17;70184;7.86;8;10;10;10;104;7.68;8;10;3600;0.01
2026.09.23;3;18;43610;7.81;8;10;10;10;66;7.67;8;10;3600;0.01
2026.09.23;3;19;30546;9.67;10;11;11;11;103;9.36;9;11;3600;0.01
2026.09.23;3;20;45915;9.12;9;11;11;11;115;8.40;8;11;3600;0.01
2026.09.23;3;21;25219;7.90;8;9;10;11;76;7.64;8;10;3600;0.01
2026.09.23;3;22;26805;9.20;10;11;11;11;85;8.79;10;11;3600;0.01
2026.09.23;3;23;8149;15.08;11;11;40;40;64;17.72;11;40;3540;0.01
2026.09.24;4;1;9738;9.95;11;12;12;12;99;8.71;9;12;3480;0.01
2026.09.24;4;2;9283;9.53;10;12;12;12;86;8.68;9;12;3600;0.01
2026.09.24;4;3;24452;9.54;11;12;12;12;118;9.18;10;12;3600;0.01
2026.09.24;4;4;36673;9.46;10;12;12;12;102;9.11;10;12;3600;0.01
2026.09.24;4;5;27803;8.57;8;12;12;12;70;8.33;8;12;3600;0.01
2026.09.24;4;6;17993;8.28;8;12;12;12;64;8.15;7;12;3600;0.01
2026.09.24;4;7;14267;8.36;8;12;12;12;76;8.02;7;12;3600;0.01
2026.09.24;4;8;22862;9.64;10;12;12;12;80;9.29;10;12;3600;0.01
2026.09.24;4;9;32220;7.53;7;9;11;11;62;7.25;7;11;3600;0.01
2026.09.24;4;10;30708;8.85;10;11;11;11;42;8.54;9;11;3600;0.01
2026.09.24;4;11;44746;9.51;10;11;11;11;51;8.98;10;11;3600;0.01
2026.09.24;4;12;29963;7.43;7;9;11;11;47;7.39;7;11;3600;0.01
2026.09.24;4;13;34529;8.94;10;11;11;11;62;8.41;9;11;3600;0.01
2026.09.24;4;14;28991;7.94;8;10;10;10;74;7.72;8;10;3600;0.01
2026.09.24;4;15;42495;8.00;8;10;10;10;89;7.80;8;10;3600;0.01
2026.09.24;4;16;53922;7.81;8;10;10;10;81;7.67;8;10;3600;0.01
2026.09.24;4;17;60032;7.91;8;10;10;10;82;7.79;8;10;3600;0.01
2026.09.24;4;18;47274;7.82;8;10;10;10;64;7.70;8;10;3600;0.01
2026.09.24;4;19;76324;9.11;9;11;11;11;104;8.45;8;11;3600;0.01
2026.09.24;4;20;52007;8.07;8;9;11;11;52;7.74;8;10;3600;0.01
2026.09.24;4;21;49077;8.86;10;11;11;11;139;8.15;9;11;3600;0.01
2026.09.24;4;22;29987;7.79;8;9;11;11;63;7.57;8;10;3600;0.01
2026.09.24;4;23;12656;16.99;10;40;40;40;82;18.39;10;40;3540;0.01
2026.09.25;5;1;10781;9.59;10;12;12;12;94;9.02;9;12;3480;0.01
2026.09.25;5;2;12650;9.35;10;12;12;12;68;8.80;9;12;3600;0.01
2026.09.25;5;3;23384;9.53;11;12;12;12;48;9.29;11;12;3600;0.01
2026.09.25;5;4;27340;8.75;9;12;12;12;93;8.45;8;12;3600;0.01
2026.09.25;5;5;22195;9.25;10;12;12;12;90;8.96;10;12;3600;0.01
2026.09.25;5;6;20412;8.72;9;12;12;12;74;8.48;9;12;3600;0.01
2026.09.25;5;7;17323;9.23;10;12;12;12;110;8.84;9;12;3600;0.01
2026.09.25;5;8;25521;9.30;10;12;12;12;90;8.83;9;12;3600;0.01
2026.09.25;5;9;28386;8.25;8;10;11;11;104;7.98;8;11;3600;0.01
2026.09.25;5;10;35048;8.37;9;11;11;11;70;8.11;8;11;3600;0.01
2026.09.25;5;11;30935;8.04;8;11;11;11;50;7.81;8;11;3600;0.01
2026.09.25;5;12;32507;8.12;8;11;11;11;51;7.77;8;11;3600;0.01
2026.09.25;5;13;25629;8.01;8;10;11;11;65;7.67;7;11;3600;0.01
2026.09.25;5;14;29817;8.16;8;9;10;10;94;7.95;8;10;3600;0.01
2026.09.25;5;15;46666;8.87;10;10;10;10;77;8.58;10;10;3600;0.01
2026.09.25;5;16;62122;7.88;8;10;10;10;68;7.49;8;10;3600;0.01
2026.09.25;5;17;71299;8.06;10;10;10;10;90;7.62;8;10;3600;0.01
2026.09.25;5;18;56002;7.36;6;10;10;10;126;6.86;5;10;3600;0.01
2026.09.25;5;19;70501;7.59;7;10;11;11;107;6.86;6;10;3600;0.01
2026.09.25;5;20;34672;8.33;9;10;11;11;62;7.78;8;11;3600;0.01
2026.09.25;5;21;26979;8.07;8;10;11;11;46;7.51;7;11;3600;0.01
2026.09.25;5;22;27483;7.68;7;11;11;11;11;7.46;6;11;3600;0.01
2026.09.25;5;23;8174;14.56;8;10;40;40;41;16.75;8;40;3418;0.01
2026.09.28;1;1;17575;8.92;9;11;12;12;113;8.49;8;12;3480;0.01
2026.09.28;1;2;16882;9.39;10;12;12;12;96;9.08;10;12;3600;0.01
2026.09.28;1;3;43847;9.48;9;11;12;12;200;9.08;9;12;3600;0.01
2026.09.28;1;4;61377;9.04;10;11;12;12;93;8.58;9;12;3600;0.01
2026.09.28;1;5;37767;9.49;10;12;12;12;162;9.02;10;12;3600;0.01
2026.09.28;1;6;26960;7.97;7;11;12;12;80;7.67;7;12;3600;0.01
2026.09.28;1;7;16390;8.39;8;12;12;12;76;8.13;8;12;3600;0.01
2026.09.28;1;8;33053;9.84;11;12;12;12;85;9.60;10;12;3600;0.01
2026.09.28;1;9;39071;8.50;9;10;11;11;66;8.27;9;11;3600;0.01
2026.09.28;1;10;42885;9.15;10;11;11;11;77;8.78;10;11;3600;0.01
2026.09.28;1;11;42496;8.47;9;11;11;11;84;8.09;8;11;3600;0.01
2026.09.28;1;12;33301;7.46;7;9;11;11;107;7.22;7;11;3600;0.01
2026.09.28;1;13;26114;8.09;8;10;11;11;75;7.84;8;11;3600;0.01
2026.09.28;1;14;30432;8.17;8;9;10;10;112;7.85;8;10;3600;0.01
2026.09.28;1;15;50880;8.20;9;10;10;10;125;7.85;8;10;3600;0.01
2026.09.28;1;16;77180;8.49;9;10;10;10;91;8.02;9;10;3600;0.01
2026.09.28;1;17;69822;8.10;9;10;10;10;127;7.89;8;10;3600;0.01
2026.09.28;1;18;54082;7.04;7;9;10;10;69;6.85;6;10;3600;0.01
2026.09.28;1;19;66883;9.18;10;11;11;11;110;8.27;9;11;3600;0.01
2026.09.28;1;20;57494;8.05;7;11;11;11;104;6.96;6;11;3600;0.01
2026.09.28;1;21;32066;8.80;9;11;11;11;60;8.63;8;11;3600;0.01
2026.09.28;1;22;33954;8.21;8;11;11;11;64;8.15;8;11;3600;0.01
2026.09.28;1;23;10094;15.49;9;40;40;40;73;17.38;8;40;3540;0.01
2026.09.29;2;1;7244;9.68;10;10;12;12;62;9.33;9;11;3480;0.01
2026.09.29;2;2;9406;9.57;10;12;12;12;120;9.07;10;12;3600;0.01
2026.09.29;2;3;37459;9.98;11;12;12;12;91;9.63;11;12;3600;0.01
2026.09.29;2;4;51721;8.98;9;12;12;12;100;8.46;9;12;3600;0.01
2026.09.29;2;5;29830;9.34;10;12;12;12;104;9.13;10;12;3600;0.01
2026.09.29;2;6;20433;8.85;10;12;12;12;71;8.58;9;12;3600;0.01
2026.09.29;2;7;15982;8.34;8;11;12;12;49;8.03;8;12;3600;0.01
2026.09.29;2;8;31407;9.71;11;12;12;12;58;9.51;10;12;3600;0.01
2026.09.29;2;9;28145;7.60;7;9;11;11;49;7.36;7;11;3600;0.01
2026.09.29;2;10;29435;8.54;9;11;11;11;117;8.17;8;11;3600;0.01
2026.09.29;2;11;24776;8.07;8;10;11;11;44;7.87;8;11;3600;0.01
2026.09.29;2;12;24193;8.43;9;11;11;11;68;8.05;8;11;3600;0.01
2026.09.29;2;13;21143;7.73;8;10;11;11;50;7.45;7;11;3600;0.01
2026.09.29;2;14;27203;8.35;9;10;10;10;62;7.93;8;10;3600;0.01
2026.09.29;2;15;32878;7.65;8;10;10;10;70;7.44;8;10;3600;0.01
2026.09.29;2;16;52389;8.37;10;10;10;10;69;8.03;9;10;3600;0.01
2026.09.29;2;17;51864;7.54;8;10;10;10;191;7.14;7;10;3600;0.01
2026.09.29;2;18;44593;7.80;8;10;10;10;60;7.40;7;10;3600;0.01
2026.09.29;2;19;30753;9.17;9;10;11;11;90;8.94;9;11;3600;0.01
2026.09.29;2;20;25620;8.16;8;11;11;11;46;7.98;8;11;3600;0.01
2026.09.29;2;21;51429;9.33;10;11;11;11;100;8.51;9;11;3600;0.01
2026.09.29;2;22;26194;7.66;8;9;11;11;55;7.42;8;10;3600;0.01
2026.09.29;2;23;10741;14.68;10;11;40;40;73;18.09;11;40;3540;0.01
2026.09.30;3;1;8551;8.55;9;12;12;12;51;8.11;8;12;3480;0.01
2026.09.30;3;2;8429;9.67;11;12;12;12;57;8.94;10;12;3600;0.01
2026.09.30;3;3;21386;8.87;9;12;12;12;92;8.66;9;12;3600;0.01
2026.09.30;3;4;31666;8.79;9;12;12;12;80;8.31;8;12;3600;0.01
2026.09.30;3;5;23974;9.28;10;12;12;12;78;8.95;9;12;3600;0.01
2026.09.30;3;6;18673;7.93;7;12;12;12;56;7.74;6;12;3600;0.01
2026.09.30;3;7;14871;8.78;9;12;12;12;45;8.35;8;12;3600;0.01
2026.09.30;3;8;24366;9.34;10;12;12;12;101;9.02;9;12;3600;0.01
2026.09.30;3;9;32209;8.98;9;9;11;11;89;8.86;9;11;3600;0.01
2026.09.30;3;10;29534;8.08;8;10;11;11;41;7.51;7;11;3600;0.01
2026.09.30;3;11;28531;7.91;8;11;11;11;51;7.57;7;11;3600;0.01
2026.09.30;3;12;22397;7.65;7;10;11;11;71;7.10;6;11;3600;0.01
2026.09.30;3;13;22843;8.71;9;11;11;11;53;8.48;9;11;3600;0.01
2026.09.30;3;14;26133;7.94;8;10;10;10;55;7.77;8;10;3600;0.01
2026.09.30;3;15;66850;8.66;9;10;10;10;349;8.55;9;10;3600;0.01
2026.09.30;3;16;70321;7.91;8;10;10;10;105;7.63;7;10;3600;0.01
2026.09.30;3;17;75898;7.59;8;10;10;10;60;7.38;7;10;3600;0.01
2026.09.30;3;18;56061;7.08;6;10;10;10;87;6.77;5;10;3600;0.01
2026.09.30;3;19;32036;8.36;9;10;11;11;71;8.03;8;11;3600;0.01
2026.09.30;3;20;28317;9.21;10;11;11;11;59;8.96;10;11;3600;0.01
2026.09.30;3;21;22342;7.30;6;10;11;11;103;6.93;5;11;3600;0.01
2026.09.30;3;22;29772;9.49;11;11;11;11;56;8.82;11;11;3600;0.01
2026.09.30;3;23;13727;13.18;10;11;40;40;64;17.32;8;40;3540;0.01
2026.10.01;4;1;7996;9.10;9;11;12;12;100;8.44;9;12;3480;0.01
2026.10.01;4;2;5406;8.92;10;12;12;12;42;8.33;8;12;3600;0.01
2026.10.01;4;3;25694;10.29;11;12;12;12;112;10.02;11;12;3600;0.01
2026.10.01;4;4;24472;8.85;10;12;12;12;77;8.28;8;12;3600;0.01
2026.10.01;4;5;21621;9.26;10;12;12;12;42;8.98;10;12;3600;0.01
2026.10.01;4;6;18040;9.02;10;12;12;12;71;8.66;9;12;3600;0.01
2026.10.01;4;7;14438;8.32;8;12;12;12;39;8.02;7;12;3600;0.01
2026.10.01;4;8;17732;9.04;10;12;12;12;73;8.64;9;12;3600;0.01
2026.10.01;4;9;21089;9.01;9;10;11;11;52;8.64;9;11;3600;0.01
2026.10.01;4;10;43482;9.75;11;11;11;11;64;9.60;10;11;3600;0.01
2026.10.01;4;11;44958;8.32;8;10;11;11;67;8.26;8;11;3600;0.01
2026.10.01;4;12;26085;6.90;6;9;11;11;44;6.69;6;11;3600;0.01
2026.10.01;4;13;32258;9.29;11;11;11;11;113;8.83;10;11;3600;0.01
2026.10.01;4;14;30321;7.85;8;10;10;10;78;7.64;8;10;3600;0.01
2026.10.01;4;15;37568;7.81;8;10;10;10;64;7.55;7;10;3600;0.01
2026.10.01;4;16;53048;8.43;9;10;10;10;58;8.02;8;10;3600;0.01
2026.10.01;4;17;87799;7.97;9;10;10;10;104;7.81;8;10;3600;0.01
2026.10.01;4;18;77735;7.82;8;10;10;10;83;7.66;8;10;3600;0.01
2026.10.01;4;19;53428;7.88;8;9;10;11;63;7.66;7;10;3600;0.01
2026.10.01;4;20;58921;9.41;11;11;11;11;89;8.92;10;11;3600;0.01
2026.10.01;4;21;44393;7.53;7;11;11;11;70;6.78;5;11;3600;0.01
2026.10.01;4;22;31040;8.94;9;10;11;11;47;8.82;9;11;3600;0.01
2026.10.01;4;23;10241;12.19;7;11;40;40;69;17.21;7;40;3540;0.01
2026.10.02;5;1;7685;8.87;9;10;12;12;143;8.55;8;11;3480;0.01
2026.10.02;5;2;10074;9.60;11;12;12;12;57;9.35;10;12;3600;0.01
2026.10.02;5;3;28477;9.76;11;12;12;12;112;9.47;10;12;3600;0.01
2026.10.02;5;4;35148;9.33;10;12;12;12;143;9.03;9;12;3600;0.01
2026.10.02;5;5;26060;8.42;8;12;12;12;64;8.18;8;12;3600;0.01
2026.10.02;5;6;22690;8.97;10;12;12;12;99;8.38;8;12;3600;0.01
2026.10.02;5;7;20407;8.54;8;12;12;12;101;7.93;7;12;3600;0.01
2026.10.02;5;8;21583;9.43;10;12;12;12;99;8.92;9;12;3600;0.01
2026.10.02;5;9;38958;8.20;8;9;11;11;86;7.98;8;11;3600;0.01
2026.10.02;5;10;37455;8.59;9;11;11;11;62;8.18;8;11;3600;0.01
2026.10.02;5;11;40462;8.19;8;10;11;11;64;7.83;8;11;3600;0.01
2026.10.02;5;12;32619;8.20;8;11;11;11;113;7.65;7;11;3600;0.01
2026.10.02;5;13;33656;8.06;8;11;11;11;73;7.68;7;11;3600;0.01
2026.10.02;5;14;33586;8.20;9;10;10;10;66;7.99;9;10;3600;0.01
2026.10.02;5;15;84083;7.87;8;9;10;10;700;7.90;8;10;3600;0.01
2026.10.02;5;16;98896;8.38;9;10;10;10;73;8.17;9;10;3600;0.01
2026.10.02;5;17;93382;7.29;7;9;10;10;106;7.23;7;10;3600;0.01
2026.10.02;5;18;80698;7.64;8;10;10;10;121;7.54;7;10;3600;0.01
2026.10.02;5;19;51642;7.91;8;10;11;11;62;7.50;7;11;3600;0.01
2026.10.02;5;20;34691;8.68;9;11;11;11;65;8.30;9;11;3600;0.01
2026.10.02;5;21;29326;7.44;6;10;11;11;39;7.06;5;11;3600;0.01
2026.10.02;5;22;34190;8.68;9;11;11;11;35;8.55;9;11;3600;0.01
2026.10.02;5;23;11120;15.02;11;11;40;40;129;16.91;9;40;3419;0.01
2026.10.05;1;1;9515;8.91;9;9;10;12;116;8.85;9;10;3480;0.01
2026.10.05;1;2;8896;9.21;10;12;12;12;76;8.60;9;12;3600;0.01
2026.10.05;1;3;19972;9.51;10;12;12;12;69;8.98;9;12;3600;0.01
2026.10.05;1;4;19683;8.74;9;12;12;12;56;8.36;8;12;3600;0.01
2026.10.05;1;5;22743;9.71;11;12;12;12;79;9.12;10;12;3600;0.01
2026.10.05;1;6;19221;8.33;8;11;12;12;50;7.94;8;12;3600;0.01
2026.10.05;1;7;18457;9.18;10;12;12;12;77;8.71;9;12;3600;0.01
2026.10.05;1;8;18321;9.50;11;12;12;12;60;9.13;10;12;3600;0.01
2026.10.05;1;9;28525;7.99;8;10;11;11;67;7.72;8;11;3600;0.01
2026.10.05;1;10;30091;8.08;8;11;11;11;58;7.77;8;11;3600;0.01
2026.10.05;1;11;32286;7.99;8;11;11;11;55;7.43;7;11;3600;0.01
2026.10.05;1;12;19336;8.02;8;10;11;11;53;7.86;8;11;3600;0.01
2026.10.05;1;13;18912;8.22;8;11;11;11;107;7.84;8;11;3600;0.01
2026.10.05;1;14;22679;7.96;8;10;10;10;49;7.59;8;10;3600;0.01
2026.10.05;1;15;26731;8.21;9;10;10;10;111;7.97;9;10;3600;0.01
2026.10.05;1;16;38463;8.44;10;10;10;10;71;8.12;9;10;3600;0.01
2026.10.05;1;17;42832;7.58;8;10;10;10;97;7.27;7;10;3600;0.01
2026.10.05;1;18;31297;7.76;8;10;10;10;83;7.42;7;10;3600;0.01
2026.10.05;1;19;19906;8.72;9;11;11;11;44;8.29;9;11;3600;0.01
2026.10.05;1;20;18397;8.13;9;11;11;11;36;7.63;6;11;3600;0.01
2026.10.05;1;21;18883;7.94;8;11;11;11;41;7.45;7;11;3600;0.01
2026.10.05;1;22;17763;8.00;8;11;11;11;46;7.76;7;11;3600;0.01
2026.10.05;1;23;6252;15.76;11;30;40;40;83;17.45;9;40;3539;0.01
